experiment,reference,mask_kind,rate,n,method,seed,n_targets,nrmse,status
block,NINO34,block,0.1,410,fprm,0,3,0.7072647817946575,ok
block,NINO34,block,0.1,410,fprm,1,3,0.9003211711568934,ok
block,NINO34,block,0.1,410,fprm,2,3,0.7456189374173695,ok
block,NINO34,block,0.1,410,fprm,3,3,0.48341603662098326,ok
block,NINO34,block,0.1,410,fprm,4,3,0.7880182648962647,ok
block,NINO34,block,0.1,410,fprm,5,3,0.5953678005401807,ok
block,NINO34,block,0.1,410,fprm,6,3,0.48480045248783005,ok
block,NINO34,block,0.1,410,fprm,7,3,1.0365903618377506,ok
block,NINO34,block,0.1,410,fprm,8,3,0.5447569935943094,ok
block,NINO34,block,0.1,410,fprm,9,3,0.7803624437173392,ok
block,NINO34,block,0.1,410,fprm,10,3,0.6517798796854583,ok
block,NINO34,block,0.1,410,fprm,11,3,0.9259834428524142,ok
block,NINO34,block,0.1,410,fprm,12,3,0.7187092169832668,ok
block,NINO34,block,0.1,410,fprm,13,3,0.6344619391624744,ok
block,NINO34,block,0.1,410,fprm,14,3,0.7190216942249551,ok
block,NINO34,block,0.1,410,fprm,15,3,0.8243842461359296,ok
block,NINO34,block,0.1,410,fprm,16,3,0.6549408313642036,ok
block,NINO34,block,0.1,410,fprm,17,3,0.6214310873635411,ok
block,NINO34,block,0.1,410,fprm,18,3,0.6479896438592527,ok
block,NINO34,block,0.1,410,fprm,19,3,0.7101819860779126,ok
block,NINO34,block,0.1,410,fprm_tau1,0,3,0.7281100596818693,ok
block,NINO34,block,0.1,410,fprm_tau1,1,3,0.8345071441115586,ok
block,NINO34,block,0.1,410,fprm_tau1,2,3,0.7053010271129535,ok
block,NINO34,block,0.1,410,fprm_tau1,3,3,0.5069501810615541,ok
block,NINO34,block,0.1,410,fprm_tau1,4,3,0.7856611959581655,ok
block,NINO34,block,0.1,410,fprm_tau1,5,3,0.5273215005159186,ok
block,NINO34,block,0.1,410,fprm_tau1,6,3,0.5239204844887996,ok
block,NINO34,block,0.1,410,fprm_tau1,7,3,0.9469807633771462,ok
block,NINO34,block,0.1,410,fprm_tau1,8,3,0.5292453076610181,ok
block,NINO34,block,0.1,410,fprm_tau1,9,3,0.7541096245208913,ok
block,NINO34,block,0.1,410,fprm_tau1,10,3,0.5419162386148804,ok
block,NINO34,block,0.1,410,fprm_tau1,11,3,0.8360390362624894,ok
block,NINO34,block,0.1,410,fprm_tau1,12,3,0.6632719558922592,ok
block,NINO34,block,0.1,410,fprm_tau1,13,3,0.6206275317834459,ok
block,NINO34,block,0.1,410,fprm_tau1,14,3,0.6531230221962098,ok
block,NINO34,block,0.1,410,fprm_tau1,15,3,0.7793893926840546,ok
block,NINO34,block,0.1,410,fprm_tau1,16,3,0.670687502911201,ok
block,NINO34,block,0.1,410,fprm_tau1,17,3,0.6115055585778084,ok
block,NINO34,block,0.1,410,fprm_tau1,18,3,0.6187029551786695,ok
block,NINO34,block,0.1,410,fprm_tau1,19,3,0.6153242470657312,ok
block,NINO34,block,0.1,410,fprm_tau6,0,3,0.7221686007336539,ok
block,NINO34,block,0.1,410,fprm_tau6,1,3,0.9643634093306659,ok
block,NINO34,block,0.1,410,fprm_tau6,2,3,0.7427029713138024,ok
block,NINO34,block,0.1,410,fprm_tau6,3,3,0.5218631760131752,ok
block,NINO34,block,0.1,410,fprm_tau6,4,3,0.7556490170729869,ok
block,NINO34,block,0.1,410,fprm_tau6,5,3,0.5236174772005243,ok
block,NINO34,block,0.1,410,fprm_tau6,6,3,0.5498235183710188,ok
block,NINO34,block,0.1,410,fprm_tau6,7,3,0.9913382567387621,ok
block,NINO34,block,0.1,410,fprm_tau6,8,3,0.5986028663408166,ok
block,NINO34,block,0.1,410,fprm_tau6,9,3,0.698769127464732,ok
block,NINO34,block,0.1,410,fprm_tau6,10,3,0.6785889665828169,ok
block,NINO34,block,0.1,410,fprm_tau6,11,3,0.9115728296858187,ok
block,NINO34,block,0.1,410,fprm_tau6,12,3,0.8401266687608135,ok
block,NINO34,block,0.1,410,fprm_tau6,13,3,0.6901340677404696,ok
block,NINO34,block,0.1,410,fprm_tau6,14,3,0.736575349429211,ok
block,NINO34,block,0.1,410,fprm_tau6,15,3,0.8692462028409516,ok
block,NINO34,block,0.1,410,fprm_tau6,16,3,0.6210803307569268,ok
block,NINO34,block,0.1,410,fprm_tau6,17,3,0.7005265244676274,ok
block,NINO34,block,0.1,410,fprm_tau6,18,3,0.6976309572576467,ok
block,NINO34,block,0.1,410,fprm_tau6,19,3,0.7959792199057082,ok
block,NINO34,block,0.1,410,gpr_raw,0,3,0.701067573394902,ok
block,NINO34,block,0.1,410,gpr_raw,1,3,0.8282303212386366,ok
block,NINO34,block,0.1,410,gpr_raw,2,3,0.690492512669658,ok
block,NINO34,block,0.1,410,gpr_raw,3,3,0.5229275324694207,ok
block,NINO34,block,0.1,410,gpr_raw,4,3,0.7033279733061019,ok
block,NINO34,block,0.1,410,gpr_raw,5,3,0.5010468142898264,ok
block,NINO34,block,0.1,410,gpr_raw,6,3,0.5283773498498419,ok
block,NINO34,block,0.1,410,gpr_raw,7,3,0.8914816327536587,ok
block,NINO34,block,0.1,410,gpr_raw,8,3,0.5210892696235802,ok
block,NINO34,block,0.1,410,gpr_raw,9,3,0.6513364982293676,ok
block,NINO34,block,0.1,410,gpr_raw,10,3,0.5025117759163223,ok
block,NINO34,block,0.1,410,gpr_raw,11,3,0.8047375130009197,ok
block,NINO34,block,0.1,410,gpr_raw,12,3,0.6750955318025916,ok
block,NINO34,block,0.1,410,gpr_raw,13,3,0.6030745955368912,ok
block,NINO34,block,0.1,410,gpr_raw,14,3,0.6382388053267424,ok
block,NINO34,block,0.1,410,gpr_raw,15,3,0.7888849782269797,ok
block,NINO34,block,0.1,410,gpr_raw,16,3,0.5938247509275196,ok
block,NINO34,block,0.1,410,gpr_raw,17,3,0.5578206162806127,ok
block,NINO34,block,0.1,410,gpr_raw,18,3,0.6004362926117847,ok
block,NINO34,block,0.1,410,gpr_raw,19,3,0.6079595798884662,ok
block,NINO34,block,0.1,410,linear,0,3,1.2347487035375517,ok
block,NINO34,block,0.1,410,linear,1,3,1.4406656989952633,ok
block,NINO34,block,0.1,410,linear,2,3,1.3618597424218375,ok
block,NINO34,block,0.1,410,linear,3,3,1.2564705326249623,ok
block,NINO34,block,0.1,410,linear,4,3,1.2179575337504451,ok
block,NINO34,block,0.1,410,linear,5,3,1.362493522027835,ok
block,NINO34,block,0.1,410,linear,6,3,1.2689396841332783,ok
block,NINO34,block,0.1,410,linear,7,3,1.6422017486829652,ok
block,NINO34,block,0.1,410,linear,8,3,1.1004469163441741,ok
block,NINO34,block,0.1,410,linear,9,3,0.9276028678055385,ok
block,NINO34,block,0.1,410,linear,10,3,1.2695887771214902,ok
block,NINO34,block,0.1,410,linear,11,3,1.3664371080345499,ok
block,NINO34,block,0.1,410,linear,12,3,1.380526184099075,ok
block,NINO34,block,0.1,410,linear,13,3,1.8460904678784071,ok
block,NINO34,block,0.1,410,linear,14,3,0.9763166294467357,ok
block,NINO34,block,0.1,410,linear,15,3,1.1607281880950227,ok
block,NINO34,block,0.1,410,linear,16,3,1.3602498928596398,ok
block,NINO34,block,0.1,410,linear,17,3,1.1377202703459794,ok
block,NINO34,block,0.1,410,linear,18,3,1.213701657291977,ok
block,NINO34,block,0.1,410,linear,19,3,1.5153659090018783,ok
block,NINO34,block,0.1,410,mean,0,3,1.165428449236443,ok
block,NINO34,block,0.1,410,mean,1,3,1.5180455832279798,ok
block,NINO34,block,0.1,410,mean,2,3,1.246474849767059,ok
block,NINO34,block,0.1,410,mean,3,3,1.0315648504585926,ok
block,NINO34,block,0.1,410,mean,4,3,1.240254301464319,ok
block,NINO34,block,0.1,410,mean,5,3,1.1264420001822135,ok
block,NINO34,block,0.1,410,mean,6,3,1.0726322131700996,ok
block,NINO34,block,0.1,410,mean,7,3,1.315045614891094,ok
block,NINO34,block,0.1,410,mean,8,3,1.0813773474525876,ok
block,NINO34,block,0.1,410,mean,9,3,1.2843602301715067,ok
block,NINO34,block,0.1,410,mean,10,3,1.02526710256177,ok
block,NINO34,block,0.1,410,mean,11,3,1.204072280953732,ok
block,NINO34,block,0.1,410,mean,12,3,1.2885422136929578,ok
block,NINO34,block,0.1,410,mean,13,3,1.21245788985746,ok
block,NINO34,block,0.1,410,mean,14,3,1.1399009434543583,ok
block,NINO34,block,0.1,410,mean,15,3,1.4585875596483435,ok
block,NINO34,block,0.1,410,mean,16,3,1.0465499433379617,ok
block,NINO34,block,0.1,410,mean,17,3,1.0880103149297566,ok
block,NINO34,block,0.1,410,mean,18,3,1.0731597102798622,ok
block,NINO34,block,0.1,410,mean,19,3,1.0281119250554929,ok
block,NINO34,block,0.1,410,multiscale_equal,0,3,0.6893161528069678,ok
block,NINO34,block,0.1,410,multiscale_equal,1,3,0.8698147145535117,ok
block,NINO34,block,0.1,410,multiscale_equal,2,3,0.7207078724451031,ok
block,NINO34,block,0.1,410,multiscale_equal,3,3,0.48749692382571985,ok
block,NINO34,block,0.1,410,multiscale_equal,4,3,0.7428314647809139,ok
block,NINO34,block,0.1,410,multiscale_equal,5,3,0.514088100121176,ok
block,NINO34,block,0.1,410,multiscale_equal,6,3,0.5083481178144437,ok
block,NINO34,block,0.1,410,multiscale_equal,7,3,0.97471222352142,ok
block,NINO34,block,0.1,410,multiscale_equal,8,3,0.531517421038239,ok
block,NINO34,block,0.1,410,multiscale_equal,9,3,0.697001858639393,ok
block,NINO34,block,0.1,410,multiscale_equal,10,3,0.6132081259360986,ok
block,NINO34,block,0.1,410,multiscale_equal,11,3,0.8633281921163425,ok
block,NINO34,block,0.1,410,multiscale_equal,12,3,0.7036463801746162,ok
block,NINO34,block,0.1,410,multiscale_equal,13,3,0.6198777145294239,ok
block,NINO34,block,0.1,410,multiscale_equal,14,3,0.6833325010712828,ok
block,NINO34,block,0.1,410,multiscale_equal,15,3,0.7939418535379716,ok
block,NINO34,block,0.1,410,multiscale_equal,16,3,0.6251416755992031,ok
block,NINO34,block,0.1,410,multiscale_equal,17,3,0.6187287143857432,ok
block,NINO34,block,0.1,410,multiscale_equal,18,3,0.6361476981679579,ok
block,NINO34,block,0.1,410,multiscale_equal,19,3,0.6787060201576601,ok
block,NINO34,block,0.1,410,multiscale_weighted,0,3,0.6901904881320665,ok
block,NINO34,block,0.1,410,multiscale_weighted,1,3,0.8701205991592031,ok
block,NINO34,block,0.1,410,multiscale_weighted,2,3,0.7197377874592767,ok
block,NINO34,block,0.1,410,multiscale_weighted,3,3,0.48714902122892284,ok
block,NINO34,block,0.1,410,multiscale_weighted,4,3,0.7446857750748676,ok
block,NINO34,block,0.1,410,multiscale_weighted,5,3,0.5138718166572215,ok
block,NINO34,block,0.1,410,multiscale_weighted,6,3,0.5081428958911243,ok
block,NINO34,block,0.1,410,multiscale_weighted,7,3,0.9736205823543508,ok
block,NINO34,block,0.1,410,multiscale_weighted,8,3,0.5300697010336889,ok
block,NINO34,block,0.1,410,multiscale_weighted,9,3,0.7040807337340174,ok
block,NINO34,block,0.1,410,multiscale_weighted,10,3,0.61270557340434,ok
block,NINO34,block,0.1,410,multiscale_weighted,11,3,0.8617039576883344,ok
block,NINO34,block,0.1,410,multiscale_weighted,12,3,0.6974895562695603,ok
block,NINO34,block,0.1,410,multiscale_weighted,13,3,0.6189325659489384,ok
block,NINO34,block,0.1,410,multiscale_weighted,14,3,0.6816461322932077,ok
block,NINO34,block,0.1,410,multiscale_weighted,15,3,0.7917807248607082,ok
block,NINO34,block,0.1,410,multiscale_weighted,16,3,0.6286604659719465,ok
block,NINO34,block,0.1,410,multiscale_weighted,17,3,0.6157319957555883,ok
block,NINO34,block,0.1,410,multiscale_weighted,18,3,0.6351122056917617,ok
block,NINO34,block,0.1,410,multiscale_weighted,19,3,0.6741333341313075,ok
block,NINO34,block,0.3,410,fprm,0,3,0.6387958953190418,ok
block,NINO34,block,0.3,410,fprm,1,3,0.7438086397911947,ok
block,NINO34,block,0.3,410,fprm,2,3,0.7447427230016718,ok
block,NINO34,block,0.3,410,fprm,3,3,0.5683267985913639,ok
block,NINO34,block,0.3,410,fprm,4,3,0.6993295677315784,ok
block,NINO34,block,0.3,410,fprm,5,3,0.4977204834547077,ok
block,NINO34,block,0.3,410,fprm,6,3,0.7043907018891463,ok
block,NINO34,block,0.3,410,fprm,7,3,0.7174295346550411,ok
block,NINO34,block,0.3,410,fprm,8,3,0.5202886190709587,ok
block,NINO34,block,0.3,410,fprm,9,3,0.629735784597542,ok
block,NINO34,block,0.3,410,fprm,10,3,0.6031674254563156,ok
block,NINO34,block,0.3,410,fprm,11,3,0.704337628726002,ok
block,NINO34,block,0.3,410,fprm,12,3,0.6954696631281436,ok
block,NINO34,block,0.3,410,fprm,13,3,0.572193712716626,ok
block,NINO34,block,0.3,410,fprm,14,3,0.5724461918312886,ok
block,NINO34,block,0.3,410,fprm,15,3,0.5063553187257104,ok
block,NINO34,block,0.3,410,fprm,16,3,0.5224732712037478,ok
block,NINO34,block,0.3,410,fprm,17,3,0.5207778155954214,ok
block,NINO34,block,0.3,410,fprm,18,3,0.6037521261622121,ok
block,NINO34,block,0.3,410,fprm,19,3,0.4953024526069294,ok
block,NINO34,block,0.3,410,fprm_tau1,0,3,0.5923643534350189,ok
block,NINO34,block,0.3,410,fprm_tau1,1,3,0.65492047760785,ok
block,NINO34,block,0.3,410,fprm_tau1,2,3,0.5869455988524966,ok
block,NINO34,block,0.3,410,fprm_tau1,3,3,0.5541567780991882,ok
block,NINO34,block,0.3,410,fprm_tau1,4,3,0.6390870697988477,ok
block,NINO34,block,0.3,410,fprm_tau1,5,3,0.47917567985541104,ok
block,NINO34,block,0.3,410,fprm_tau1,6,3,0.6095302473637887,ok
block,NINO34,block,0.3,410,fprm_tau1,7,3,0.656230702954037,ok
block,NINO34,block,0.3,410,fprm_tau1,8,3,0.4938074279642552,ok
block,NINO34,block,0.3,410,fprm_tau1,9,3,0.5955118397481868,ok
block,NINO34,block,0.3,410,fprm_tau1,10,3,0.5930085111676483,ok
block,NINO34,block,0.3,410,fprm_tau1,11,3,0.5989875251509633,ok
block,NINO34,block,0.3,410,fprm_tau1,12,3,0.5626862408284925,ok
block,NINO34,block,0.3,410,fprm_tau1,13,3,0.5269610345189047,ok
block,NINO34,block,0.3,410,fprm_tau1,14,3,0.5375643503485664,ok
block,NINO34,block,0.3,410,fprm_tau1,15,3,0.5297019235322943,ok
block,NINO34,block,0.3,410,fprm_tau1,16,3,0.5220105849623938,ok
block,NINO34,block,0.3,410,fprm_tau1,17,3,0.509630632363268,ok
block,NINO34,block,0.3,410,fprm_tau1,18,3,0.5563247803449488,ok
block,NINO34,block,0.3,410,fprm_tau1,19,3,0.4672458868407166,ok
block,NINO34,block,0.3,410,fprm_tau6,0,3,0.6329891971945589,ok
block,NINO34,block,0.3,410,fprm_tau6,1,3,0.7241749910732871,ok
block,NINO34,block,0.3,410,fprm_tau6,2,3,0.7337258791423111,ok
block,NINO34,block,0.3,410,fprm_tau6,3,3,0.6004599607559268,ok
block,NINO34,block,0.3,410,fprm_tau6,4,3,0.7400576655879879,ok
block,NINO34,block,0.3,410,fprm_tau6,5,3,0.6024922695820963,ok
block,NINO34,block,0.3,410,fprm_tau6,6,3,0.664309924463637,ok
block,NINO34,block,0.3,410,fprm_tau6,7,3,0.7554102856007526,ok
block,NINO34,block,0.3,410,fprm_tau6,8,3,0.555756643211422,ok
block,NINO34,block,0.3,410,fprm_tau6,9,3,0.6482230744476377,ok
block,NINO34,block,0.3,410,fprm_tau6,10,3,0.6287618842156265,ok
block,NINO34,block,0.3,410,fprm_tau6,11,3,0.7191764871434406,ok
block,NINO34,block,0.3,410,fprm_tau6,12,3,0.6854351735751619,ok
block,NINO34,block,0.3,410,fprm_tau6,13,3,0.6369819530222626,ok
block,NINO34,block,0.3,410,fprm_tau6,14,3,0.6371865304745244,ok
block,NINO34,block,0.3,410,fprm_tau6,15,3,0.4807822280685777,ok
block,NINO34,block,0.3,410,fprm_tau6,16,3,0.5935394500206136,ok
block,NINO34,block,0.3,410,fprm_tau6,17,3,0.6110001102577921,ok
block,NINO34,block,0.3,410,fprm_tau6,18,3,0.6697890856129342,ok
block,NINO34,block,0.3,410,fprm_tau6,19,3,0.5729061432059054,ok
block,NINO34,block,0.3,410,gpr_raw,0,3,0.5576085935055576,ok
block,NINO34,block,0.3,410,gpr_raw,1,3,0.616877109302213,ok
block,NINO34,block,0.3,410,gpr_raw,2,3,0.5738204453334639,ok
block,NINO34,block,0.3,410,gpr_raw,3,3,0.5097502139210855,ok
block,NINO34,block,0.3,410,gpr_raw,4,3,0.6204310101274648,ok
block,NINO34,block,0.3,410,gpr_raw,5,3,0.45685657594721624,ok
block,NINO34,block,0.3,410,gpr_raw,6,3,0.579850621691687,ok
block,NINO34,block,0.3,410,gpr_raw,7,3,0.6400599680897493,ok
block,NINO34,block,0.3,410,gpr_raw,8,3,0.4694869876520902,ok
block,NINO34,block,0.3,410,gpr_raw,9,3,0.5697295260661855,ok
block,NINO34,block,0.3,410,gpr_raw,10,3,0.5538575230593531,ok
block,NINO34,block,0.3,410,gpr_raw,11,3,0.5824216405920718,ok
block,NINO34,block,0.3,410,gpr_raw,12,3,0.5409226459634286,ok
block,NINO34,block,0.3,410,gpr_raw,13,3,0.5178262580649702,ok
block,NINO34,block,0.3,410,gpr_raw,14,3,0.5275383010241367,ok
block,NINO34,block,0.3,410,gpr_raw,15,3,0.5127683494517514,ok
block,NINO34,block,0.3,410,gpr_raw,16,3,0.5053327675583693,ok
block,NINO34,block,0.3,410,gpr_raw,17,3,0.49448140890070597,ok
block,NINO34,block,0.3,410,gpr_raw,18,3,0.5464331640903711,ok
block,NINO34,block,0.3,410,gpr_raw,19,3,0.45307623580489625,ok
block,NINO34,block,0.3,410,linear,0,3,1.2018548713172865,ok
block,NINO34,block,0.3,410,linear,1,3,0.9531315243591766,ok
block,NINO34,block,0.3,410,linear,2,3,1.5049718372542173,ok
block,NINO34,block,0.3,410,linear,3,3,1.1647937965970871,ok
block,NINO34,block,0.3,410,linear,4,3,1.4379735003562262,ok
block,NINO34,block,0.3,410,linear,5,3,1.211180349848374,ok
block,NINO34,block,0.3,410,linear,6,3,1.3021536603718713,ok
block,NINO34,block,0.3,410,linear,7,3,1.3720110855890981,ok
block,NINO34,block,0.3,410,linear,8,3,1.0177391541817284,ok
block,NINO34,block,0.3,410,linear,9,3,1.8065866862285287,ok
block,NINO34,block,0.3,410,linear,10,3,1.1448656020477883,ok
block,NINO34,block,0.3,410,linear,11,3,1.2333509086501477,ok
block,NINO34,block,0.3,410,linear,12,3,1.2307070923416703,ok
block,NINO34,block,0.3,410,linear,13,3,1.1942749317939738,ok
block,NINO34,block,0.3,410,linear,14,3,1.1254495724800202,ok
block,NINO34,block,0.3,410,linear,15,3,1.3056883135908934,ok
block,NINO34,block,0.3,410,linear,16,3,1.074146920864613,ok
block,NINO34,block,0.3,410,linear,17,3,1.2262713018793645,ok
block,NINO34,block,0.3,410,linear,18,3,1.2374929910948331,ok
block,NINO34,block,0.3,410,linear,19,3,1.26557774879662,ok
block,NINO34,block,0.3,410,mean,0,3,1.0333193597532275,ok
block,NINO34,block,0.3,410,mean,1,3,1.030841413120296,ok
block,NINO34,block,0.3,410,mean,2,3,1.0497418786400285,ok
block,NINO34,block,0.3,410,mean,3,3,1.0073596625581869,ok
block,NINO34,block,0.3,410,mean,4,3,1.040331158357987,ok
block,NINO34,block,0.3,410,mean,5,3,1.016948650971023,ok
block,NINO34,block,0.3,410,mean,6,3,1.053762870627212,ok
block,NINO34,block,0.3,410,mean,7,3,1.0253622524319763,ok
block,NINO34,block,0.3,410,mean,8,3,1.0134976094286925,ok
block,NINO34,block,0.3,410,mean,9,3,1.0563305312072997,ok
block,NINO34,block,0.3,410,mean,10,3,1.0027223855473604,ok
block,NINO34,block,0.3,410,mean,11,3,1.0508123060343466,ok
block,NINO34,block,0.3,410,mean,12,3,1.0128222009598282,ok
block,NINO34,block,0.3,410,mean,13,3,1.0257040668867057,ok
block,NINO34,block,0.3,410,mean,14,3,1.023190442819037,ok
block,NINO34,block,0.3,410,mean,15,3,1.0139722694235556,ok
block,NINO34,block,0.3,410,mean,16,3,1.0120717303664961,ok
block,NINO34,block,0.3,410,mean,17,3,1.0156658872454678,ok
block,NINO34,block,0.3,410,mean,18,3,1.0362638840268037,ok
block,NINO34,block,0.3,410,mean,19,3,1.0145033371390568,ok
block,NINO34,block,0.3,410,multiscale_equal,0,3,0.5927374129265638,ok
block,NINO34,block,0.3,410,multiscale_equal,1,3,0.6737189421428513,ok
block,NINO34,block,0.3,410,multiscale_equal,2,3,0.65210141063857,ok
block,NINO34,block,0.3,410,multiscale_equal,3,3,0.5492292020196988,ok
block,NINO34,block,0.3,410,multiscale_equal,4,3,0.6602410529539796,ok
block,NINO34,block,0.3,410,multiscale_equal,5,3,0.4947850525764396,ok
block,NINO34,block,0.3,410,multiscale_equal,6,3,0.6182655065738526,ok
block,NINO34,block,0.3,410,multiscale_equal,7,3,0.6792395872278728,ok
block,NINO34,block,0.3,410,multiscale_equal,8,3,0.499770218161252,ok
block,NINO34,block,0.3,410,multiscale_equal,9,3,0.6048795457949535,ok
block,NINO34,block,0.3,410,multiscale_equal,10,3,0.5869397903877872,ok
block,NINO34,block,0.3,410,multiscale_equal,11,3,0.6385980406815851,ok
block,NINO34,block,0.3,410,multiscale_equal,12,3,0.6107892899127187,ok
block,NINO34,block,0.3,410,multiscale_equal,13,3,0.5616420388292761,ok
block,NINO34,block,0.3,410,multiscale_equal,14,3,0.5639328804063245,ok
block,NINO34,block,0.3,410,multiscale_equal,15,3,0.4918863039021457,ok
block,NINO34,block,0.3,410,multiscale_equal,16,3,0.537414600494841,ok
block,NINO34,block,0.3,410,multiscale_equal,17,3,0.536443892627063,ok
block,NINO34,block,0.3,410,multiscale_equal,18,3,0.5873510635256954,ok
block,NINO34,block,0.3,410,multiscale_equal,19,3,0.49111584314275764,ok
block,NINO34,block,0.3,410,multiscale_weighted,0,3,0.5921031311251309,ok
block,NINO34,block,0.3,410,multiscale_weighted,1,3,0.6717424942798567,ok
block,NINO34,block,0.3,410,multiscale_weighted,2,3,0.6485588927051328,ok
block,NINO34,block,0.3,410,multiscale_weighted,3,3,0.5474527370032534,ok
block,NINO34,block,0.3,410,multiscale_weighted,4,3,0.6559348630974403,ok
block,NINO34,block,0.3,410,multiscale_weighted,5,3,0.49004052192227876,ok
block,NINO34,block,0.3,410,multiscale_weighted,6,3,0.616663929991938,ok
block,NINO34,block,0.3,410,multiscale_weighted,7,3,0.6750835997495855,ok
block,NINO34,block,0.3,410,multiscale_weighted,8,3,0.4992357759497537,ok
block,NINO34,block,0.3,410,multiscale_weighted,9,3,0.6031007770209132,ok
block,NINO34,block,0.3,410,multiscale_weighted,10,3,0.5857605268016254,ok
block,NINO34,block,0.3,410,multiscale_weighted,11,3,0.6347006013611131,ok
block,NINO34,block,0.3,410,multiscale_weighted,12,3,0.6081959213564864,ok
block,NINO34,block,0.3,410,multiscale_weighted,13,3,0.5578368318486974,ok
block,NINO34,block,0.3,410,multiscale_weighted,14,3,0.5612648678411826,ok
block,NINO34,block,0.3,410,multiscale_weighted,15,3,0.4953304926863084,ok
block,NINO34,block,0.3,410,multiscale_weighted,16,3,0.5336916881105125,ok
block,NINO34,block,0.3,410,multiscale_weighted,17,3,0.5349050961320762,ok
block,NINO34,block,0.3,410,multiscale_weighted,18,3,0.5856651287245723,ok
block,NINO34,block,0.3,410,multiscale_weighted,19,3,0.4883630285845697,ok
block,NINO34,block,0.5,410,fprm,0,3,0.6687979520497552,ok
block,NINO34,block,0.5,410,fprm,1,3,0.6514498840100108,ok
block,NINO34,block,0.5,410,fprm,2,3,0.6549540118157418,ok
block,NINO34,block,0.5,410,fprm,3,3,0.5124601608590456,ok
block,NINO34,block,0.5,410,fprm,4,3,0.6624649921355813,ok
block,NINO34,block,0.5,410,fprm,5,3,0.6509478257061884,ok
block,NINO34,block,0.5,410,fprm,6,3,0.5383234080742322,ok
block,NINO34,block,0.5,410,fprm,7,3,0.6910548316116518,ok
block,NINO34,block,0.5,410,fprm,8,3,0.5316751144802203,ok
block,NINO34,block,0.5,410,fprm,9,3,0.5417246699283061,ok
block,NINO34,block,0.5,410,fprm,10,3,0.6549485003418337,ok
block,NINO34,block,0.5,410,fprm,11,3,0.6319139950668158,ok
block,NINO34,block,0.5,410,fprm,12,3,0.5268235173720347,ok
block,NINO34,block,0.5,410,fprm,13,3,0.6469217470071998,ok
block,NINO34,block,0.5,410,fprm,14,3,0.6735272871441081,ok
block,NINO34,block,0.5,410,fprm,15,3,0.6811093425578217,ok
block,NINO34,block,0.5,410,fprm,16,3,0.6888345988833805,ok
block,NINO34,block,0.5,410,fprm,17,3,0.6595565678718824,ok
block,NINO34,block,0.5,410,fprm,18,3,0.5441182076940291,ok
block,NINO34,block,0.5,410,fprm,19,3,0.5501062673518156,ok
block,NINO34,block,0.5,410,fprm_tau1,0,3,0.5833171962811445,ok
block,NINO34,block,0.5,410,fprm_tau1,1,3,0.591414181188534,ok
block,NINO34,block,0.5,410,fprm_tau1,2,3,0.5864989654937297,ok
block,NINO34,block,0.5,410,fprm_tau1,3,3,0.5190533686103082,ok
block,NINO34,block,0.5,410,fprm_tau1,4,3,0.5769389136128283,ok
block,NINO34,block,0.5,410,fprm_tau1,5,3,0.587067468789121,ok
block,NINO34,block,0.5,410,fprm_tau1,6,3,0.5462767837821411,ok
block,NINO34,block,0.5,410,fprm_tau1,7,3,0.6200179636253245,ok
block,NINO34,block,0.5,410,fprm_tau1,8,3,0.5247908665761983,ok
block,NINO34,block,0.5,410,fprm_tau1,9,3,0.5180124154787863,ok
block,NINO34,block,0.5,410,fprm_tau1,10,3,0.6029206557595258,ok
block,NINO34,block,0.5,410,fprm_tau1,11,3,0.5922659007481751,ok
block,NINO34,block,0.5,410,fprm_tau1,12,3,0.5296957246165624,ok
block,NINO34,block,0.5,410,fprm_tau1,13,3,0.5879550131940529,ok
block,NINO34,block,0.5,410,fprm_tau1,14,3,0.5995189047157662,ok
block,NINO34,block,0.5,410,fprm_tau1,15,3,0.5967012036858742,ok
block,NINO34,block,0.5,410,fprm_tau1,16,3,0.5873903941128663,ok
block,NINO34,block,0.5,410,fprm_tau1,17,3,0.5813765132190996,ok
block,NINO34,block,0.5,410,fprm_tau1,18,3,0.5295862844461634,ok
block,NINO34,block,0.5,410,fprm_tau1,19,3,0.527035275467096,ok
block,NINO34,block,0.5,410,fprm_tau6,0,3,0.6936509276790339,ok
block,NINO34,block,0.5,410,fprm_tau6,1,3,0.6705398577010985,ok
block,NINO34,block,0.5,410,fprm_tau6,2,3,0.6843022207212969,ok
block,NINO34,block,0.5,410,fprm_tau6,3,3,0.6304169339166455,ok
block,NINO34,block,0.5,410,fprm_tau6,4,3,0.6830912725273816,ok
block,NINO34,block,0.5,410,fprm_tau6,5,3,0.647479846638744,ok
block,NINO34,block,0.5,410,fprm_tau6,6,3,0.613647127508039,ok
block,NINO34,block,0.5,410,fprm_tau6,7,3,0.6968425585199746,ok
block,NINO34,block,0.5,410,fprm_tau6,8,3,0.6593182879057234,ok
block,NINO34,block,0.5,410,fprm_tau6,9,3,0.5872964029686762,ok
block,NINO34,block,0.5,410,fprm_tau6,10,3,0.7102965208417459,ok
block,NINO34,block,0.5,410,fprm_tau6,11,3,0.666431970882336,ok
block,NINO34,block,0.5,410,fprm_tau6,12,3,0.5943548980829945,ok
block,NINO34,block,0.5,410,fprm_tau6,13,3,0.6440971795576874,ok
block,NINO34,block,0.5,410,fprm_tau6,14,3,0.7100523146046417,ok
block,NINO34,block,0.5,410,fprm_tau6,15,3,0.7107736641570265,ok
block,NINO34,block,0.5,410,fprm_tau6,16,3,0.6990316058437583,ok
block,NINO34,block,0.5,410,fprm_tau6,17,3,0.6717191666062708,ok
block,NINO34,block,0.5,410,fprm_tau6,18,3,0.6905786276500775,ok
block,NINO34,block,0.5,410,fprm_tau6,19,3,0.6241205877700372,ok
block,NINO34,block,0.5,410,gpr_raw,0,3,0.5221111014105765,ok
block,NINO34,block,0.5,410,gpr_raw,1,3,0.5469995895656665,ok
block,NINO34,block,0.5,410,gpr_raw,2,3,0.5492966708296533,ok
block,NINO34,block,0.5,410,gpr_raw,3,3,0.521264704539728,ok
block,NINO34,block,0.5,410,gpr_raw,4,3,0.523939245857497,ok
block,NINO34,block,0.5,410,gpr_raw,5,3,0.5435401412597759,ok
block,NINO34,block,0.5,410,gpr_raw,6,3,0.537440629973287,ok
block,NINO34,block,0.5,410,gpr_raw,7,3,0.5728188758902572,ok
block,NINO34,block,0.5,410,gpr_raw,8,3,0.5064039989266916,ok
block,NINO34,block,0.5,410,gpr_raw,9,3,0.5166532824982819,ok
block,NINO34,block,0.5,410,gpr_raw,10,3,0.545885139372444,ok
block,NINO34,block,0.5,410,gpr_raw,11,3,0.5711157935609755,ok
block,NINO34,block,0.5,410,gpr_raw,12,3,0.5286148671162673,ok
block,NINO34,block,0.5,410,gpr_raw,13,3,0.5721829591140519,ok
block,NINO34,block,0.5,410,gpr_raw,14,3,0.5537411850814099,ok
block,NINO34,block,0.5,410,gpr_raw,15,3,0.5730296925199553,ok
block,NINO34,block,0.5,410,gpr_raw,16,3,0.5366015494979482,ok
block,NINO34,block,0.5,410,gpr_raw,17,3,0.5236542324703927,ok
block,NINO34,block,0.5,410,gpr_raw,18,3,0.5301127631640522,ok
block,NINO34,block,0.5,410,gpr_raw,19,3,0.5292484657915976,ok
block,NINO34,block,0.5,410,linear,0,3,1.2706340095805542,ok
block,NINO34,block,0.5,410,linear,1,3,1.2600123188758532,ok
block,NINO34,block,0.5,410,linear,2,3,1.1826315041231776,ok
block,NINO34,block,0.5,410,linear,3,3,1.2229446459697713,ok
block,NINO34,block,0.5,410,linear,4,3,1.2389113175675304,ok
block,NINO34,block,0.5,410,linear,5,3,1.114088466897883,ok
block,NINO34,block,0.5,410,linear,6,3,1.279723178630998,ok
block,NINO34,block,0.5,410,linear,7,3,1.1202257993308251,ok
block,NINO34,block,0.5,410,linear,8,3,1.1769548577368527,ok
block,NINO34,block,0.5,410,linear,9,3,1.1637317875169357,ok
block,NINO34,block,0.5,410,linear,10,3,1.0075568835336728,ok
block,NINO34,block,0.5,410,linear,11,3,1.8599497035607089,ok
block,NINO34,block,0.5,410,linear,12,3,1.1808877517121934,ok
block,NINO34,block,0.5,410,linear,13,3,1.10594153219307,ok
block,NINO34,block,0.5,410,linear,14,3,1.2106585681053497,ok
block,NINO34,block,0.5,410,linear,15,3,1.0558619655166932,ok
block,NINO34,block,0.5,410,linear,16,3,1.180389204245201,ok
block,NINO34,block,0.5,410,linear,17,3,1.6716093864244874,ok
block,NINO34,block,0.5,410,linear,18,3,1.9309806929754831,ok
block,NINO34,block,0.5,410,linear,19,3,1.147604237325508,ok
block,NINO34,block,0.5,410,mean,0,3,1.0112653240177227,ok
block,NINO34,block,0.5,410,mean,1,3,1.0543263533469862,ok
block,NINO34,block,0.5,410,mean,2,3,1.011392607831447,ok
block,NINO34,block,0.5,410,mean,3,3,1.0589085345437796,ok
block,NINO34,block,0.5,410,mean,4,3,1.014164003586643,ok
block,NINO34,block,0.5,410,mean,5,3,1.0101127850775689,ok
block,NINO34,block,0.5,410,mean,6,3,1.001962069140508,ok
block,NINO34,block,0.5,410,mean,7,3,1.0070807711102812,ok
block,NINO34,block,0.5,410,mean,8,3,1.0065635601707896,ok
block,NINO34,block,0.5,410,mean,9,3,1.0132075058825243,ok
block,NINO34,block,0.5,410,mean,10,3,1.0815648673458536,ok
block,NINO34,block,0.5,410,mean,11,3,1.045800128414573,ok
block,NINO34,block,0.5,410,mean,12,3,1.009930259403079,ok
block,NINO34,block,0.5,410,mean,13,3,1.0085004535950441,ok
block,NINO34,block,0.5,410,mean,14,3,1.0128760911941843,ok
block,NINO34,block,0.5,410,mean,15,3,1.0548529970677425,ok
block,NINO34,block,0.5,410,mean,16,3,1.0572814077515023,ok
block,NINO34,block,0.5,410,mean,17,3,1.0138686353851336,ok
block,NINO34,block,0.5,410,mean,18,3,1.0717611424168225,ok
block,NINO34,block,0.5,410,mean,19,3,1.0482679409906435,ok
block,NINO34,block,0.5,410,multiscale_equal,0,3,0.6020515020305984,ok
block,NINO34,block,0.5,410,multiscale_equal,1,3,0.6051546466065086,ok
block,NINO34,block,0.5,410,multiscale_equal,2,3,0.6038410291789994,ok
block,NINO34,block,0.5,410,multiscale_equal,3,3,0.5338492839972314,ok
block,NINO34,block,0.5,410,multiscale_equal,4,3,0.5990782858312534,ok
block,NINO34,block,0.5,410,multiscale_equal,5,3,0.5910365647675544,ok
block,NINO34,block,0.5,410,multiscale_equal,6,3,0.5406903963296602,ok
block,NINO34,block,0.5,410,multiscale_equal,7,3,0.6268253715596993,ok
block,NINO34,block,0.5,410,multiscale_equal,8,3,0.5460151512596034,ok
block,NINO34,block,0.5,410,multiscale_equal,9,3,0.5245905186660336,ok
block,NINO34,block,0.5,410,multiscale_equal,10,3,0.6151266994893321,ok
block,NINO34,block,0.5,410,multiscale_equal,11,3,0.5973852998470494,ok
block,NINO34,block,0.5,410,multiscale_equal,12,3,0.5266539274064395,ok
block,NINO34,block,0.5,410,multiscale_equal,13,3,0.5911694352331057,ok
block,NINO34,block,0.5,410,multiscale_equal,14,3,0.615000642455643,ok
block,NINO34,block,0.5,410,multiscale_equal,15,3,0.617407187429841,ok
block,NINO34,block,0.5,410,multiscale_equal,16,3,0.6070905673865723,ok
block,NINO34,block,0.5,410,multiscale_equal,17,3,0.5867558358054656,ok
block,NINO34,block,0.5,410,multiscale_equal,18,3,0.5496393734379795,ok
block,NINO34,block,0.5,410,multiscale_equal,19,3,0.5390695442473051,ok
block,NINO34,block,0.5,410,multiscale_weighted,0,3,0.5994359262571389,ok
block,NINO34,block,0.5,410,multiscale_weighted,1,3,0.598417135591389,ok
block,NINO34,block,0.5,410,multiscale_weighted,2,3,0.5989982555118213,ok
block,NINO34,block,0.5,410,multiscale_weighted,3,3,0.5280194610140261,ok
block,NINO34,block,0.5,410,multiscale_weighted,4,3,0.5968094192159364,ok
block,NINO34,block,0.5,410,multiscale_weighted,5,3,0.5889931044432969,ok
block,NINO34,block,0.5,410,multiscale_weighted,6,3,0.5390355510487161,ok
block,NINO34,block,0.5,410,multiscale_weighted,7,3,0.6237793788824466,ok
block,NINO34,block,0.5,410,multiscale_weighted,8,3,0.5371213122524736,ok
block,NINO34,block,0.5,410,multiscale_weighted,9,3,0.5193220960079018,ok
block,NINO34,block,0.5,410,multiscale_weighted,10,3,0.6098358056338643,ok
block,NINO34,block,0.5,410,multiscale_weighted,11,3,0.5929719881806862,ok
block,NINO34,block,0.5,410,multiscale_weighted,12,3,0.5247413557417149,ok
block,NINO34,block,0.5,410,multiscale_weighted,13,3,0.5889612187356386,ok
block,NINO34,block,0.5,410,multiscale_weighted,14,3,0.609176044188254,ok
block,NINO34,block,0.5,410,multiscale_weighted,15,3,0.61128592535989,ok
block,NINO34,block,0.5,410,multiscale_weighted,16,3,0.6041350480565807,ok
block,NINO34,block,0.5,410,multiscale_weighted,17,3,0.5846854726841259,ok
block,NINO34,block,0.5,410,multiscale_weighted,18,3,0.5396808529357616,ok
block,NINO34,block,0.5,410,multiscale_weighted,19,3,0.5336946539541254,ok
block,NINO34,block,0.7,410,fprm,0,3,0.6471697837869536,ok
block,NINO34,block,0.7,410,fprm,1,3,0.6089481520513477,ok
block,NINO34,block,0.7,410,fprm,2,3,0.5867761391604392,ok
block,NINO34,block,0.7,410,fprm,3,3,0.5821023314342892,ok
block,NINO34,block,0.7,410,fprm,4,3,0.5946297614464392,ok
block,NINO34,block,0.7,410,fprm,5,3,0.5410158839679489,ok
block,NINO34,block,0.7,410,fprm,6,3,0.5521171031259872,ok
block,NINO34,block,0.7,410,fprm,7,3,0.585643955157711,ok
block,NINO34,block,0.7,410,fprm,8,3,0.5716895831898388,ok
block,NINO34,block,0.7,410,fprm,9,3,0.5776303336977516,ok
block,NINO34,block,0.7,410,fprm,10,3,0.5790806556473661,ok
block,NINO34,block,0.7,410,fprm,11,3,0.5920493290301109,ok
block,NINO34,block,0.7,410,fprm,12,3,0.5748034278114282,ok
block,NINO34,block,0.7,410,fprm,13,3,0.7138883214257802,ok
block,NINO34,block,0.7,410,fprm,14,3,0.6891202088551046,ok
block,NINO34,block,0.7,410,fprm,15,3,0.5907805965807554,ok
block,NINO34,block,0.7,410,fprm,16,3,0.5647122600236323,ok
block,NINO34,block,0.7,410,fprm,17,3,0.5369989060501892,ok
block,NINO34,block,0.7,410,fprm,18,3,0.5857978984582947,ok
block,NINO34,block,0.7,410,fprm,19,3,0.6334077275593865,ok
block,NINO34,block,0.7,410,fprm_tau1,0,3,0.5831785551889448,ok
block,NINO34,block,0.7,410,fprm_tau1,1,3,0.5474423781992122,ok
block,NINO34,block,0.7,410,fprm_tau1,2,3,0.5382233348590955,ok
block,NINO34,block,0.7,410,fprm_tau1,3,3,0.5129295826068009,ok
block,NINO34,block,0.7,410,fprm_tau1,4,3,0.5445898327969201,ok
block,NINO34,block,0.7,410,fprm_tau1,5,3,0.5116962133245394,ok
block,NINO34,block,0.7,410,fprm_tau1,6,3,0.533954610741986,ok
block,NINO34,block,0.7,410,fprm_tau1,7,3,0.5260391568646564,ok
block,NINO34,block,0.7,410,fprm_tau1,8,3,0.5279304200717,ok
block,NINO34,block,0.7,410,fprm_tau1,9,3,0.5096094589152133,ok
block,NINO34,block,0.7,410,fprm_tau1,10,3,0.5372546746518175,ok
block,NINO34,block,0.7,410,fprm_tau1,11,3,0.5263575791643548,ok
block,NINO34,block,0.7,410,fprm_tau1,12,3,0.5245608985736602,ok
block,NINO34,block,0.7,410,fprm_tau1,13,3,0.6475396911147372,ok
block,NINO34,block,0.7,410,fprm_tau1,14,3,0.6164887241917113,ok
block,NINO34,block,0.7,410,fprm_tau1,15,3,0.532796523004644,ok
block,NINO34,block,0.7,410,fprm_tau1,16,3,0.5245585697320428,ok
block,NINO34,block,0.7,410,fprm_tau1,17,3,0.507061594694985,ok
block,NINO34,block,0.7,410,fprm_tau1,18,3,0.5423029153253133,ok
block,NINO34,block,0.7,410,fprm_tau1,19,3,0.5162212659180233,ok
block,NINO34,block,0.7,410,fprm_tau6,0,3,0.7123786245577316,ok
block,NINO34,block,0.7,410,fprm_tau6,1,3,0.6509192067370251,ok
block,NINO34,block,0.7,410,fprm_tau6,2,3,0.655316717747679,ok
block,NINO34,block,0.7,410,fprm_tau6,3,3,0.7122623292042704,ok
block,NINO34,block,0.7,410,fprm_tau6,4,3,0.6688137774744335,ok
block,NINO34,block,0.7,410,fprm_tau6,5,3,0.599799045991709,ok
block,NINO34,block,0.7,410,fprm_tau6,6,3,0.6734008536244627,ok
block,NINO34,block,0.7,410,fprm_tau6,7,3,0.6432576610109008,ok
block,NINO34,block,0.7,410,fprm_tau6,8,3,0.6622866817899818,ok
block,NINO34,block,0.7,410,fprm_tau6,9,3,0.7082496993394969,ok
block,NINO34,block,0.7,410,fprm_tau6,10,3,0.6686478645410586,ok
block,NINO34,block,0.7,410,fprm_tau6,11,3,0.6647664912983237,ok
block,NINO34,block,0.7,410,fprm_tau6,12,3,0.6273058248304367,ok
block,NINO34,block,0.7,410,fprm_tau6,13,3,0.753330492098558,ok
block,NINO34,block,0.7,410,fprm_tau6,14,3,0.7031721806633243,ok
block,NINO34,block,0.7,410,fprm_tau6,15,3,0.6686236825307058,ok
block,NINO34,block,0.7,410,fprm_tau6,16,3,0.6534307206356688,ok
block,NINO34,block,0.7,410,fprm_tau6,17,3,0.5975628543391047,ok
block,NINO34,block,0.7,410,fprm_tau6,18,3,0.6469966384696985,ok
block,NINO34,block,0.7,410,fprm_tau6,19,3,0.67569222611681,ok
block,NINO34,block,0.7,410,gpr_raw,0,3,0.5732553529625678,ok
block,NINO34,block,0.7,410,gpr_raw,1,3,0.5322581535068017,ok
block,NINO34,block,0.7,410,gpr_raw,2,3,0.5532748887570068,ok
block,NINO34,block,0.7,410,gpr_raw,3,3,0.5407009351324507,ok
block,NINO34,block,0.7,410,gpr_raw,4,3,0.5310756764862762,ok
block,NINO34,block,0.7,410,gpr_raw,5,3,0.5393311995175984,ok
block,NINO34,block,0.7,410,gpr_raw,6,3,0.5439818514413071,ok
block,NINO34,block,0.7,410,gpr_raw,7,3,0.5489300695763276,ok
block,NINO34,block,0.7,410,gpr_raw,8,3,0.5512024458833463,ok
block,NINO34,block,0.7,410,gpr_raw,9,3,0.5181398843007373,ok
block,NINO34,block,0.7,410,gpr_raw,10,3,0.5352167561682303,ok
block,NINO34,block,0.7,410,gpr_raw,11,3,0.5196699951946765,ok
block,NINO34,block,0.7,410,gpr_raw,12,3,0.5400984203018298,ok
block,NINO34,block,0.7,410,gpr_raw,13,3,0.6196640923019517,ok
block,NINO34,block,0.7,410,gpr_raw,14,3,0.5534576242606289,ok
block,NINO34,block,0.7,410,gpr_raw,15,3,0.5402793305016494,ok
block,NINO34,block,0.7,410,gpr_raw,16,3,0.5363451044656861,ok
block,NINO34,block,0.7,410,gpr_raw,17,3,0.5336605755292687,ok
block,NINO34,block,0.7,410,gpr_raw,18,3,0.5466734177069429,ok
block,NINO34,block,0.7,410,gpr_raw,19,3,0.5301246192870809,ok
block,NINO34,block,0.7,410,linear,0,3,1.6769716746906775,ok
block,NINO34,block,0.7,410,linear,1,3,1.3934490471617487,ok
block,NINO34,block,0.7,410,linear,2,3,1.1665745705494368,ok
block,NINO34,block,0.7,410,linear,3,3,1.1643998526045278,ok
block,NINO34,block,0.7,410,linear,4,3,1.5250076066188125,ok
block,NINO34,block,0.7,410,linear,5,3,1.181085088592399,ok
block,NINO34,block,0.7,410,linear,6,3,1.2252498889128614,ok
block,NINO34,block,0.7,410,linear,7,3,1.2630761561569424,ok
block,NINO34,block,0.7,410,linear,8,3,1.3579986675589868,ok
block,NINO34,block,0.7,410,linear,9,3,1.4790047295154753,ok
block,NINO34,block,0.7,410,linear,10,3,1.5628934370631444,ok
block,NINO34,block,0.7,410,linear,11,3,1.1957829909118631,ok
block,NINO34,block,0.7,410,linear,12,3,1.2929901842402731,ok
block,NINO34,block,0.7,410,linear,13,3,1.0818888903428683,ok
block,NINO34,block,0.7,410,linear,14,3,1.5911905821948504,ok
block,NINO34,block,0.7,410,linear,15,3,1.2500006012947866,ok
block,NINO34,block,0.7,410,linear,16,3,1.3242415857460037,ok
block,NINO34,block,0.7,410,linear,17,3,1.204594414390636,ok
block,NINO34,block,0.7,410,linear,18,3,1.3354151354914963,ok
block,NINO34,block,0.7,410,linear,19,3,1.2072771540524954,ok
block,NINO34,block,0.7,410,mean,0,3,1.0645690751273498,ok
block,NINO34,block,0.7,410,mean,1,3,1.0327745954849499,ok
block,NINO34,block,0.7,410,mean,2,3,1.0100873981238472,ok
block,NINO34,block,0.7,410,mean,3,3,1.0254276742987551,ok
block,NINO34,block,0.7,410,mean,4,3,1.0200691732771572,ok
block,NINO34,block,0.7,410,mean,5,3,1.0185771097299696,ok
block,NINO34,block,0.7,410,mean,6,3,1.0245509502213486,ok
block,NINO34,block,0.7,410,mean,7,3,1.0278242312761867,ok
block,NINO34,block,0.7,410,mean,8,3,1.0256278745146012,ok
block,NINO34,block,0.7,410,mean,9,3,1.0235779351175713,ok
block,NINO34,block,0.7,410,mean,10,3,1.0272432246350809,ok
block,NINO34,block,0.7,410,mean,11,3,1.011395967101573,ok
block,NINO34,block,0.7,410,mean,12,3,1.01868132878918,ok
block,NINO34,block,0.7,410,mean,13,3,1.12290538889607,ok
block,NINO34,block,0.7,410,mean,14,3,1.1246508480341764,ok
block,NINO34,block,0.7,410,mean,15,3,1.0569578070348873,ok
block,NINO34,block,0.7,410,mean,16,3,1.0297724813882345,ok
block,NINO34,block,0.7,410,mean,17,3,1.0164571333759946,ok
block,NINO34,block,0.7,410,mean,18,3,1.030125590868421,ok
block,NINO34,block,0.7,410,mean,19,3,1.0157348003686706,ok
block,NINO34,block,0.7,410,multiscale_equal,0,3,0.5976067291402224,ok
block,NINO34,block,0.7,410,multiscale_equal,1,3,0.5578100142084099,ok
block,NINO34,block,0.7,410,multiscale_equal,2,3,0.5576760594859883,ok
block,NINO34,block,0.7,410,multiscale_equal,3,3,0.562247661546354,ok
block,NINO34,block,0.7,410,multiscale_equal,4,3,0.5638761284247652,ok
block,NINO34,block,0.7,410,multiscale_equal,5,3,0.5242433117238225,ok
block,NINO34,block,0.7,410,multiscale_equal,6,3,0.5484889551928228,ok
block,NINO34,block,0.7,410,multiscale_equal,7,3,0.5571778942121859,ok
block,NINO34,block,0.7,410,multiscale_equal,8,3,0.5554935752284497,ok
block,NINO34,block,0.7,410,multiscale_equal,9,3,0.5599004448279751,ok
block,NINO34,block,0.7,410,multiscale_equal,10,3,0.5634402810516749,ok
block,NINO34,block,0.7,410,multiscale_equal,11,3,0.5540683500677189,ok
block,NINO34,block,0.7,410,multiscale_equal,12,3,0.5464081362336543,ok
block,NINO34,block,0.7,410,multiscale_equal,13,3,0.6625195224318329,ok
block,NINO34,block,0.7,410,multiscale_equal,14,3,0.6165858571631838,ok
block,NINO34,block,0.7,410,multiscale_equal,15,3,0.5573616435186759,ok
block,NINO34,block,0.7,410,multiscale_equal,16,3,0.5504372029473581,ok
block,NINO34,block,0.7,410,multiscale_equal,17,3,0.521152470113703,ok
block,NINO34,block,0.7,410,multiscale_equal,18,3,0.5628022360060474,ok
block,NINO34,block,0.7,410,multiscale_equal,19,3,0.5769241437026321,ok
block,NINO34,block,0.7,410,multiscale_weighted,0,3,0.6047559707236067,ok
block,NINO34,block,0.7,410,multiscale_weighted,1,3,0.5549133161137938,ok
block,NINO34,block,0.7,410,multiscale_weighted,2,3,0.5507015432565757,ok
block,NINO34,block,0.7,410,multiscale_weighted,3,3,0.5580021832080633,ok
block,NINO34,block,0.7,410,multiscale_weighted,4,3,0.5524551539399065,ok
block,NINO34,block,0.7,410,multiscale_weighted,5,3,0.5265984870593526,ok
block,NINO34,block,0.7,410,multiscale_weighted,6,3,0.5452362473492167,ok
block,NINO34,block,0.7,410,multiscale_weighted,7,3,0.5517872723898124,ok
block,NINO34,block,0.7,410,multiscale_weighted,8,3,0.5523796479666712,ok
block,NINO34,block,0.7,410,multiscale_weighted,9,3,0.5518559373401133,ok
block,NINO34,block,0.7,410,multiscale_weighted,10,3,0.5658558351808133,ok
block,NINO34,block,0.7,410,multiscale_weighted,11,3,0.5535066526515052,ok
block,NINO34,block,0.7,410,multiscale_weighted,12,3,0.5456472222333387,ok
block,NINO34,block,0.7,410,multiscale_weighted,13,3,0.6600615292607134,ok
block,NINO34,block,0.7,410,multiscale_weighted,14,3,0.6073353334079409,ok
block,NINO34,block,0.7,410,multiscale_weighted,15,3,0.560893109017076,ok
block,NINO34,block,0.7,410,multiscale_weighted,16,3,0.5550712761023068,ok
block,NINO34,block,0.7,410,multiscale_weighted,17,3,0.5178770335022777,ok
block,NINO34,block,0.7,410,multiscale_weighted,18,3,0.5545399341256166,ok
block,NINO34,block,0.7,410,multiscale_weighted,19,3,0.574594670344764,ok
block,NINO34,block,0.9,410,fprm,0,3,0.6859731815807532,ok
block,NINO34,block,0.9,410,fprm,1,3,0.5974589611659381,ok
block,NINO34,block,0.9,410,fprm,2,3,0.6197358880882649,ok
block,NINO34,block,0.9,410,fprm,3,3,0.7053728730724641,ok
block,NINO34,block,0.9,410,fprm,4,3,0.689089520088176,ok
block,NINO34,block,0.9,410,fprm,5,3,0.6213043747767669,ok
block,NINO34,block,0.9,410,fprm,6,3,0.7223386543977051,ok
block,NINO34,block,0.9,410,fprm,7,3,0.6243029029516518,ok
block,NINO34,block,0.9,410,fprm,8,3,0.6515398426796452,ok
block,NINO34,block,0.9,410,fprm,9,3,0.6890898908541484,ok
block,NINO34,block,0.9,410,fprm,10,3,0.7785232681666958,ok
block,NINO34,block,0.9,410,fprm,11,3,0.6041105414524103,ok
block,NINO34,block,0.9,410,fprm,12,3,0.6194835979543579,ok
block,NINO34,block,0.9,410,fprm,13,3,0.6721760141754233,ok
block,NINO34,block,0.9,410,fprm,14,3,0.6477713332584648,ok
block,NINO34,block,0.9,410,fprm,15,3,0.6475847622053177,ok
block,NINO34,block,0.9,410,fprm,16,3,0.7007507675381756,ok
block,NINO34,block,0.9,410,fprm,17,3,0.718563846624571,ok
block,NINO34,block,0.9,410,fprm,18,3,0.6673716367518571,ok
block,NINO34,block,0.9,410,fprm,19,3,0.5744123189529485,ok
block,NINO34,block,0.9,410,fprm_tau1,0,3,0.7197085421849175,ok
block,NINO34,block,0.9,410,fprm_tau1,1,3,0.5902399959060899,ok
block,NINO34,block,0.9,410,fprm_tau1,2,3,0.6645859795495522,ok
block,NINO34,block,0.9,410,fprm_tau1,3,3,0.5993634114641248,ok
block,NINO34,block,0.9,410,fprm_tau1,4,3,0.7272521836255831,ok
block,NINO34,block,0.9,410,fprm_tau1,5,3,0.7024340208312577,ok
block,NINO34,block,0.9,410,fprm_tau1,6,3,0.7620971510979059,ok
block,NINO34,block,0.9,410,fprm_tau1,7,3,0.6226352338924245,ok
block,NINO34,block,0.9,410,fprm_tau1,8,3,0.6576114093007258,ok
block,NINO34,block,0.9,410,fprm_tau1,9,3,0.7272521807104698,ok
block,NINO34,block,0.9,410,fprm_tau1,10,3,0.7071623518598171,ok
block,NINO34,block,0.9,410,fprm_tau1,11,3,0.5564320425873507,ok
block,NINO34,block,0.9,410,fprm_tau1,12,3,0.6742487754560642,ok
block,NINO34,block,0.9,410,fprm_tau1,13,3,0.7420224082116241,ok
block,NINO34,block,0.9,410,fprm_tau1,14,3,0.762548578565696,ok
block,NINO34,block,0.9,410,fprm_tau1,15,3,0.7484201792385136,ok
block,NINO34,block,0.9,410,fprm_tau1,16,3,0.663768252872158,ok
block,NINO34,block,0.9,410,fprm_tau1,17,3,0.6552890350033126,ok
block,NINO34,block,0.9,410,fprm_tau1,18,3,0.6507034841220382,ok
block,NINO34,block,0.9,410,fprm_tau1,19,3,0.5788627344249578,ok
block,NINO34,block,0.9,410,fprm_tau6,0,3,0.8539268283776519,ok
block,NINO34,block,0.9,410,fprm_tau6,1,3,0.6947051932642533,ok
block,NINO34,block,0.9,410,fprm_tau6,2,3,0.6518968192639554,ok
block,NINO34,block,0.9,410,fprm_tau6,3,3,0.8203010629122144,ok
block,NINO34,block,0.9,410,fprm_tau6,4,3,0.9055795219309183,ok
block,NINO34,block,0.9,410,fprm_tau6,5,3,0.7161276751213226,ok
block,NINO34,block,0.9,410,fprm_tau6,6,3,0.8646474241584409,ok
block,NINO34,block,0.9,410,fprm_tau6,7,3,0.683056847975115,ok
block,NINO34,block,0.9,410,fprm_tau6,8,3,0.8231296338531613,ok
block,NINO34,block,0.9,410,fprm_tau6,9,3,0.9055796410357507,ok
block,NINO34,block,0.9,410,fprm_tau6,10,3,0.977283970916815,ok
block,NINO34,block,0.9,410,fprm_tau6,11,3,0.672369536333779,ok
block,NINO34,block,0.9,410,fprm_tau6,12,3,0.667321308994627,ok
block,NINO34,block,0.9,410,fprm_tau6,13,3,0.8330777133404323,ok
block,NINO34,block,0.9,410,fprm_tau6,14,3,0.8328661562831817,ok
block,NINO34,block,0.9,410,fprm_tau6,15,3,0.7497353027577806,ok
block,NINO34,block,0.9,410,fprm_tau6,16,3,0.9623547871937644,ok
block,NINO34,block,0.9,410,fprm_tau6,17,3,0.8830922411689741,ok
block,NINO34,block,0.9,410,fprm_tau6,18,3,0.8118247058060687,ok
block,NINO34,block,0.9,410,fprm_tau6,19,3,0.6835292466844113,ok
block,NINO34,block,0.9,410,gpr_raw,0,3,0.7734049286351742,ok
block,NINO34,block,0.9,410,gpr_raw,1,3,0.5875687676137155,ok
block,NINO34,block,0.9,410,gpr_raw,2,3,0.719405481186941,ok
block,NINO34,block,0.9,410,gpr_raw,3,3,0.7270094876281329,ok
block,NINO34,block,0.9,410,gpr_raw,4,3,0.8605874941590134,ok
block,NINO34,block,0.9,410,gpr_raw,5,3,0.8412145623513307,ok
block,NINO34,block,0.9,410,gpr_raw,6,3,0.6489556029423131,ok
block,NINO34,block,0.9,410,gpr_raw,7,3,0.6284012968562503,ok
block,NINO34,block,0.9,410,gpr_raw,8,3,0.7077595497115418,ok
block,NINO34,block,0.9,410,gpr_raw,9,3,0.8605875898476182,ok
block,NINO34,block,0.9,410,gpr_raw,10,3,0.8078830220599134,ok
block,NINO34,block,0.9,410,gpr_raw,11,3,0.6139323615055056,ok
block,NINO34,block,0.9,410,gpr_raw,12,3,0.7399068224192312,ok
block,NINO34,block,0.9,410,gpr_raw,13,3,0.756173315302437,ok
block,NINO34,block,0.9,410,gpr_raw,14,3,0.9186023320935813,ok
block,NINO34,block,0.9,410,gpr_raw,15,3,0.5916628381218813,ok
block,NINO34,block,0.9,410,gpr_raw,16,3,0.7857630065338669,ok
block,NINO34,block,0.9,410,gpr_raw,17,3,0.6849341768262187,ok
block,NINO34,block,0.9,410,gpr_raw,18,3,0.6589437604908058,ok
block,NINO34,block,0.9,410,gpr_raw,19,3,0.5690133807434851,ok
block,NINO34,block,0.9,410,linear,0,3,1.283148740736585,ok
block,NINO34,block,0.9,410,linear,1,3,1.2483923006594686,ok
block,NINO34,block,0.9,410,linear,2,3,1.1664871320541417,ok
block,NINO34,block,0.9,410,linear,3,3,1.2826741299787086,ok
block,NINO34,block,0.9,410,linear,4,3,1.1779129269308237,ok
block,NINO34,block,0.9,410,linear,5,3,1.0968084260566133,ok
block,NINO34,block,0.9,410,linear,6,3,1.3203478005529081,ok
block,NINO34,block,0.9,410,linear,7,3,1.1617824635526424,ok
block,NINO34,block,0.9,410,linear,8,3,1.2515181378232338,ok
block,NINO34,block,0.9,410,linear,9,3,1.1779129269308237,ok
block,NINO34,block,0.9,410,linear,10,3,1.7129824479009195,ok
block,NINO34,block,0.9,410,linear,11,3,1.074490891037865,ok
block,NINO34,block,0.9,410,linear,12,3,1.1517102280116165,ok
block,NINO34,block,0.9,410,linear,13,3,1.3218129491019701,ok
block,NINO34,block,0.9,410,linear,14,3,1.3286367231222969,ok
block,NINO34,block,0.9,410,linear,15,3,1.2842402381069875,ok
block,NINO34,block,0.9,410,linear,16,3,1.2562011743167691,ok
block,NINO34,block,0.9,410,linear,17,3,1.5273382410130951,ok
block,NINO34,block,0.9,410,linear,18,3,1.1796038610989061,ok
block,NINO34,block,0.9,410,linear,19,3,1.0338983769839734,ok
block,NINO34,block,0.9,410,mean,0,3,1.1148303821486434,ok
block,NINO34,block,0.9,410,mean,1,3,1.073506943761933,ok
block,NINO34,block,0.9,410,mean,2,3,1.0240682642954675,ok
block,NINO34,block,0.9,410,mean,3,3,1.120688534690134,ok
block,NINO34,block,0.9,410,mean,4,3,1.1354139762495665,ok
block,NINO34,block,0.9,410,mean,5,3,1.0028262147295746,ok
block,NINO34,block,0.9,410,mean,6,3,1.1338794729708779,ok
block,NINO34,block,0.9,410,mean,7,3,1.0058901587049442,ok
block,NINO34,block,0.9,410,mean,8,3,1.0961427997057664,ok
block,NINO34,block,0.9,410,mean,9,3,1.1354139762495665,ok
block,NINO34,block,0.9,410,mean,10,3,1.223641892250396,ok
block,NINO34,block,0.9,410,mean,11,3,1.0501253455281303,ok
block,NINO34,block,0.9,410,mean,12,3,1.0436126305653828,ok
block,NINO34,block,0.9,410,mean,13,3,1.0758380178394649,ok
block,NINO34,block,0.9,410,mean,14,3,1.0974279438035934,ok
block,NINO34,block,0.9,410,mean,15,3,1.0751275136226675,ok
block,NINO34,block,0.9,410,mean,16,3,1.2239465163022851,ok
block,NINO34,block,0.9,410,mean,17,3,1.1767167984848672,ok
block,NINO34,block,0.9,410,mean,18,3,1.101660123503823,ok
block,NINO34,block,0.9,410,mean,19,3,1.0300999471495758,ok
block,NINO34,block,0.9,410,multiscale_equal,0,3,0.7336924462768651,ok
block,NINO34,block,0.9,410,multiscale_equal,1,3,0.5670864755893149,ok
block,NINO34,block,0.9,410,multiscale_equal,2,3,0.6219527543668034,ok
block,NINO34,block,0.9,410,multiscale_equal,3,3,0.6592875384549081,ok
block,NINO34,block,0.9,410,multiscale_equal,4,3,0.7329585914671414,ok
block,NINO34,block,0.9,410,multiscale_equal,5,3,0.6427571149362777,ok
block,NINO34,block,0.9,410,multiscale_equal,6,3,0.752101852647954,ok
block,NINO34,block,0.9,410,multiscale_equal,7,3,0.6189775070697777,ok
block,NINO34,block,0.9,410,multiscale_equal,8,3,0.6586231612458969,ok
block,NINO34,block,0.9,410,multiscale_equal,9,3,0.7329588010324876,ok
block,NINO34,block,0.9,410,multiscale_equal,10,3,0.7826525467167184,ok
block,NINO34,block,0.9,410,multiscale_equal,11,3,0.5703849291669116,ok
block,NINO34,block,0.9,410,multiscale_equal,12,3,0.6260127703900761,ok
block,NINO34,block,0.9,410,multiscale_equal,13,3,0.7079088528931367,ok
block,NINO34,block,0.9,410,multiscale_equal,14,3,0.7160761795827901,ok
block,NINO34,block,0.9,410,multiscale_equal,15,3,0.6680345146692458,ok
block,NINO34,block,0.9,410,multiscale_equal,16,3,0.7031887321116274,ok
block,NINO34,block,0.9,410,multiscale_equal,17,3,0.7243282430525246,ok
block,NINO34,block,0.9,410,multiscale_equal,18,3,0.6499908636920981,ok
block,NINO34,block,0.9,410,multiscale_equal,19,3,0.5479175059280469,ok
block,NINO34,block,0.9,410,multiscale_weighted,0,3,0.7412399456753409,ok
block,NINO34,block,0.9,410,multiscale_weighted,1,3,0.5737387333892242,ok
block,NINO34,block,0.9,410,multiscale_weighted,2,3,0.6254331222684179,ok
block,NINO34,block,0.9,410,multiscale_weighted,3,3,0.6572586537781477,ok
block,NINO34,block,0.9,410,multiscale_weighted,4,3,0.7509740932734985,ok
block,NINO34,block,0.9,410,multiscale_weighted,5,3,0.638690989910096,ok
block,NINO34,block,0.9,410,multiscale_weighted,6,3,0.7474611472941054,ok
block,NINO34,block,0.9,410,multiscale_weighted,7,3,0.6228770806141036,ok
block,NINO34,block,0.9,410,multiscale_weighted,8,3,0.6645644344535465,ok
block,NINO34,block,0.9,410,multiscale_weighted,9,3,0.7416881676453034,ok
block,NINO34,block,0.9,410,multiscale_weighted,10,3,0.797267744939103,ok
block,NINO34,block,0.9,410,multiscale_weighted,11,3,0.5663541307842589,ok
block,NINO34,block,0.9,410,multiscale_weighted,12,3,0.6337169806808791,ok
block,NINO34,block,0.9,410,multiscale_weighted,13,3,0.7221207337124215,ok
block,NINO34,block,0.9,410,multiscale_weighted,14,3,0.728699247732199,ok
block,NINO34,block,0.9,410,multiscale_weighted,15,3,0.6657814771554188,ok
block,NINO34,block,0.9,410,multiscale_weighted,16,3,0.7179891940745282,ok
block,NINO34,block,0.9,410,multiscale_weighted,17,3,0.7208433514468271,ok
block,NINO34,block,0.9,410,multiscale_weighted,18,3,0.6545845692065277,ok
block,NINO34,block,0.9,410,multiscale_weighted,19,3,0.5503529022731805,ok
main,NINO34,random,0.1,410,fprm,0,3,0.4963868983677762,ok
main,NINO34,random,0.1,410,fprm,1,3,0.4765327459156166,ok
main,NINO34,random,0.1,410,fprm,2,3,0.481119207693445,ok
main,NINO34,random,0.1,410,fprm,3,3,0.4322595831378848,ok
main,NINO34,random,0.1,410,fprm,4,3,0.44738400398340045,ok
main,NINO34,random,0.1,410,fprm,5,3,0.40731566146602827,ok
main,NINO34,random,0.1,410,fprm,6,3,0.4378322141051658,ok
main,NINO34,random,0.1,410,fprm,7,3,0.41597962045914305,ok
main,NINO34,random,0.1,410,fprm,8,3,0.5088118408047925,ok
main,NINO34,random,0.1,410,fprm,9,3,0.38758271502586555,ok
main,NINO34,random,0.1,410,fprm,10,3,0.441711889186275,ok
main,NINO34,random,0.1,410,fprm,11,3,0.45938563932535176,ok
main,NINO34,random,0.1,410,fprm,12,3,0.4375695843731003,ok
main,NINO34,random,0.1,410,fprm,13,3,0.4672640490498386,ok
main,NINO34,random,0.1,410,fprm,14,3,0.4782249681311037,ok
main,NINO34,random,0.1,410,fprm,15,3,0.5374402018852124,ok
main,NINO34,random,0.1,410,fprm,16,3,0.5300502828698699,ok
main,NINO34,random,0.1,410,fprm,17,3,0.4193561475833408,ok
main,NINO34,random,0.1,410,fprm,18,3,0.4463928802314599,ok
main,NINO34,random,0.1,410,fprm,19,3,0.5574756727283203,ok
main,NINO34,random,0.1,410,fprm_tau1,0,3,0.5006375654332474,ok
main,NINO34,random,0.1,410,fprm_tau1,1,3,0.505685260112933,ok
main,NINO34,random,0.1,410,fprm_tau1,2,3,0.5006576614166944,ok
main,NINO34,random,0.1,410,fprm_tau1,3,3,0.4383632673541798,ok
main,NINO34,random,0.1,410,fprm_tau1,4,3,0.4743288943375778,ok
main,NINO34,random,0.1,410,fprm_tau1,5,3,0.4120704925603393,ok
main,NINO34,random,0.1,410,fprm_tau1,6,3,0.45045434968432513,ok
main,NINO34,random,0.1,410,fprm_tau1,7,3,0.43179003621532946,ok
main,NINO34,random,0.1,410,fprm_tau1,8,3,0.513564767373552,ok
main,NINO34,random,0.1,410,fprm_tau1,9,3,0.4029485155278512,ok
main,NINO34,random,0.1,410,fprm_tau1,10,3,0.4743583213310601,ok
main,NINO34,random,0.1,410,fprm_tau1,11,3,0.46897720694655537,ok
main,NINO34,random,0.1,410,fprm_tau1,12,3,0.4340242685648925,ok
main,NINO34,random,0.1,410,fprm_tau1,13,3,0.4801399991497677,ok
main,NINO34,random,0.1,410,fprm_tau1,14,3,0.502878638258398,ok
main,NINO34,random,0.1,410,fprm_tau1,15,3,0.556927347149247,ok
main,NINO34,random,0.1,410,fprm_tau1,16,3,0.5196184834513162,ok
main,NINO34,random,0.1,410,fprm_tau1,17,3,0.4532771512993552,ok
main,NINO34,random,0.1,410,fprm_tau1,18,3,0.4404275965703451,ok
main,NINO34,random,0.1,410,fprm_tau1,19,3,0.5595973859444289,ok
main,NINO34,random,0.1,410,fprm_tau6,0,3,0.4537817144103818,ok
main,NINO34,random,0.1,410,fprm_tau6,1,3,0.43304772276745934,ok
main,NINO34,random,0.1,410,fprm_tau6,2,3,0.45689472150057436,ok
main,NINO34,random,0.1,410,fprm_tau6,3,3,0.4236690110835324,ok
main,NINO34,random,0.1,410,fprm_tau6,4,3,0.43672349030849916,ok
main,NINO34,random,0.1,410,fprm_tau6,5,3,0.3744814280694872,ok
main,NINO34,random,0.1,410,fprm_tau6,6,3,0.40198020483560876,ok
main,NINO34,random,0.1,410,fprm_tau6,7,3,0.38971028217543074,ok
main,NINO34,random,0.1,410,fprm_tau6,8,3,0.4432662818379964,ok
main,NINO34,random,0.1,410,fprm_tau6,9,3,0.35578959481179284,ok
main,NINO34,random,0.1,410,fprm_tau6,10,3,0.4412730028497011,ok
main,NINO34,random,0.1,410,fprm_tau6,11,3,0.4214178863540276,ok
main,NINO34,random,0.1,410,fprm_tau6,12,3,0.42280814565395747,ok
main,NINO34,random,0.1,410,fprm_tau6,13,3,0.4241212553259577,ok
main,NINO34,random,0.1,410,fprm_tau6,14,3,0.45973249962458435,ok
main,NINO34,random,0.1,410,fprm_tau6,15,3,0.4844886554320249,ok
main,NINO34,random,0.1,410,fprm_tau6,16,3,0.4618279621878541,ok
main,NINO34,random,0.1,410,fprm_tau6,17,3,0.38929926371868123,ok
main,NINO34,random,0.1,410,fprm_tau6,18,3,0.4040482485841483,ok
main,NINO34,random,0.1,410,fprm_tau6,19,3,0.5165701079805576,ok
main,NINO34,random,0.1,410,gpr_raw,0,3,0.5115045476243751,ok
main,NINO34,random,0.1,410,gpr_raw,1,3,0.5075075567276245,ok
main,NINO34,random,0.1,410,gpr_raw,2,3,0.5134606055452527,ok
main,NINO34,random,0.1,410,gpr_raw,3,3,0.4552909354277616,ok
main,NINO34,random,0.1,410,gpr_raw,4,3,0.4776576703912203,ok
main,NINO34,random,0.1,410,gpr_raw,5,3,0.4226865185119291,ok
main,NINO34,random,0.1,410,gpr_raw,6,3,0.4780656475437712,ok
main,NINO34,random,0.1,410,gpr_raw,7,3,0.44094408215240377,ok
main,NINO34,random,0.1,410,gpr_raw,8,3,0.540099655351079,ok
main,NINO34,random,0.1,410,gpr_raw,9,3,0.4243761360793137,ok
main,NINO34,random,0.1,410,gpr_raw,10,3,0.47855847597513573,ok
main,NINO34,random,0.1,410,gpr_raw,11,3,0.4761185010916981,ok
main,NINO34,random,0.1,410,gpr_raw,12,3,0.43622936966212805,ok
main,NINO34,random,0.1,410,gpr_raw,13,3,0.474450783743225,ok
main,NINO34,random,0.1,410,gpr_raw,14,3,0.5212396839148034,ok
main,NINO34,random,0.1,410,gpr_raw,15,3,0.5653721743597394,ok
main,NINO34,random,0.1,410,gpr_raw,16,3,0.5259324258156344,ok
main,NINO34,random,0.1,410,gpr_raw,17,3,0.4682853727065299,ok
main,NINO34,random,0.1,410,gpr_raw,18,3,0.4849980175355973,ok
main,NINO34,random,0.1,410,gpr_raw,19,3,0.5856009721831793,ok
main,NINO34,random,0.1,410,linear,0,3,0.25898882011618607,ok
main,NINO34,random,0.1,410,linear,1,3,0.2141610619736559,ok
main,NINO34,random,0.1,410,linear,2,3,0.2622230734494941,ok
main,NINO34,random,0.1,410,linear,3,3,0.223794169942883,ok
main,NINO34,random,0.1,410,linear,4,3,0.19682307025379908,ok
main,NINO34,random,0.1,410,linear,5,3,0.1918360409139587,ok
main,NINO34,random,0.1,410,linear,6,3,0.20243468295989164,ok
main,NINO34,random,0.1,410,linear,7,3,0.18790648226320408,ok
main,NINO34,random,0.1,410,linear,8,3,0.21531395705587478,ok
main,NINO34,random,0.1,410,linear,9,3,0.19584873184489457,ok
main,NINO34,random,0.1,410,linear,10,3,0.20546508461587562,ok
main,NINO34,random,0.1,410,linear,11,3,0.19434575700105935,ok
main,NINO34,random,0.1,410,linear,12,3,0.17033763289980144,ok
main,NINO34,random,0.1,410,linear,13,3,0.18010274015109592,ok
main,NINO34,random,0.1,410,linear,14,3,0.21737462023041157,ok
main,NINO34,random,0.1,410,linear,15,3,0.21418673432254756,ok
main,NINO34,random,0.1,410,linear,16,3,0.24695007798595348,ok
main,NINO34,random,0.1,410,linear,17,3,0.17091042963014516,ok
main,NINO34,random,0.1,410,linear,18,3,0.20426493429436254,ok
main,NINO34,random,0.1,410,linear,19,3,0.2518332294414407,ok
main,NINO34,random,0.1,410,mean,0,3,1.0308435304618646,ok
main,NINO34,random,0.1,410,mean,1,3,1.0383877537178225,ok
main,NINO34,random,0.1,410,mean,2,3,1.0005827392101405,ok
main,NINO34,random,0.1,410,mean,3,3,1.025178984365313,ok
main,NINO34,random,0.1,410,mean,4,3,0.9960223203583943,ok
main,NINO34,random,0.1,410,mean,5,3,0.9911630377645645,ok
main,NINO34,random,0.1,410,mean,6,3,0.9987284201486849,ok
main,NINO34,random,0.1,410,mean,7,3,0.9922199490591357,ok
main,NINO34,random,0.1,410,mean,8,3,1.0151079711357218,ok
main,NINO34,random,0.1,410,mean,9,3,0.9886780271108915,ok
main,NINO34,random,0.1,410,mean,10,3,1.0030290385368696,ok
main,NINO34,random,0.1,410,mean,11,3,1.0003443667324037,ok
main,NINO34,random,0.1,410,mean,12,3,0.9983335925360075,ok
main,NINO34,random,0.1,410,mean,13,3,0.998475161179063,ok
main,NINO34,random,0.1,410,mean,14,3,1.0164589722301636,ok
main,NINO34,random,0.1,410,mean,15,3,0.9956841352153584,ok
main,NINO34,random,0.1,410,mean,16,3,0.9999644069577234,ok
main,NINO34,random,0.1,410,mean,17,3,1.0116717585388526,ok
main,NINO34,random,0.1,410,mean,18,3,1.0149132748021266,ok
main,NINO34,random,0.1,410,mean,19,3,0.9889307987464786,ok
main,NINO34,random,0.1,410,multiscale_equal,0,3,0.46567994783738637,ok
main,NINO34,random,0.1,410,multiscale_equal,1,3,0.4557575905741957,ok
main,NINO34,random,0.1,410,multiscale_equal,2,3,0.4629067976221089,ok
main,NINO34,random,0.1,410,multiscale_equal,3,3,0.42071713085464246,ok
main,NINO34,random,0.1,410,multiscale_equal,4,3,0.43554375262332606,ok
main,NINO34,random,0.1,410,multiscale_equal,5,3,0.3810101967912854,ok
main,NINO34,random,0.1,410,multiscale_equal,6,3,0.41690964092889465,ok
main,NINO34,random,0.1,410,multiscale_equal,7,3,0.4030557677083994,ok
main,NINO34,random,0.1,410,multiscale_equal,8,3,0.4749638560759603,ok
main,NINO34,random,0.1,410,multiscale_equal,9,3,0.3634781425012326,ok
main,NINO34,random,0.1,410,multiscale_equal,10,3,0.44021942331145464,ok
main,NINO34,random,0.1,410,multiscale_equal,11,3,0.4408247081838481,ok
main,NINO34,random,0.1,410,multiscale_equal,12,3,0.42140168113075543,ok
main,NINO34,random,0.1,410,multiscale_equal,13,3,0.44528343272908383,ok
main,NINO34,random,0.1,410,multiscale_equal,14,3,0.4675689512532486,ok
main,NINO34,random,0.1,410,multiscale_equal,15,3,0.5084560719467414,ok
main,NINO34,random,0.1,410,multiscale_equal,16,3,0.48394072251744324,ok
main,NINO34,random,0.1,410,multiscale_equal,17,3,0.4074867301184833,ok
main,NINO34,random,0.1,410,multiscale_equal,18,3,0.40655579324945174,ok
main,NINO34,random,0.1,410,multiscale_equal,19,3,0.531216313787272,ok
main,NINO34,random,0.1,410,multiscale_weighted,0,3,0.4671435668831639,ok
main,NINO34,random,0.1,410,multiscale_weighted,1,3,0.4585729330410165,ok
main,NINO34,random,0.1,410,multiscale_weighted,2,3,0.4647527491570913,ok
main,NINO34,random,0.1,410,multiscale_weighted,3,3,0.42120190647818617,ok
main,NINO34,random,0.1,410,multiscale_weighted,4,3,0.437222486852017,ok
main,NINO34,random,0.1,410,multiscale_weighted,5,3,0.38256356286437215,ok
main,NINO34,random,0.1,410,multiscale_weighted,6,3,0.4192892615038815,ok
main,NINO34,random,0.1,410,multiscale_weighted,7,3,0.40406473202911725,ok
main,NINO34,random,0.1,410,multiscale_weighted,8,3,0.4766845777647692,ok
main,NINO34,random,0.1,410,multiscale_weighted,9,3,0.36618668472657073,ok
main,NINO34,random,0.1,410,multiscale_weighted,10,3,0.4418879624485026,ok
main,NINO34,random,0.1,410,multiscale_weighted,11,3,0.4425193600253694,ok
main,NINO34,random,0.1,410,multiscale_weighted,12,3,0.4219002092809261,ok
main,NINO34,random,0.1,410,multiscale_weighted,13,3,0.4476732737979146,ok
main,NINO34,random,0.1,410,multiscale_weighted,14,3,0.4692555657039878,ok
main,NINO34,random,0.1,410,multiscale_weighted,15,3,0.5112382149142659,ok
main,NINO34,random,0.1,410,multiscale_weighted,16,3,0.48421855615125864,ok
main,NINO34,random,0.1,410,multiscale_weighted,17,3,0.40944954237036074,ok
main,NINO34,random,0.1,410,multiscale_weighted,18,3,0.40723236879514085,ok
main,NINO34,random,0.1,410,multiscale_weighted,19,3,0.5323676143287938,ok
main,NINO34,random,0.3,410,fprm,0,3,0.47206787055561383,ok
main,NINO34,random,0.3,410,fprm,1,3,0.4484677558752028,ok
main,NINO34,random,0.3,410,fprm,2,3,0.4548847947708654,ok
main,NINO34,random,0.3,410,fprm,3,3,0.45994409261082564,ok
main,NINO34,random,0.3,410,fprm,4,3,0.430773284830336,ok
main,NINO34,random,0.3,410,fprm,5,3,0.4448396601702566,ok
main,NINO34,random,0.3,410,fprm,6,3,0.46439336683572474,ok
main,NINO34,random,0.3,410,fprm,7,3,0.4196000883682878,ok
main,NINO34,random,0.3,410,fprm,8,3,0.465518229544144,ok
main,NINO34,random,0.3,410,fprm,9,3,0.40628746424570555,ok
main,NINO34,random,0.3,410,fprm,10,3,0.42536011489528686,ok
main,NINO34,random,0.3,410,fprm,11,3,0.4387079224513785,ok
main,NINO34,random,0.3,410,fprm,12,3,0.41761059038965187,ok
main,NINO34,random,0.3,410,fprm,13,3,0.47139301306006015,ok
main,NINO34,random,0.3,410,fprm,14,3,0.4355622521184566,ok
main,NINO34,random,0.3,410,fprm,15,3,0.4932573467508705,ok
main,NINO34,random,0.3,410,fprm,16,3,0.4804437232277579,ok
main,NINO34,random,0.3,410,fprm,17,3,0.45699798282242493,ok
main,NINO34,random,0.3,410,fprm,18,3,0.43986761391697266,ok
main,NINO34,random,0.3,410,fprm,19,3,0.4893467083917171,ok
main,NINO34,random,0.3,410,fprm_tau1,0,3,0.47988012163652316,ok
main,NINO34,random,0.3,410,fprm_tau1,1,3,0.47687511299398294,ok
main,NINO34,random,0.3,410,fprm_tau1,2,3,0.45854240800243745,ok
main,NINO34,random,0.3,410,fprm_tau1,3,3,0.4608093743129696,ok
main,NINO34,random,0.3,410,fprm_tau1,4,3,0.44232682949595353,ok
main,NINO34,random,0.3,410,fprm_tau1,5,3,0.4551765561897237,ok
main,NINO34,random,0.3,410,fprm_tau1,6,3,0.4804100775938502,ok
main,NINO34,random,0.3,410,fprm_tau1,7,3,0.4277494453372411,ok
main,NINO34,random,0.3,410,fprm_tau1,8,3,0.4721379717707708,ok
main,NINO34,random,0.3,410,fprm_tau1,9,3,0.41723947867635336,ok
main,NINO34,random,0.3,410,fprm_tau1,10,3,0.4321327587411594,ok
main,NINO34,random,0.3,410,fprm_tau1,11,3,0.43042210337680364,ok
main,NINO34,random,0.3,410,fprm_tau1,12,3,0.4169927324887301,ok
main,NINO34,random,0.3,410,fprm_tau1,13,3,0.4818248859574639,ok
main,NINO34,random,0.3,410,fprm_tau1,14,3,0.44253968930813353,ok
main,NINO34,random,0.3,410,fprm_tau1,15,3,0.4961606762589315,ok
main,NINO34,random,0.3,410,fprm_tau1,16,3,0.4887103366397678,ok
main,NINO34,random,0.3,410,fprm_tau1,17,3,0.470047794347035,ok
main,NINO34,random,0.3,410,fprm_tau1,18,3,0.4567639523293403,ok
main,NINO34,random,0.3,410,fprm_tau1,19,3,0.4906455106736667,ok
main,NINO34,random,0.3,410,fprm_tau6,0,3,0.4592089510736188,ok
main,NINO34,random,0.3,410,fprm_tau6,1,3,0.43937388004281824,ok
main,NINO34,random,0.3,410,fprm_tau6,2,3,0.4233110520986471,ok
main,NINO34,random,0.3,410,fprm_tau6,3,3,0.449160627286407,ok
main,NINO34,random,0.3,410,fprm_tau6,4,3,0.5074029347306759,ok
main,NINO34,random,0.3,410,fprm_tau6,5,3,0.4141423453176955,ok
main,NINO34,random,0.3,410,fprm_tau6,6,3,0.43153156772373674,ok
main,NINO34,random,0.3,410,fprm_tau6,7,3,0.4017736196170252,ok
main,NINO34,random,0.3,410,fprm_tau6,8,3,0.4449655015890765,ok
main,NINO34,random,0.3,410,fprm_tau6,9,3,0.5021556944526765,ok
main,NINO34,random,0.3,410,fprm_tau6,10,3,0.4122646188394528,ok
main,NINO34,random,0.3,410,fprm_tau6,11,3,0.4109096910037524,ok
main,NINO34,random,0.3,410,fprm_tau6,12,3,0.40470677257726306,ok
main,NINO34,random,0.3,410,fprm_tau6,13,3,0.5385809361746587,ok
main,NINO34,random,0.3,410,fprm_tau6,14,3,0.39941727393354953,ok
main,NINO34,random,0.3,410,fprm_tau6,15,3,0.4630056863407459,ok
main,NINO34,random,0.3,410,fprm_tau6,16,3,0.5427822135333481,ok
main,NINO34,random,0.3,410,fprm_tau6,17,3,0.43552838660397103,ok
main,NINO34,random,0.3,410,fprm_tau6,18,3,0.41969302389132573,ok
main,NINO34,random,0.3,410,fprm_tau6,19,3,0.4764799284479669,ok
main,NINO34,random,0.3,410,gpr_raw,0,3,0.4816533012639932,ok
main,NINO34,random,0.3,410,gpr_raw,1,3,0.49240174216694993,ok
main,NINO34,random,0.3,410,gpr_raw,2,3,0.466440662068899,ok
main,NINO34,random,0.3,410,gpr_raw,3,3,0.470015508834585,ok
main,NINO34,random,0.3,410,gpr_raw,4,3,0.44183060841613186,ok
main,NINO34,random,0.3,410,gpr_raw,5,3,0.45627297094140723,ok
main,NINO34,random,0.3,410,gpr_raw,6,3,0.48475164232571416,ok
main,NINO34,random,0.3,410,gpr_raw,7,3,0.43392579285769567,ok
main,NINO34,random,0.3,410,gpr_raw,8,3,0.48718823674009754,ok
main,NINO34,random,0.3,410,gpr_raw,9,3,0.4195749031460192,ok
main,NINO34,random,0.3,410,gpr_raw,10,3,0.44150075262562316,ok
main,NINO34,random,0.3,410,gpr_raw,11,3,0.4366150382397788,ok
main,NINO34,random,0.3,410,gpr_raw,12,3,0.4271068552554052,ok
main,NINO34,random,0.3,410,gpr_raw,13,3,0.4817266030408404,ok
main,NINO34,random,0.3,410,gpr_raw,14,3,0.4582168023989283,ok
main,NINO34,random,0.3,410,gpr_raw,15,3,0.492529112180359,ok
main,NINO34,random,0.3,410,gpr_raw,16,3,0.4969841733073273,ok
main,NINO34,random,0.3,410,gpr_raw,17,3,0.47301569229946994,ok
main,NINO34,random,0.3,410,gpr_raw,18,3,0.46092100555799753,ok
main,NINO34,random,0.3,410,gpr_raw,19,3,0.5060128246644413,ok
main,NINO34,random,0.3,410,linear,0,3,0.2402614402190384,ok
main,NINO34,random,0.3,410,linear,1,3,0.2473908091812201,ok
main,NINO34,random,0.3,410,linear,2,3,0.2365610659798498,ok
main,NINO34,random,0.3,410,linear,3,3,0.24437596246225715,ok
main,NINO34,random,0.3,410,linear,4,3,0.23448093051713845,ok
main,NINO34,random,0.3,410,linear,5,3,0.21327926992191037,ok
main,NINO34,random,0.3,410,linear,6,3,0.25986208337485045,ok
main,NINO34,random,0.3,410,linear,7,3,0.22736241562008863,ok
main,NINO34,random,0.3,410,linear,8,3,0.26857593001227187,ok
main,NINO34,random,0.3,410,linear,9,3,0.21789904148292424,ok
main,NINO34,random,0.3,410,linear,10,3,0.19351524448991161,ok
main,NINO34,random,0.3,410,linear,11,3,0.260263039464356,ok
main,NINO34,random,0.3,410,linear,12,3,0.20716500668421842,ok
main,NINO34,random,0.3,410,linear,13,3,0.22349072397199546,ok
main,NINO34,random,0.3,410,linear,14,3,0.2259211117440929,ok
main,NINO34,random,0.3,410,linear,15,3,0.251211205284134,ok
main,NINO34,random,0.3,410,linear,16,3,0.246773387831302,ok
main,NINO34,random,0.3,410,linear,17,3,0.23005370751567397,ok
main,NINO34,random,0.3,410,linear,18,3,0.2202901551620415,ok
main,NINO34,random,0.3,410,linear,19,3,0.24313299413631062,ok
main,NINO34,random,0.3,410,mean,0,3,1.015428373305707,ok
main,NINO34,random,0.3,410,mean,1,3,1.0030471732783373,ok
main,NINO34,random,0.3,410,mean,2,3,1.0006807470093069,ok
main,NINO34,random,0.3,410,mean,3,3,1.0056113383623397,ok
main,NINO34,random,0.3,410,mean,4,3,1.0211125741173124,ok
main,NINO34,random,0.3,410,mean,5,3,1.0000887089117618,ok
main,NINO34,random,0.3,410,mean,6,3,0.9980601862035398,ok
main,NINO34,random,0.3,410,mean,7,3,0.9971768797218536,ok
main,NINO34,random,0.3,410,mean,8,3,1.0164931282412077,ok
main,NINO34,random,0.3,410,mean,9,3,1.0036716811403863,ok
main,NINO34,random,0.3,410,mean,10,3,1.003791503003141,ok
main,NINO34,random,0.3,410,mean,11,3,1.0005056182722563,ok
main,NINO34,random,0.3,410,mean,12,3,0.998535625203811,ok
main,NINO34,random,0.3,410,mean,13,3,0.9969535664492438,ok
main,NINO34,random,0.3,410,mean,14,3,1.0040375969823672,ok
main,NINO34,random,0.3,410,mean,15,3,1.0030543824611888,ok
main,NINO34,random,0.3,410,mean,16,3,1.000214274062622,ok
main,NINO34,random,0.3,410,mean,17,3,0.9980447857646744,ok
main,NINO34,random,0.3,410,mean,18,3,1.0091343633332073,ok
main,NINO34,random,0.3,410,mean,19,3,1.004743158577541,ok
main,NINO34,random,0.3,410,multiscale_equal,0,3,0.4598735964395015,ok
main,NINO34,random,0.3,410,multiscale_equal,1,3,0.4426104125899312,ok
main,NINO34,random,0.3,410,multiscale_equal,2,3,0.4348836957925119,ok
main,NINO34,random,0.3,410,multiscale_equal,3,3,0.4428508240187483,ok
main,NINO34,random,0.3,410,multiscale_equal,4,3,0.43835253086853293,ok
main,NINO34,random,0.3,410,multiscale_equal,5,3,0.42568243568407765,ok
main,NINO34,random,0.3,410,multiscale_equal,6,3,0.4447890572956474,ok
main,NINO34,random,0.3,410,multiscale_equal,7,3,0.40451841352887613,ok
main,NINO34,random,0.3,410,multiscale_equal,8,3,0.4489506363964256,ok
main,NINO34,random,0.3,410,multiscale_equal,9,3,0.4184300931857245,ok
main,NINO34,random,0.3,410,multiscale_equal,10,3,0.41359433363404974,ok
main,NINO34,random,0.3,410,multiscale_equal,11,3,0.41517862886448764,ok
main,NINO34,random,0.3,410,multiscale_equal,12,3,0.39946040767964197,ok
main,NINO34,random,0.3,410,multiscale_equal,13,3,0.4510652613619925,ok
main,NINO34,random,0.3,410,multiscale_equal,14,3,0.41505985641724447,ok
main,NINO34,random,0.3,410,multiscale_equal,15,3,0.47121121269583083,ok
main,NINO34,random,0.3,410,multiscale_equal,16,3,0.4694077038940277,ok
main,NINO34,random,0.3,410,multiscale_equal,17,3,0.4439245729688843,ok
main,NINO34,random,0.3,410,multiscale_equal,18,3,0.43175337187949464,ok
main,NINO34,random,0.3,410,multiscale_equal,19,3,0.47142116690948327,ok
main,NINO34,random,0.3,410,multiscale_weighted,0,3,0.46097005455912915,ok
main,NINO34,random,0.3,410,multiscale_weighted,1,3,0.44390647228737473,ok
main,NINO34,random,0.3,410,multiscale_weighted,2,3,0.43543936801836675,ok
main,NINO34,random,0.3,410,multiscale_weighted,3,3,0.44323002532674266,ok
main,NINO34,random,0.3,410,multiscale_weighted,4,3,0.43881118683583464,ok
main,NINO34,random,0.3,410,multiscale_weighted,5,3,0.4275412217923682,ok
main,NINO34,random,0.3,410,multiscale_weighted,6,3,0.4472144344797539,ok
main,NINO34,random,0.3,410,multiscale_weighted,7,3,0.40470888565617136,ok
main,NINO34,random,0.3,410,multiscale_weighted,8,3,0.44979222758465537,ok
main,NINO34,random,0.3,410,multiscale_weighted,9,3,0.41484507331679793,ok
main,NINO34,random,0.3,410,multiscale_weighted,10,3,0.414087179304328,ok
main,NINO34,random,0.3,410,multiscale_weighted,11,3,0.415788159916874,ok
main,NINO34,random,0.3,410,multiscale_weighted,12,3,0.3998576839919343,ok
main,NINO34,random,0.3,410,multiscale_weighted,13,3,0.45197119856741913,ok
main,NINO34,random,0.3,410,multiscale_weighted,14,3,0.4160278678633323,ok
main,NINO34,random,0.3,410,multiscale_weighted,15,3,0.47104926022128524,ok
main,NINO34,random,0.3,410,multiscale_weighted,16,3,0.4679318261321103,ok
main,NINO34,random,0.3,410,multiscale_weighted,17,3,0.4447362203723541,ok
main,NINO34,random,0.3,410,multiscale_weighted,18,3,0.43321525361775626,ok
main,NINO34,random,0.3,410,multiscale_weighted,19,3,0.47151038960628383,ok
main,NINO34,random,0.5,410,fprm,0,3,0.4914023280238011,ok
main,NINO34,random,0.5,410,fprm,1,3,0.4621128662001402,ok
main,NINO34,random,0.5,410,fprm,2,3,0.47568735745382495,ok
main,NINO34,random,0.5,410,fprm,3,3,0.4438778079016128,ok
main,NINO34,random,0.5,410,fprm,4,3,0.5745294820540411,ok
main,NINO34,random,0.5,410,fprm,5,3,0.46326115183648,ok
main,NINO34,random,0.5,410,fprm,6,3,0.46315440953410975,ok
main,NINO34,random,0.5,410,fprm,7,3,0.4549797842735475,ok
main,NINO34,random,0.5,410,fprm,8,3,0.4631240644865875,ok
main,NINO34,random,0.5,410,fprm,9,3,0.4424136524055526,ok
main,NINO34,random,0.5,410,fprm,10,3,0.443443180637483,ok
main,NINO34,random,0.5,410,fprm,11,3,0.4733068514052876,ok
main,NINO34,random,0.5,410,fprm,12,3,0.44297631376609886,ok
main,NINO34,random,0.5,410,fprm,13,3,0.46057975691754693,ok
main,NINO34,random,0.5,410,fprm,14,3,0.4648476992144497,ok
main,NINO34,random,0.5,410,fprm,15,3,0.5121954990311123,ok
main,NINO34,random,0.5,410,fprm,16,3,0.4685128061795167,ok
main,NINO34,random,0.5,410,fprm,17,3,0.48605177132603766,ok
main,NINO34,random,0.5,410,fprm,18,3,0.454036221361201,ok
main,NINO34,random,0.5,410,fprm,19,3,0.47182188875840186,ok
main,NINO34,random,0.5,410,fprm_tau1,0,3,0.49916281275472096,ok
main,NINO34,random,0.5,410,fprm_tau1,1,3,0.47775724912795664,ok
main,NINO34,random,0.5,410,fprm_tau1,2,3,0.4737293735395684,ok
main,NINO34,random,0.5,410,fprm_tau1,3,3,0.4610778992203038,ok
main,NINO34,random,0.5,410,fprm_tau1,4,3,0.47026186117282515,ok
main,NINO34,random,0.5,410,fprm_tau1,5,3,0.4804303568915345,ok
main,NINO34,random,0.5,410,fprm_tau1,6,3,0.47760839510024544,ok
main,NINO34,random,0.5,410,fprm_tau1,7,3,0.46714906185714805,ok
main,NINO34,random,0.5,410,fprm_tau1,8,3,0.46900182805921853,ok
main,NINO34,random,0.5,410,fprm_tau1,9,3,0.4519913771008008,ok
main,NINO34,random,0.5,410,fprm_tau1,10,3,0.44924057919114896,ok
main,NINO34,random,0.5,410,fprm_tau1,11,3,0.4665406261998175,ok
main,NINO34,random,0.5,410,fprm_tau1,12,3,0.4501187152674652,ok
main,NINO34,random,0.5,410,fprm_tau1,13,3,0.47244984027378384,ok
main,NINO34,random,0.5,410,fprm_tau1,14,3,0.4716413586774408,ok
main,NINO34,random,0.5,410,fprm_tau1,15,3,0.5014546221554416,ok
main,NINO34,random,0.5,410,fprm_tau1,16,3,0.4813280833918118,ok
main,NINO34,random,0.5,410,fprm_tau1,17,3,0.4830878769887141,ok
main,NINO34,random,0.5,410,fprm_tau1,18,3,0.46219552433847005,ok
main,NINO34,random,0.5,410,fprm_tau1,19,3,0.4745643357618583,ok
main,NINO34,random,0.5,410,fprm_tau6,0,3,0.4914926220728979,ok
main,NINO34,random,0.5,410,fprm_tau6,1,3,0.45368203096668314,ok
main,NINO34,random,0.5,410,fprm_tau6,2,3,0.4588451878555639,ok
main,NINO34,random,0.5,410,fprm_tau6,3,3,0.43957933258193177,ok
main,NINO34,random,0.5,410,fprm_tau6,4,3,0.5646232940322723,ok
main,NINO34,random,0.5,410,fprm_tau6,5,3,0.4497277637416203,ok
main,NINO34,random,0.5,410,fprm_tau6,6,3,0.4552517986756938,ok
main,NINO34,random,0.5,410,fprm_tau6,7,3,0.5337914584468509,ok
main,NINO34,random,0.5,410,fprm_tau6,8,3,0.4535243145856051,ok
main,NINO34,random,0.5,410,fprm_tau6,9,3,0.5520369899994015,ok
main,NINO34,random,0.5,410,fprm_tau6,10,3,0.537994357185052,ok
main,NINO34,random,0.5,410,fprm_tau6,11,3,0.5356412951288442,ok
main,NINO34,random,0.5,410,fprm_tau6,12,3,0.43091337341022734,ok
main,NINO34,random,0.5,410,fprm_tau6,13,3,0.5244092266210677,ok
main,NINO34,random,0.5,410,fprm_tau6,14,3,0.5560694209056526,ok
main,NINO34,random,0.5,410,fprm_tau6,15,3,0.4823748960479742,ok
main,NINO34,random,0.5,410,fprm_tau6,16,3,0.532312392291014,ok
main,NINO34,random,0.5,410,fprm_tau6,17,3,0.46863873134815254,ok
main,NINO34,random,0.5,410,fprm_tau6,18,3,0.44481898343574616,ok
main,NINO34,random,0.5,410,fprm_tau6,19,3,0.46390449625319885,ok
main,NINO34,random,0.5,410,gpr_raw,0,3,0.5036446424573362,ok
main,NINO34,random,0.5,410,gpr_raw,1,3,0.48544332748630586,ok
main,NINO34,random,0.5,410,gpr_raw,2,3,0.4753744752917741,ok
main,NINO34,random,0.5,410,gpr_raw,3,3,0.46001757828953727,ok
main,NINO34,random,0.5,410,gpr_raw,4,3,0.4629549788728915,ok
main,NINO34,random,0.5,410,gpr_raw,5,3,0.4673220612248952,ok
main,NINO34,random,0.5,410,gpr_raw,6,3,0.48268492597635276,ok
main,NINO34,random,0.5,410,gpr_raw,7,3,0.46509413874486044,ok
main,NINO34,random,0.5,410,gpr_raw,8,3,0.46994191604495406,ok
main,NINO34,random,0.5,410,gpr_raw,9,3,0.45694299209365125,ok
main,NINO34,random,0.5,410,gpr_raw,10,3,0.4594052776267628,ok
main,NINO34,random,0.5,410,gpr_raw,11,3,0.4841146665567038,ok
main,NINO34,random,0.5,410,gpr_raw,12,3,0.45774634888283755,ok
main,NINO34,random,0.5,410,gpr_raw,13,3,0.4779023381063305,ok
main,NINO34,random,0.5,410,gpr_raw,14,3,0.46795654796344016,ok
main,NINO34,random,0.5,410,gpr_raw,15,3,0.490468973173322,ok
main,NINO34,random,0.5,410,gpr_raw,16,3,0.48551516465781047,ok
main,NINO34,random,0.5,410,gpr_raw,17,3,0.4817545790204029,ok
main,NINO34,random,0.5,410,gpr_raw,18,3,0.466712414351016,ok
main,NINO34,random,0.5,410,gpr_raw,19,3,0.4866010671473446,ok
main,NINO34,random,0.5,410,linear,0,3,0.3503454079715089,ok
main,NINO34,random,0.5,410,linear,1,3,0.2976628470705128,ok
main,NINO34,random,0.5,410,linear,2,3,0.2844206002965821,ok
main,NINO34,random,0.5,410,linear,3,3,0.3134793041188006,ok
main,NINO34,random,0.5,410,linear,4,3,0.32887465712723873,ok
main,NINO34,random,0.5,410,linear,5,3,0.27530026669745356,ok
main,NINO34,random,0.5,410,linear,6,3,0.30480119751780377,ok
main,NINO34,random,0.5,410,linear,7,3,0.28340455388947655,ok
main,NINO34,random,0.5,410,linear,8,3,0.28411664848419876,ok
main,NINO34,random,0.5,410,linear,9,3,0.29545541859152985,ok
main,NINO34,random,0.5,410,linear,10,3,0.27341461726045474,ok
main,NINO34,random,0.5,410,linear,11,3,0.3099778604327518,ok
main,NINO34,random,0.5,410,linear,12,3,0.28814552791832304,ok
main,NINO34,random,0.5,410,linear,13,3,0.2765514268952541,ok
main,NINO34,random,0.5,410,linear,14,3,0.26381464688782486,ok
main,NINO34,random,0.5,410,linear,15,3,0.3543556869768531,ok
main,NINO34,random,0.5,410,linear,16,3,0.2934680969787122,ok
main,NINO34,random,0.5,410,linear,17,3,0.2901285127918334,ok
main,NINO34,random,0.5,410,linear,18,3,0.29862245720732,ok
main,NINO34,random,0.5,410,linear,19,3,0.2921786550083167,ok
main,NINO34,random,0.5,410,mean,0,3,1.046782895989261,ok
main,NINO34,random,0.5,410,mean,1,3,1.0169678061339267,ok
main,NINO34,random,0.5,410,mean,2,3,0.9987036018250074,ok
main,NINO34,random,0.5,410,mean,3,3,1.005529754395064,ok
main,NINO34,random,0.5,410,mean,4,3,1.0145645006301294,ok
main,NINO34,random,0.5,410,mean,5,3,0.9996168478377189,ok
main,NINO34,random,0.5,410,mean,6,3,1.0010327274284092,ok
main,NINO34,random,0.5,410,mean,7,3,0.9987090804529419,ok
main,NINO34,random,0.5,410,mean,8,3,1.003536380524437,ok
main,NINO34,random,0.5,410,mean,9,3,1.0044581968127921,ok
main,NINO34,random,0.5,410,mean,10,3,0.9988727987634846,ok
main,NINO34,random,0.5,410,mean,11,3,1.0036295808347795,ok
main,NINO34,random,0.5,410,mean,12,3,1.005670631940515,ok
main,NINO34,random,0.5,410,mean,13,3,0.9987690314810337,ok
main,NINO34,random,0.5,410,mean,14,3,1.004101248119458,ok
main,NINO34,random,0.5,410,mean,15,3,1.0065719765801049,ok
main,NINO34,random,0.5,410,mean,16,3,1.0008037554809697,ok
main,NINO34,random,0.5,410,mean,17,3,1.0005130985852386,ok
main,NINO34,random,0.5,410,mean,18,3,0.9981458746565576,ok
main,NINO34,random,0.5,410,mean,19,3,0.998344562782138,ok
main,NINO34,random,0.5,410,multiscale_equal,0,3,0.481017420776581,ok
main,NINO34,random,0.5,410,multiscale_equal,1,3,0.45639893961560185,ok
main,NINO34,random,0.5,410,multiscale_equal,2,3,0.45735303415014616,ok
main,NINO34,random,0.5,410,multiscale_equal,3,3,0.4368311839156513,ok
main,NINO34,random,0.5,410,multiscale_equal,4,3,0.5143916262451711,ok
main,NINO34,random,0.5,410,multiscale_equal,5,3,0.45463369708199136,ok
main,NINO34,random,0.5,410,multiscale_equal,6,3,0.4569300623600383,ok
main,NINO34,random,0.5,410,multiscale_equal,7,3,0.4619579362163459,ok
main,NINO34,random,0.5,410,multiscale_equal,8,3,0.4581480032380512,ok
main,NINO34,random,0.5,410,multiscale_equal,9,3,0.46363961670325216,ok
main,NINO34,random,0.5,410,multiscale_equal,10,3,0.4471229677299016,ok
main,NINO34,random,0.5,410,multiscale_equal,11,3,0.46194746149828836,ok
main,NINO34,random,0.5,410,multiscale_equal,12,3,0.43019741568493153,ok
main,NINO34,random,0.5,410,multiscale_equal,13,3,0.447286023259708,ok
main,NINO34,random,0.5,410,multiscale_equal,14,3,0.46847902610811304,ok
main,NINO34,random,0.5,410,multiscale_equal,15,3,0.4838333700119773,ok
main,NINO34,random,0.5,410,multiscale_equal,16,3,0.46510775855583475,ok
main,NINO34,random,0.5,410,multiscale_equal,17,3,0.4720387881350599,ok
main,NINO34,random,0.5,410,multiscale_equal,18,3,0.44410641834419645,ok
main,NINO34,random,0.5,410,multiscale_equal,19,3,0.45863819948648527,ok
main,NINO34,random,0.5,410,multiscale_weighted,0,3,0.48148021209036235,ok
main,NINO34,random,0.5,410,multiscale_weighted,1,3,0.45711815613038226,ok
main,NINO34,random,0.5,410,multiscale_weighted,2,3,0.45797446541559134,ok
main,NINO34,random,0.5,410,multiscale_weighted,3,3,0.43767031479959123,ok
main,NINO34,random,0.5,410,multiscale_weighted,4,3,0.5123049191322006,ok
main,NINO34,random,0.5,410,multiscale_weighted,5,3,0.4550199833996738,ok
main,NINO34,random,0.5,410,multiscale_weighted,6,3,0.4581623964753562,ok
main,NINO34,random,0.5,410,multiscale_weighted,7,3,0.46404016352004396,ok
main,NINO34,random,0.5,410,multiscale_weighted,8,3,0.4590868121908495,ok
main,NINO34,random,0.5,410,multiscale_weighted,9,3,0.4560957664794117,ok
main,NINO34,random,0.5,410,multiscale_weighted,10,3,0.44373948483354403,ok
main,NINO34,random,0.5,410,multiscale_weighted,11,3,0.46190251672888477,ok
main,NINO34,random,0.5,410,multiscale_weighted,12,3,0.4312029471324353,ok
main,NINO34,random,0.5,410,multiscale_weighted,13,3,0.44680640345614026,ok
main,NINO34,random,0.5,410,multiscale_weighted,14,3,0.4649853134515405,ok
main,NINO34,random,0.5,410,multiscale_weighted,15,3,0.4839766142392568,ok
main,NINO34,random,0.5,410,multiscale_weighted,16,3,0.4640182236481567,ok
main,NINO34,random,0.5,410,multiscale_weighted,17,3,0.47272762974734855,ok
main,NINO34,random,0.5,410,multiscale_weighted,18,3,0.4443779639705175,ok
main,NINO34,random,0.5,410,multiscale_weighted,19,3,0.4585215733803331,ok
main,NINO34,random,0.7,410,fprm,0,3,0.4736448260411428,ok
main,NINO34,random,0.7,410,fprm,1,3,0.4661262125909662,ok
main,NINO34,random,0.7,410,fprm,2,3,0.4740979316975138,ok
main,NINO34,random,0.7,410,fprm,3,3,0.5665588940569027,ok
main,NINO34,random,0.7,410,fprm,4,3,0.575555965575074,ok
main,NINO34,random,0.7,410,fprm,5,3,0.46218769582745517,ok
main,NINO34,random,0.7,410,fprm,6,3,0.48568652313692223,ok
main,NINO34,random,0.7,410,fprm,7,3,0.46434242691664246,ok
main,NINO34,random,0.7,410,fprm,8,3,0.45780232733178067,ok
main,NINO34,random,0.7,410,fprm,9,3,0.4530544401208165,ok
main,NINO34,random,0.7,410,fprm,10,3,0.4509756967529162,ok
main,NINO34,random,0.7,410,fprm,11,3,0.5678372260349615,ok
main,NINO34,random,0.7,410,fprm,12,3,0.4549653845078838,ok
main,NINO34,random,0.7,410,fprm,13,3,0.5617837500146245,ok
main,NINO34,random,0.7,410,fprm,14,3,0.46202244958984545,ok
main,NINO34,random,0.7,410,fprm,15,3,0.5082755479295545,ok
main,NINO34,random,0.7,410,fprm,16,3,0.48212899795170894,ok
main,NINO34,random,0.7,410,fprm,17,3,0.47085029040543186,ok
main,NINO34,random,0.7,410,fprm,18,3,0.4641089141182881,ok
main,NINO34,random,0.7,410,fprm,19,3,0.5487720091608078,ok
main,NINO34,random,0.7,410,fprm_tau1,0,3,0.48778420520835725,ok
main,NINO34,random,0.7,410,fprm_tau1,1,3,0.48091888692768253,ok
main,NINO34,random,0.7,410,fprm_tau1,2,3,0.47408121969687533,ok
main,NINO34,random,0.7,410,fprm_tau1,3,3,0.4723582437020848,ok
main,NINO34,random,0.7,410,fprm_tau1,4,3,0.4723435510762302,ok
main,NINO34,random,0.7,410,fprm_tau1,5,3,0.46874192074656934,ok
main,NINO34,random,0.7,410,fprm_tau1,6,3,0.4895292831791149,ok
main,NINO34,random,0.7,410,fprm_tau1,7,3,0.4680027926373079,ok
main,NINO34,random,0.7,410,fprm_tau1,8,3,0.46294102326301906,ok
main,NINO34,random,0.7,410,fprm_tau1,9,3,0.4629685925759714,ok
main,NINO34,random,0.7,410,fprm_tau1,10,3,0.4571617922684883,ok
main,NINO34,random,0.7,410,fprm_tau1,11,3,0.4674140657692892,ok
main,NINO34,random,0.7,410,fprm_tau1,12,3,0.46205270178126456,ok
main,NINO34,random,0.7,410,fprm_tau1,13,3,0.47353169009664114,ok
main,NINO34,random,0.7,410,fprm_tau1,14,3,0.4690107326107693,ok
main,NINO34,random,0.7,410,fprm_tau1,15,3,0.5092138873364181,ok
main,NINO34,random,0.7,410,fprm_tau1,16,3,0.4792855089993866,ok
main,NINO34,random,0.7,410,fprm_tau1,17,3,0.47896377409435903,ok
main,NINO34,random,0.7,410,fprm_tau1,18,3,0.4690161498242496,ok
main,NINO34,random,0.7,410,fprm_tau1,19,3,0.5636782765723509,ok
main,NINO34,random,0.7,410,fprm_tau6,0,3,0.590785100941652,ok
main,NINO34,random,0.7,410,fprm_tau6,1,3,0.4632655582027909,ok
main,NINO34,random,0.7,410,fprm_tau6,2,3,0.4631351079524671,ok
main,NINO34,random,0.7,410,fprm_tau6,3,3,0.4847669074129397,ok
main,NINO34,random,0.7,410,fprm_tau6,4,3,0.5686559925046278,ok
main,NINO34,random,0.7,410,fprm_tau6,5,3,0.45670778243529186,ok
main,NINO34,random,0.7,410,fprm_tau6,6,3,0.567113544395136,ok
main,NINO34,random,0.7,410,fprm_tau6,7,3,0.5385463778240375,ok
main,NINO34,random,0.7,410,fprm_tau6,8,3,0.45338692321874446,ok
main,NINO34,random,0.7,410,fprm_tau6,9,3,0.5655037407050801,ok
main,NINO34,random,0.7,410,fprm_tau6,10,3,0.45692136587234006,ok
main,NINO34,random,0.7,410,fprm_tau6,11,3,0.4793422015256214,ok
main,NINO34,random,0.7,410,fprm_tau6,12,3,0.45116072526855366,ok
main,NINO34,random,0.7,410,fprm_tau6,13,3,0.46249530437399305,ok
main,NINO34,random,0.7,410,fprm_tau6,14,3,0.4514899351904394,ok
main,NINO34,random,0.7,410,fprm_tau6,15,3,0.5004704288360018,ok
main,NINO34,random,0.7,410,fprm_tau6,16,3,0.5267135886113561,ok
main,NINO34,random,0.7,410,fprm_tau6,17,3,0.5735530663821197,ok
main,NINO34,random,0.7,410,fprm_tau6,18,3,0.4623409632959798,ok
main,NINO34,random,0.7,410,fprm_tau6,19,3,0.47150409973202184,ok
main,NINO34,random,0.7,410,gpr_raw,0,3,0.48527945466122996,ok
main,NINO34,random,0.7,410,gpr_raw,1,3,0.4859798719886852,ok
main,NINO34,random,0.7,410,gpr_raw,2,3,0.4968735158983392,ok
main,NINO34,random,0.7,410,gpr_raw,3,3,0.4670597872784885,ok
main,NINO34,random,0.7,410,gpr_raw,4,3,0.4651964021586466,ok
main,NINO34,random,0.7,410,gpr_raw,5,3,0.4666123159404876,ok
main,NINO34,random,0.7,410,gpr_raw,6,3,0.4955096214491747,ok
main,NINO34,random,0.7,410,gpr_raw,7,3,0.46781522504623735,ok
main,NINO34,random,0.7,410,gpr_raw,8,3,0.46666855410409896,ok
main,NINO34,random,0.7,410,gpr_raw,9,3,0.46279620666256155,ok
main,NINO34,random,0.7,410,gpr_raw,10,3,0.4602337968014003,ok
main,NINO34,random,0.7,410,gpr_raw,11,3,0.47063699389686536,ok
main,NINO34,random,0.7,410,gpr_raw,12,3,0.46534390113239676,ok
main,NINO34,random,0.7,410,gpr_raw,13,3,0.485942025760756,ok
main,NINO34,random,0.7,410,gpr_raw,14,3,0.464357433431061,ok
main,NINO34,random,0.7,410,gpr_raw,15,3,0.48967903697930293,ok
main,NINO34,random,0.7,410,gpr_raw,16,3,0.4829491946831281,ok
main,NINO34,random,0.7,410,gpr_raw,17,3,0.47363555237532173,ok
main,NINO34,random,0.7,410,gpr_raw,18,3,0.4826300405063688,ok
main,NINO34,random,0.7,410,gpr_raw,19,3,0.48877087177383255,ok
main,NINO34,random,0.7,410,linear,0,3,0.5249512054154121,ok
main,NINO34,random,0.7,410,linear,1,3,0.4200225309960747,ok
main,NINO34,random,0.7,410,linear,2,3,0.4792715523047672,ok
main,NINO34,random,0.7,410,linear,3,3,0.4690098815656822,ok
main,NINO34,random,0.7,410,linear,4,3,0.5318317994310693,ok
main,NINO34,random,0.7,410,linear,5,3,0.49686293950688026,ok
main,NINO34,random,0.7,410,linear,6,3,0.45523013633069714,ok
main,NINO34,random,0.7,410,linear,7,3,0.37815695437695157,ok
main,NINO34,random,0.7,410,linear,8,3,0.3668277888229743,ok
main,NINO34,random,0.7,410,linear,9,3,0.39271721941591586,ok
main,NINO34,random,0.7,410,linear,10,3,0.38716900374810903,ok
main,NINO34,random,0.7,410,linear,11,3,0.4321377957814456,ok
main,NINO34,random,0.7,410,linear,12,3,0.5464638193967682,ok
main,NINO34,random,0.7,410,linear,13,3,0.3948518532125462,ok
main,NINO34,random,0.7,410,linear,14,3,0.3895323801512898,ok
main,NINO34,random,0.7,410,linear,15,3,0.44836449193205813,ok
main,NINO34,random,0.7,410,linear,16,3,0.43128220834529224,ok
main,NINO34,random,0.7,410,linear,17,3,0.44243643051969245,ok
main,NINO34,random,0.7,410,linear,18,3,0.4035384771188087,ok
main,NINO34,random,0.7,410,linear,19,3,0.536814766947251,ok
main,NINO34,random,0.7,410,mean,0,3,1.0322133356071876,ok
main,NINO34,random,0.7,410,mean,1,3,1.0204062209784925,ok
main,NINO34,random,0.7,410,mean,2,3,1.0015156191662473,ok
main,NINO34,random,0.7,410,mean,3,3,1.009895629671538,ok
main,NINO34,random,0.7,410,mean,4,3,1.0114022033763623,ok
main,NINO34,random,0.7,410,mean,5,3,1.0119813325778597,ok
main,NINO34,random,0.7,410,mean,6,3,1.011136404596635,ok
main,NINO34,random,0.7,410,mean,7,3,1.0013057967147516,ok
main,NINO34,random,0.7,410,mean,8,3,1.0007429194178237,ok
main,NINO34,random,0.7,410,mean,9,3,1.0057548082507832,ok
main,NINO34,random,0.7,410,mean,10,3,1.0000754590800545,ok
main,NINO34,random,0.7,410,mean,11,3,1.0065140813461755,ok
main,NINO34,random,0.7,410,mean,12,3,1.003735793872819,ok
main,NINO34,random,0.7,410,mean,13,3,1.0022451112946984,ok
main,NINO34,random,0.7,410,mean,14,3,1.00180575718427,ok
main,NINO34,random,0.7,410,mean,15,3,1.005546949476215,ok
main,NINO34,random,0.7,410,mean,16,3,1.0012875845310767,ok
main,NINO34,random,0.7,410,mean,17,3,1.0006353817926983,ok
main,NINO34,random,0.7,410,mean,18,3,1.000695124504807,ok
main,NINO34,random,0.7,410,mean,19,3,1.000589993553535,ok
main,NINO34,random,0.7,410,multiscale_equal,0,3,0.4893431323546773,ok
main,NINO34,random,0.7,410,multiscale_equal,1,3,0.4633980764723513,ok
main,NINO34,random,0.7,410,multiscale_equal,2,3,0.4599814760080309,ok
main,NINO34,random,0.7,410,multiscale_equal,3,3,0.4798991771568495,ok
main,NINO34,random,0.7,410,multiscale_equal,4,3,0.5221513629591613,ok
main,NINO34,random,0.7,410,multiscale_equal,5,3,0.4557071727360625,ok
main,NINO34,random,0.7,410,multiscale_equal,6,3,0.47127817351080914,ok
main,NINO34,random,0.7,410,multiscale_equal,7,3,0.4646151985079648,ok
main,NINO34,random,0.7,410,multiscale_equal,8,3,0.4545434533386796,ok
main,NINO34,random,0.7,410,multiscale_equal,9,3,0.47818355122592515,ok
main,NINO34,random,0.7,410,multiscale_equal,10,3,0.44229172667675365,ok
main,NINO34,random,0.7,410,multiscale_equal,11,3,0.47895132675761215,ok
main,NINO34,random,0.7,410,multiscale_equal,12,3,0.4421242791359403,ok
main,NINO34,random,0.7,410,multiscale_equal,13,3,0.4705480463437514,ok
main,NINO34,random,0.7,410,multiscale_equal,14,3,0.4537504775569787,ok
main,NINO34,random,0.7,410,multiscale_equal,15,3,0.4924781979440728,ok
main,NINO34,random,0.7,410,multiscale_equal,16,3,0.46959931552689566,ok
main,NINO34,random,0.7,410,multiscale_equal,17,3,0.4876562397632238,ok
main,NINO34,random,0.7,410,multiscale_equal,18,3,0.4560236284050578,ok
main,NINO34,random,0.7,410,multiscale_equal,19,3,0.5013615118164002,ok
main,NINO34,random,0.7,410,multiscale_weighted,0,3,0.4874088325742109,ok
main,NINO34,random,0.7,410,multiscale_weighted,1,3,0.4647641868994808,ok
main,NINO34,random,0.7,410,multiscale_weighted,2,3,0.46025684130652794,ok
main,NINO34,random,0.7,410,multiscale_weighted,3,3,0.4778627352538411,ok
main,NINO34,random,0.7,410,multiscale_weighted,4,3,0.5159596862293574,ok
main,NINO34,random,0.7,410,multiscale_weighted,5,3,0.45550952142485773,ok
main,NINO34,random,0.7,410,multiscale_weighted,6,3,0.47117710915334987,ok
main,NINO34,random,0.7,410,multiscale_weighted,7,3,0.4621146804289748,ok
main,NINO34,random,0.7,410,multiscale_weighted,8,3,0.45460564849346946,ok
main,NINO34,random,0.7,410,multiscale_weighted,9,3,0.47371981523825646,ok
main,NINO34,random,0.7,410,multiscale_weighted,10,3,0.44275510646492533,ok
main,NINO34,random,0.7,410,multiscale_weighted,11,3,0.47586239510143863,ok
main,NINO34,random,0.7,410,multiscale_weighted,12,3,0.44263333358760093,ok
main,NINO34,random,0.7,410,multiscale_weighted,13,3,0.46852355803811935,ok
main,NINO34,random,0.7,410,multiscale_weighted,14,3,0.45510767186635254,ok
main,NINO34,random,0.7,410,multiscale_weighted,15,3,0.4926710787411997,ok
main,NINO34,random,0.7,410,multiscale_weighted,16,3,0.4693266383472547,ok
main,NINO34,random,0.7,410,multiscale_weighted,17,3,0.487678969257,ok
main,NINO34,random,0.7,410,multiscale_weighted,18,3,0.45647392633576217,ok
main,NINO34,random,0.7,410,multiscale_weighted,19,3,0.5132038720615913,ok
main,NINO34,random,0.9,410,fprm,0,3,0.4905169536331447,ok
main,NINO34,random,0.9,410,fprm,1,3,0.596593139790051,ok
main,NINO34,random,0.9,410,fprm,2,3,0.5121383669487864,ok
main,NINO34,random,0.9,410,fprm,3,3,0.5260509669891845,ok
main,NINO34,random,0.9,410,fprm,4,3,0.515495908899453,ok
main,NINO34,random,0.9,410,fprm,5,3,0.5978295255252465,ok
main,NINO34,random,0.9,410,fprm,6,3,0.6158321452371722,ok
main,NINO34,random,0.9,410,fprm,7,3,0.582961054128404,ok
main,NINO34,random,0.9,410,fprm,8,3,0.5085547905265945,ok
main,NINO34,random,0.9,410,fprm,9,3,0.5084977108522817,ok
main,NINO34,random,0.9,410,fprm,10,3,0.5264957235542449,ok
main,NINO34,random,0.9,410,fprm,11,3,0.4934389343856491,ok
main,NINO34,random,0.9,410,fprm,12,3,0.5416689082537457,ok
main,NINO34,random,0.9,410,fprm,13,3,0.5844909648052966,ok
main,NINO34,random,0.9,410,fprm,14,3,0.6126009762188644,ok
main,NINO34,random,0.9,410,fprm,15,3,0.5234566593731401,ok
main,NINO34,random,0.9,410,fprm,16,3,0.47989656492055693,ok
main,NINO34,random,0.9,410,fprm,17,3,0.49038782325017644,ok
main,NINO34,random,0.9,410,fprm,18,3,0.5202872098668528,ok
main,NINO34,random,0.9,410,fprm,19,3,0.4930515080596638,ok
main,NINO34,random,0.9,410,fprm_tau1,0,3,0.6032278690655509,ok
main,NINO34,random,0.9,410,fprm_tau1,1,3,0.6451952772985247,ok
main,NINO34,random,0.9,410,fprm_tau1,2,3,0.5905223491469602,ok
main,NINO34,random,0.9,410,fprm_tau1,3,3,0.5024974071031894,ok
main,NINO34,random,0.9,410,fprm_tau1,4,3,0.50347387090181,ok
main,NINO34,random,0.9,410,fprm_tau1,5,3,0.6045683059531624,ok
main,NINO34,random,0.9,410,fprm_tau1,6,3,0.6046618885861436,ok
main,NINO34,random,0.9,410,fprm_tau1,7,3,0.6022186173472521,ok
main,NINO34,random,0.9,410,fprm_tau1,8,3,0.4974130721817036,ok
main,NINO34,random,0.9,410,fprm_tau1,9,3,0.5011590805004115,ok
main,NINO34,random,0.9,410,fprm_tau1,10,3,0.4797204431264315,ok
main,NINO34,random,0.9,410,fprm_tau1,11,3,0.4875638287640829,ok
main,NINO34,random,0.9,410,fprm_tau1,12,3,0.566531357320507,ok
main,NINO34,random,0.9,410,fprm_tau1,13,3,0.4862960685218905,ok
main,NINO34,random,0.9,410,fprm_tau1,14,3,0.5398389684612773,ok
main,NINO34,random,0.9,410,fprm_tau1,15,3,0.519609978818009,ok
main,NINO34,random,0.9,410,fprm_tau1,16,3,0.47426723750385574,ok
main,NINO34,random,0.9,410,fprm_tau1,17,3,0.516577032670125,ok
main,NINO34,random,0.9,410,fprm_tau1,18,3,0.5155587978732501,ok
main,NINO34,random,0.9,410,fprm_tau1,19,3,0.5245248386793657,ok
main,NINO34,random,0.9,410,fprm_tau6,0,3,0.5010526617517338,ok
main,NINO34,random,0.9,410,fprm_tau6,1,3,0.5946911559614895,ok
main,NINO34,random,0.9,410,fprm_tau6,2,3,0.5285241794651226,ok
main,NINO34,random,0.9,410,fprm_tau6,3,3,0.5327492957306439,ok
main,NINO34,random,0.9,410,fprm_tau6,4,3,0.4918728692081273,ok
main,NINO34,random,0.9,410,fprm_tau6,5,3,0.5297189921338386,ok
main,NINO34,random,0.9,410,fprm_tau6,6,3,0.5377038385766637,ok
main,NINO34,random,0.9,410,fprm_tau6,7,3,0.521733721755367,ok
main,NINO34,random,0.9,410,fprm_tau6,8,3,0.49484755217741244,ok
main,NINO34,random,0.9,410,fprm_tau6,9,3,0.5075858261805187,ok
main,NINO34,random,0.9,410,fprm_tau6,10,3,0.49837916045431757,ok
main,NINO34,random,0.9,410,fprm_tau6,11,3,0.5798588978651597,ok
main,NINO34,random,0.9,410,fprm_tau6,12,3,0.5759919494419133,ok
main,NINO34,random,0.9,410,fprm_tau6,13,3,0.5835113669130135,ok
main,NINO34,random,0.9,410,fprm_tau6,14,3,0.5169269202402565,ok
main,NINO34,random,0.9,410,fprm_tau6,15,3,0.5018674817102412,ok
main,NINO34,random,0.9,410,fprm_tau6,16,3,0.4846085282175334,ok
main,NINO34,random,0.9,410,fprm_tau6,17,3,0.5731134013310241,ok
main,NINO34,random,0.9,410,fprm_tau6,18,3,0.5104965832284272,ok
main,NINO34,random,0.9,410,fprm_tau6,19,3,0.4841854512315163,ok
main,NINO34,random,0.9,410,gpr_raw,0,3,0.4845056503404641,ok
main,NINO34,random,0.9,410,gpr_raw,1,3,0.5612825734375101,ok
main,NINO34,random,0.9,410,gpr_raw,2,3,0.5014423898494806,ok
main,NINO34,random,0.9,410,gpr_raw,3,3,0.48912969888388497,ok
main,NINO34,random,0.9,410,gpr_raw,4,3,0.5009576221087154,ok
main,NINO34,random,0.9,410,gpr_raw,5,3,0.551054772407772,ok
main,NINO34,random,0.9,410,gpr_raw,6,3,0.5277671971055407,ok
main,NINO34,random,0.9,410,gpr_raw,7,3,0.5442336604865442,ok
main,NINO34,random,0.9,410,gpr_raw,8,3,0.4921862479377646,ok
main,NINO34,random,0.9,410,gpr_raw,9,3,0.48277337627155054,ok
main,NINO34,random,0.9,410,gpr_raw,10,3,0.49710162116948253,ok
main,NINO34,random,0.9,410,gpr_raw,11,3,0.4794317166805258,ok
main,NINO34,random,0.9,410,gpr_raw,12,3,0.5064439881800874,ok
main,NINO34,random,0.9,410,gpr_raw,13,3,0.4993329793986733,ok
main,NINO34,random,0.9,410,gpr_raw,14,3,0.5351097481411616,ok
main,NINO34,random,0.9,410,gpr_raw,15,3,0.5138172558639521,ok
main,NINO34,random,0.9,410,gpr_raw,16,3,0.4805833415370285,ok
main,NINO34,random,0.9,410,gpr_raw,17,3,0.48597536761523835,ok
main,NINO34,random,0.9,410,gpr_raw,18,3,0.532943883650948,ok
main,NINO34,random,0.9,410,gpr_raw,19,3,0.5002250504187672,ok
main,NINO34,random,0.9,410,linear,0,3,0.8957959352948391,ok
main,NINO34,random,0.9,410,linear,1,3,0.8857798004439138,ok
main,NINO34,random,0.9,410,linear,2,3,0.8287091895674119,ok
main,NINO34,random,0.9,410,linear,3,3,0.775816889824973,ok
main,NINO34,random,0.9,410,linear,4,3,0.8273160959405267,ok
main,NINO34,random,0.9,410,linear,5,3,0.9562642421174449,ok
main,NINO34,random,0.9,410,linear,6,3,0.823964061044793,ok
main,NINO34,random,0.9,410,linear,7,3,0.9183635938252669,ok
main,NINO34,random,0.9,410,linear,8,3,0.7933206174066011,ok
main,NINO34,random,0.9,410,linear,9,3,0.8308367859656043,ok
main,NINO34,random,0.9,410,linear,10,3,0.7757754147281507,ok
main,NINO34,random,0.9,410,linear,11,3,0.9299827027766993,ok
main,NINO34,random,0.9,410,linear,12,3,0.8443708225284979,ok
main,NINO34,random,0.9,410,linear,13,3,0.843433282230012,ok
main,NINO34,random,0.9,410,linear,14,3,0.8895031610548229,ok
main,NINO34,random,0.9,410,linear,15,3,0.8156704881656749,ok
main,NINO34,random,0.9,410,linear,16,3,0.7426026506718606,ok
main,NINO34,random,0.9,410,linear,17,3,0.8544415003110514,ok
main,NINO34,random,0.9,410,linear,18,3,0.9179509472949624,ok
main,NINO34,random,0.9,410,linear,19,3,0.8127212911192498,ok
main,NINO34,random,0.9,410,mean,0,3,1.0300731154622007,ok
main,NINO34,random,0.9,410,mean,1,3,1.0272534188402238,ok
main,NINO34,random,0.9,410,mean,2,3,1.0041174131594468,ok
main,NINO34,random,0.9,410,mean,3,3,1.027288269186847,ok
main,NINO34,random,0.9,410,mean,4,3,1.0193542573683638,ok
main,NINO34,random,0.9,410,mean,5,3,1.0244750621674823,ok
main,NINO34,random,0.9,410,mean,6,3,1.012740053210585,ok
main,NINO34,random,0.9,410,mean,7,3,1.0087791963270096,ok
main,NINO34,random,0.9,410,mean,8,3,1.0028900931886844,ok
main,NINO34,random,0.9,410,mean,9,3,0.9996451152599586,ok
main,NINO34,random,0.9,410,mean,10,3,1.0042291150246239,ok
main,NINO34,random,0.9,410,mean,11,3,0.9997446246250927,ok
main,NINO34,random,0.9,410,mean,12,3,1.0003559028454154,ok
main,NINO34,random,0.9,410,mean,13,3,1.0205295843611466,ok
main,NINO34,random,0.9,410,mean,14,3,1.0219539529488764,ok
main,NINO34,random,0.9,410,mean,15,3,1.0240823430128547,ok
main,NINO34,random,0.9,410,mean,16,3,1.005353285969287,ok
main,NINO34,random,0.9,410,mean,17,3,1.0133079019686104,ok
main,NINO34,random,0.9,410,mean,18,3,1.026434095520462,ok
main,NINO34,random,0.9,410,mean,19,3,1.0200203651051831,ok
main,NINO34,random,0.9,410,multiscale_equal,0,3,0.49953479333214307,ok
main,NINO34,random,0.9,410,multiscale_equal,1,3,0.5854610514135948,ok
main,NINO34,random,0.9,410,multiscale_equal,2,3,0.5239420399349113,ok
main,NINO34,random,0.9,410,multiscale_equal,3,3,0.5094041005264366,ok
main,NINO34,random,0.9,410,multiscale_equal,4,3,0.49338668599468666,ok
main,NINO34,random,0.9,410,multiscale_equal,5,3,0.5554375646721285,ok
main,NINO34,random,0.9,410,multiscale_equal,6,3,0.5627255261345506,ok
main,NINO34,random,0.9,410,multiscale_equal,7,3,0.5502921326732437,ok
main,NINO34,random,0.9,410,multiscale_equal,8,3,0.4709412014387307,ok
main,NINO34,random,0.9,410,multiscale_equal,9,3,0.49591188992634255,ok
main,NINO34,random,0.9,410,multiscale_equal,10,3,0.48367283469018957,ok
main,NINO34,random,0.9,410,multiscale_equal,11,3,0.5008746682081141,ok
main,NINO34,random,0.9,410,multiscale_equal,12,3,0.5495113999927178,ok
main,NINO34,random,0.9,410,multiscale_equal,13,3,0.5245514549745317,ok
main,NINO34,random,0.9,410,multiscale_equal,14,3,0.5285643511569581,ok
main,NINO34,random,0.9,410,multiscale_equal,15,3,0.4951327432739691,ok
main,NINO34,random,0.9,410,multiscale_equal,16,3,0.46947985272587506,ok
main,NINO34,random,0.9,410,multiscale_equal,17,3,0.5016665020761298,ok
main,NINO34,random,0.9,410,multiscale_equal,18,3,0.5070435122737031,ok
main,NINO34,random,0.9,410,multiscale_equal,19,3,0.49280629022920097,ok
main,NINO34,random,0.9,410,multiscale_weighted,0,3,0.5003604168387005,ok
main,NINO34,random,0.9,410,multiscale_weighted,1,3,0.5833422809868097,ok
main,NINO34,random,0.9,410,multiscale_weighted,2,3,0.5256688913060705,ok
main,NINO34,random,0.9,410,multiscale_weighted,3,3,0.5086719099394901,ok
main,NINO34,random,0.9,410,multiscale_weighted,4,3,0.49219485436101623,ok
main,NINO34,random,0.9,410,multiscale_weighted,5,3,0.5543813627148447,ok
main,NINO34,random,0.9,410,multiscale_weighted,6,3,0.5610588026582001,ok
main,NINO34,random,0.9,410,multiscale_weighted,7,3,0.5533188646894094,ok
main,NINO34,random,0.9,410,multiscale_weighted,8,3,0.47216277557381403,ok
main,NINO34,random,0.9,410,multiscale_weighted,9,3,0.4952018244252658,ok
main,NINO34,random,0.9,410,multiscale_weighted,10,3,0.4888887924692871,ok
main,NINO34,random,0.9,410,multiscale_weighted,11,3,0.5012178720501138,ok
main,NINO34,random,0.9,410,multiscale_weighted,12,3,0.5500495732163427,ok
main,NINO34,random,0.9,410,multiscale_weighted,13,3,0.5141676136603072,ok
main,NINO34,random,0.9,410,multiscale_weighted,14,3,0.5291971006075457,ok
main,NINO34,random,0.9,410,multiscale_weighted,15,3,0.4931707938396685,ok
main,NINO34,random,0.9,410,multiscale_weighted,16,3,0.470168505431204,ok
main,NINO34,random,0.9,410,multiscale_weighted,17,3,0.5008398591804547,ok
main,NINO34,random,0.9,410,multiscale_weighted,18,3,0.5079669430068573,ok
main,NINO34,random,0.9,410,multiscale_weighted,19,3,0.4919568713135786,ok
reference_check,NINO3,random,0.1,410,fprm,0,3,0.5103013090041761,ok
reference_check,NINO3,random,0.1,410,fprm,1,3,0.4866859047549023,ok
reference_check,NINO3,random,0.1,410,fprm,2,3,0.5554802838127508,ok
reference_check,NINO3,random,0.1,410,fprm,3,3,0.4683453080449745,ok
reference_check,NINO3,random,0.1,410,fprm,4,3,0.49088827572833926,ok
reference_check,NINO3,random,0.1,410,fprm,5,3,0.4208538993306264,ok
reference_check,NINO3,random,0.1,410,fprm,6,3,0.45121122934443775,ok
reference_check,NINO3,random,0.1,410,fprm,7,3,0.4359808265253316,ok
reference_check,NINO3,random,0.1,410,fprm,8,3,0.5665676264220014,ok
reference_check,NINO3,random,0.1,410,fprm,9,3,0.4533261335559498,ok
reference_check,NINO3,random,0.1,410,fprm,10,3,0.5032998700066398,ok
reference_check,NINO3,random,0.1,410,fprm,11,3,0.5080410212155304,ok
reference_check,NINO3,random,0.1,410,fprm,12,3,0.4667628843082592,ok
reference_check,NINO3,random,0.1,410,fprm,13,3,0.4835669770918103,ok
reference_check,NINO3,random,0.1,410,fprm,14,3,0.519247854501197,ok
reference_check,NINO3,random,0.1,410,fprm,15,3,0.49539858066838566,ok
reference_check,NINO3,random,0.1,410,fprm,16,3,0.5319879230198002,ok
reference_check,NINO3,random,0.1,410,fprm,17,3,0.4535716635879931,ok
reference_check,NINO3,random,0.1,410,fprm,18,3,0.4398489190202403,ok
reference_check,NINO3,random,0.1,410,fprm,19,3,0.5473984341638966,ok
reference_check,NINO3,random,0.1,410,fprm_tau1,0,3,0.514595611034372,ok
reference_check,NINO3,random,0.1,410,fprm_tau1,1,3,0.5008008987479036,ok
reference_check,NINO3,random,0.1,410,fprm_tau1,2,3,0.5671007999123298,ok
reference_check,NINO3,random,0.1,410,fprm_tau1,3,3,0.48052924832699245,ok
reference_check,NINO3,random,0.1,410,fprm_tau1,4,3,0.5072341055694739,ok
reference_check,NINO3,random,0.1,410,fprm_tau1,5,3,0.44258786699199054,ok
reference_check,NINO3,random,0.1,410,fprm_tau1,6,3,0.458930779930036,ok
reference_check,NINO3,random,0.1,410,fprm_tau1,7,3,0.44509726485527196,ok
reference_check,NINO3,random,0.1,410,fprm_tau1,8,3,0.5722005672168089,ok
reference_check,NINO3,random,0.1,410,fprm_tau1,9,3,0.4569413724878508,ok
reference_check,NINO3,random,0.1,410,fprm_tau1,10,3,0.5183594686357472,ok
reference_check,NINO3,random,0.1,410,fprm_tau1,11,3,0.5187716416015776,ok
reference_check,NINO3,random,0.1,410,fprm_tau1,12,3,0.48010031294542316,ok
reference_check,NINO3,random,0.1,410,fprm_tau1,13,3,0.4934700759873645,ok
reference_check,NINO3,random,0.1,410,fprm_tau1,14,3,0.5315874919136525,ok
reference_check,NINO3,random,0.1,410,fprm_tau1,15,3,0.4997539593692883,ok
reference_check,NINO3,random,0.1,410,fprm_tau1,16,3,0.5495673018793955,ok
reference_check,NINO3,random,0.1,410,fprm_tau1,17,3,0.475549782659374,ok
reference_check,NINO3,random,0.1,410,fprm_tau1,18,3,0.45864307343104077,ok
reference_check,NINO3,random,0.1,410,fprm_tau1,19,3,0.5586716204413328,ok
reference_check,NINO3,random,0.1,410,fprm_tau6,0,3,0.4706819749756613,ok
reference_check,NINO3,random,0.1,410,fprm_tau6,1,3,0.4642676434598763,ok
reference_check,NINO3,random,0.1,410,fprm_tau6,2,3,0.5299233966938056,ok
reference_check,NINO3,random,0.1,410,fprm_tau6,3,3,0.46157909368998107,ok
reference_check,NINO3,random,0.1,410,fprm_tau6,4,3,0.4932321996165907,ok
reference_check,NINO3,random,0.1,410,fprm_tau6,5,3,0.4096073115667845,ok
reference_check,NINO3,random,0.1,410,fprm_tau6,6,3,0.4441320109721855,ok
reference_check,NINO3,random,0.1,410,fprm_tau6,7,3,0.4314661374387904,ok
reference_check,NINO3,random,0.1,410,fprm_tau6,8,3,0.6896263064642617,ok
reference_check,NINO3,random,0.1,410,fprm_tau6,9,3,0.4453670503598885,ok
reference_check,NINO3,random,0.1,410,fprm_tau6,10,3,0.4943876730898913,ok
reference_check,NINO3,random,0.1,410,fprm_tau6,11,3,0.4847024914854812,ok
reference_check,NINO3,random,0.1,410,fprm_tau6,12,3,0.44600115310987754,ok
reference_check,NINO3,random,0.1,410,fprm_tau6,13,3,0.47356558904149937,ok
reference_check,NINO3,random,0.1,410,fprm_tau6,14,3,0.5218052453671012,ok
reference_check,NINO3,random,0.1,410,fprm_tau6,15,3,0.47713622500308145,ok
reference_check,NINO3,random,0.1,410,fprm_tau6,16,3,0.5200015704067603,ok
reference_check,NINO3,random,0.1,410,fprm_tau6,17,3,0.4504076216762411,ok
reference_check,NINO3,random,0.1,410,fprm_tau6,18,3,0.42416566408108075,ok
reference_check,NINO3,random,0.1,410,fprm_tau6,19,3,0.5302861351375162,ok
reference_check,NINO3,random,0.1,410,multiscale_equal,0,3,0.49060292472574124,ok
reference_check,NINO3,random,0.1,410,multiscale_equal,1,3,0.4793529075991187,ok
reference_check,NINO3,random,0.1,410,multiscale_equal,2,3,0.5452601654580475,ok
reference_check,NINO3,random,0.1,410,multiscale_equal,3,3,0.46483506221870696,ok
reference_check,NINO3,random,0.1,410,multiscale_equal,4,3,0.4906768053280873,ok
reference_check,NINO3,random,0.1,410,multiscale_equal,5,3,0.41618596199455027,ok
reference_check,NINO3,random,0.1,410,multiscale_equal,6,3,0.4427913914258845,ok
reference_check,NINO3,random,0.1,410,multiscale_equal,7,3,0.4337405737451416,ok
reference_check,NINO3,random,0.1,410,multiscale_equal,8,3,0.5664674093482321,ok
reference_check,NINO3,random,0.1,410,multiscale_equal,9,3,0.44089274610922263,ok
reference_check,NINO3,random,0.1,410,multiscale_equal,10,3,0.5005137747787903,ok
reference_check,NINO3,random,0.1,410,multiscale_equal,11,3,0.49981829983299536,ok
reference_check,NINO3,random,0.1,410,multiscale_equal,12,3,0.4596623705723986,ok
reference_check,NINO3,random,0.1,410,multiscale_equal,13,3,0.4770970110360522,ok
reference_check,NINO3,random,0.1,410,multiscale_equal,14,3,0.5160788108895027,ok
reference_check,NINO3,random,0.1,410,multiscale_equal,15,3,0.4834817561619638,ok
reference_check,NINO3,random,0.1,410,multiscale_equal,16,3,0.5263901036625365,ok
reference_check,NINO3,random,0.1,410,multiscale_equal,17,3,0.4539335858394358,ok
reference_check,NINO3,random,0.1,410,multiscale_equal,18,3,0.4312261102496701,ok
reference_check,NINO3,random,0.1,410,multiscale_equal,19,3,0.5394195677714572,ok
reference_check,NINO3,random,0.1,410,multiscale_weighted,0,3,0.4907110006324927,ok
reference_check,NINO3,random,0.1,410,multiscale_weighted,1,3,0.4800085402031697,ok
reference_check,NINO3,random,0.1,410,multiscale_weighted,2,3,0.5462822373649753,ok
reference_check,NINO3,random,0.1,410,multiscale_weighted,3,3,0.4650313601172793,ok
reference_check,NINO3,random,0.1,410,multiscale_weighted,4,3,0.4909445519084971,ok
reference_check,NINO3,random,0.1,410,multiscale_weighted,5,3,0.41788761131365143,ok
reference_check,NINO3,random,0.1,410,multiscale_weighted,6,3,0.4429535307419717,ok
reference_check,NINO3,random,0.1,410,multiscale_weighted,7,3,0.4337936446639698,ok
reference_check,NINO3,random,0.1,410,multiscale_weighted,8,3,0.562449992781579,ok
reference_check,NINO3,random,0.1,410,multiscale_weighted,9,3,0.4414312947633301,ok
reference_check,NINO3,random,0.1,410,multiscale_weighted,10,3,0.5007938268893325,ok
reference_check,NINO3,random,0.1,410,multiscale_weighted,11,3,0.5005318157974776,ok
reference_check,NINO3,random,0.1,410,multiscale_weighted,12,3,0.4606243570714135,ok
reference_check,NINO3,random,0.1,410,multiscale_weighted,13,3,0.47743143697981755,ok
reference_check,NINO3,random,0.1,410,multiscale_weighted,14,3,0.5164510787234575,ok
reference_check,NINO3,random,0.1,410,multiscale_weighted,15,3,0.4840989738624997,ok
reference_check,NINO3,random,0.1,410,multiscale_weighted,16,3,0.5270895566835301,ok
reference_check,NINO3,random,0.1,410,multiscale_weighted,17,3,0.45427540106184255,ok
reference_check,NINO3,random,0.1,410,multiscale_weighted,18,3,0.4319596343647767,ok
reference_check,NINO3,random,0.1,410,multiscale_weighted,19,3,0.5397304401098331,ok
reference_check,NINO3,random,0.3,410,fprm,0,3,0.49686827653928106,ok
reference_check,NINO3,random,0.3,410,fprm,1,3,0.4791232793286106,ok
reference_check,NINO3,random,0.3,410,fprm,2,3,0.45581200386311593,ok
reference_check,NINO3,random,0.3,410,fprm,3,3,0.4953300165542785,ok
reference_check,NINO3,random,0.3,410,fprm,4,3,0.4573441220911902,ok
reference_check,NINO3,random,0.3,410,fprm,5,3,0.47037182203207756,ok
reference_check,NINO3,random,0.3,410,fprm,6,3,0.48931169884242204,ok
reference_check,NINO3,random,0.3,410,fprm,7,3,0.4446656545264185,ok
reference_check,NINO3,random,0.3,410,fprm,8,3,0.4970936170255764,ok
reference_check,NINO3,random,0.3,410,fprm,9,3,0.445045990632488,ok
reference_check,NINO3,random,0.3,410,fprm,10,3,0.6070887382805054,ok
reference_check,NINO3,random,0.3,410,fprm,11,3,0.611935137777306,ok
reference_check,NINO3,random,0.3,410,fprm,12,3,0.4666311917128166,ok
reference_check,NINO3,random,0.3,410,fprm,13,3,0.48648718906213756,ok
reference_check,NINO3,random,0.3,410,fprm,14,3,0.4825422686055294,ok
reference_check,NINO3,random,0.3,410,fprm,15,3,0.5055381990521983,ok
reference_check,NINO3,random,0.3,410,fprm,16,3,0.4844182458079533,ok
reference_check,NINO3,random,0.3,410,fprm,17,3,0.4696605110620445,ok
reference_check,NINO3,random,0.3,410,fprm,18,3,0.4619758575782324,ok
reference_check,NINO3,random,0.3,410,fprm,19,3,0.5165700963181101,ok
reference_check,NINO3,random,0.3,410,fprm_tau1,0,3,0.5130697217456008,ok
reference_check,NINO3,random,0.3,410,fprm_tau1,1,3,0.4930590217245987,ok
reference_check,NINO3,random,0.3,410,fprm_tau1,2,3,0.4619230829653174,ok
reference_check,NINO3,random,0.3,410,fprm_tau1,3,3,0.5009313205147018,ok
reference_check,NINO3,random,0.3,410,fprm_tau1,4,3,0.4701872711683481,ok
reference_check,NINO3,random,0.3,410,fprm_tau1,5,3,0.48083023527266233,ok
reference_check,NINO3,random,0.3,410,fprm_tau1,6,3,0.5012681148305367,ok
reference_check,NINO3,random,0.3,410,fprm_tau1,7,3,0.45307858401708095,ok
reference_check,NINO3,random,0.3,410,fprm_tau1,8,3,0.5018000601808795,ok
reference_check,NINO3,random,0.3,410,fprm_tau1,9,3,0.45364262983738035,ok
reference_check,NINO3,random,0.3,410,fprm_tau1,10,3,0.4705884475521695,ok
reference_check,NINO3,random,0.3,410,fprm_tau1,11,3,0.4859816354573014,ok
reference_check,NINO3,random,0.3,410,fprm_tau1,12,3,0.47786398376658656,ok
reference_check,NINO3,random,0.3,410,fprm_tau1,13,3,0.49041327316252276,ok
reference_check,NINO3,random,0.3,410,fprm_tau1,14,3,0.49595155193352053,ok
reference_check,NINO3,random,0.3,410,fprm_tau1,15,3,0.49635623575147214,ok
reference_check,NINO3,random,0.3,410,fprm_tau1,16,3,0.49682853504982627,ok
reference_check,NINO3,random,0.3,410,fprm_tau1,17,3,0.4887543696486916,ok
reference_check,NINO3,random,0.3,410,fprm_tau1,18,3,0.47323296137630705,ok
reference_check,NINO3,random,0.3,410,fprm_tau1,19,3,0.5217768659460673,ok
reference_check,NINO3,random,0.3,410,fprm_tau6,0,3,0.4846856590560158,ok
reference_check,NINO3,random,0.3,410,fprm_tau6,1,3,0.4671307669538905,ok
reference_check,NINO3,random,0.3,410,fprm_tau6,2,3,0.4518401803077814,ok
reference_check,NINO3,random,0.3,410,fprm_tau6,3,3,0.4827762105085394,ok
reference_check,NINO3,random,0.3,410,fprm_tau6,4,3,0.4476122105485856,ok
reference_check,NINO3,random,0.3,410,fprm_tau6,5,3,0.46307709435340044,ok
reference_check,NINO3,random,0.3,410,fprm_tau6,6,3,0.47307874651892173,ok
reference_check,NINO3,random,0.3,410,fprm_tau6,7,3,0.43776456557819304,ok
reference_check,NINO3,random,0.3,410,fprm_tau6,8,3,0.4904207866866257,ok
reference_check,NINO3,random,0.3,410,fprm_tau6,9,3,0.4371772989692022,ok
reference_check,NINO3,random,0.3,410,fprm_tau6,10,3,0.45725642427124075,ok
reference_check,NINO3,random,0.3,410,fprm_tau6,11,3,0.46732727902225496,ok
reference_check,NINO3,random,0.3,410,fprm_tau6,12,3,0.45002792748838744,ok
reference_check,NINO3,random,0.3,410,fprm_tau6,13,3,0.48027129103280136,ok
reference_check,NINO3,random,0.3,410,fprm_tau6,14,3,0.6464398509400021,ok
reference_check,NINO3,random,0.3,410,fprm_tau6,15,3,0.6401589551066555,ok
reference_check,NINO3,random,0.3,410,fprm_tau6,16,3,0.46875346902690046,ok
reference_check,NINO3,random,0.3,410,fprm_tau6,17,3,0.46627951861872896,ok
reference_check,NINO3,random,0.3,410,fprm_tau6,18,3,0.44916563387469727,ok
reference_check,NINO3,random,0.3,410,fprm_tau6,19,3,0.5024733069754986,ok
reference_check,NINO3,random,0.3,410,multiscale_equal,0,3,0.49499142213498876,ok
reference_check,NINO3,random,0.3,410,multiscale_equal,1,3,0.4745184832354969,ok
reference_check,NINO3,random,0.3,410,multiscale_equal,2,3,0.45263207293094637,ok
reference_check,NINO3,random,0.3,410,multiscale_equal,3,3,0.4858276825311949,ok
reference_check,NINO3,random,0.3,410,multiscale_equal,4,3,0.45144372109390213,ok
reference_check,NINO3,random,0.3,410,multiscale_equal,5,3,0.46472719744550967,ok
reference_check,NINO3,random,0.3,410,multiscale_equal,6,3,0.47878217821756897,ok
reference_check,NINO3,random,0.3,410,multiscale_equal,7,3,0.4420117776693291,ok
reference_check,NINO3,random,0.3,410,multiscale_equal,8,3,0.49303379385921775,ok
reference_check,NINO3,random,0.3,410,multiscale_equal,9,3,0.43822323438194116,ok
reference_check,NINO3,random,0.3,410,multiscale_equal,10,3,0.48271516180797264,ok
reference_check,NINO3,random,0.3,410,multiscale_equal,11,3,0.49439791925510973,ok
reference_check,NINO3,random,0.3,410,multiscale_equal,12,3,0.45996311081717506,ok
reference_check,NINO3,random,0.3,410,multiscale_equal,13,3,0.48043318775031535,ok
reference_check,NINO3,random,0.3,410,multiscale_equal,14,3,0.4931529877540764,ok
reference_check,NINO3,random,0.3,410,multiscale_equal,15,3,0.5138404845891068,ok
reference_check,NINO3,random,0.3,410,multiscale_equal,16,3,0.47678858756728193,ok
reference_check,NINO3,random,0.3,410,multiscale_equal,17,3,0.4700433133901179,ok
reference_check,NINO3,random,0.3,410,multiscale_equal,18,3,0.4582044835354731,ok
reference_check,NINO3,random,0.3,410,multiscale_equal,19,3,0.5085567577397577,ok
reference_check,NINO3,random,0.3,410,multiscale_weighted,0,3,0.49375386256345366,ok
reference_check,NINO3,random,0.3,410,multiscale_weighted,1,3,0.4746481275854791,ok
reference_check,NINO3,random,0.3,410,multiscale_weighted,2,3,0.453310889283738,ok
reference_check,NINO3,random,0.3,410,multiscale_weighted,3,3,0.48509695614775405,ok
reference_check,NINO3,random,0.3,410,multiscale_weighted,4,3,0.4516441696790421,ok
reference_check,NINO3,random,0.3,410,multiscale_weighted,5,3,0.46466848060924465,ok
reference_check,NINO3,random,0.3,410,multiscale_weighted,6,3,0.4798940321743726,ok
reference_check,NINO3,random,0.3,410,multiscale_weighted,7,3,0.44227732653379986,ok
reference_check,NINO3,random,0.3,410,multiscale_weighted,8,3,0.49290569743671836,ok
reference_check,NINO3,random,0.3,410,multiscale_weighted,9,3,0.43897172373749543,ok
reference_check,NINO3,random,0.3,410,multiscale_weighted,10,3,0.47563546214333846,ok
reference_check,NINO3,random,0.3,410,multiscale_weighted,11,3,0.49703134829020734,ok
reference_check,NINO3,random,0.3,410,multiscale_weighted,12,3,0.4606243632224296,ok
reference_check,NINO3,random,0.3,410,multiscale_weighted,13,3,0.4817570384624283,ok
reference_check,NINO3,random,0.3,410,multiscale_weighted,14,3,0.4884178245025353,ok
reference_check,NINO3,random,0.3,410,multiscale_weighted,15,3,0.5025228923951323,ok
reference_check,NINO3,random,0.3,410,multiscale_weighted,16,3,0.4783276412917583,ok
reference_check,NINO3,random,0.3,410,multiscale_weighted,17,3,0.47015303363710187,ok
reference_check,NINO3,random,0.3,410,multiscale_weighted,18,3,0.4571565804958917,ok
reference_check,NINO3,random,0.3,410,multiscale_weighted,19,3,0.510386724244694,ok
reference_check,NINO3,random,0.5,410,fprm,0,3,0.4980862619659557,ok
reference_check,NINO3,random,0.5,410,fprm,1,3,0.4944940437779708,ok
reference_check,NINO3,random,0.5,410,fprm,2,3,0.4656086466617338,ok
reference_check,NINO3,random,0.5,410,fprm,3,3,0.47911411526719844,ok
reference_check,NINO3,random,0.5,410,fprm,4,3,0.5976478302799615,ok
reference_check,NINO3,random,0.5,410,fprm,5,3,0.4845199003470899,ok
reference_check,NINO3,random,0.5,410,fprm,6,3,0.4802406166164279,ok
reference_check,NINO3,random,0.5,410,fprm,7,3,0.47315910000831524,ok
reference_check,NINO3,random,0.5,410,fprm,8,3,0.47698010319097817,ok
reference_check,NINO3,random,0.5,410,fprm,9,3,0.46695241769108814,ok
reference_check,NINO3,random,0.5,410,fprm,10,3,0.47609070696492467,ok
reference_check,NINO3,random,0.5,410,fprm,11,3,0.49709174703778886,ok
reference_check,NINO3,random,0.5,410,fprm,12,3,0.6113901835397707,ok
reference_check,NINO3,random,0.5,410,fprm,13,3,0.49103278268989703,ok
reference_check,NINO3,random,0.5,410,fprm,14,3,0.4811722837580114,ok
reference_check,NINO3,random,0.5,410,fprm,15,3,0.6256969597563352,ok
reference_check,NINO3,random,0.5,410,fprm,16,3,0.49122261863427497,ok
reference_check,NINO3,random,0.5,410,fprm,17,3,0.49728643626420393,ok
reference_check,NINO3,random,0.5,410,fprm,18,3,0.6132197060289916,ok
reference_check,NINO3,random,0.5,410,fprm,19,3,0.4986371562392578,ok
reference_check,NINO3,random,0.5,410,fprm_tau1,0,3,0.5137620321524565,ok
reference_check,NINO3,random,0.5,410,fprm_tau1,1,3,0.5088404843042525,ok
reference_check,NINO3,random,0.5,410,fprm_tau1,2,3,0.4719965373065477,ok
reference_check,NINO3,random,0.5,410,fprm_tau1,3,3,0.4853124368874722,ok
reference_check,NINO3,random,0.5,410,fprm_tau1,4,3,0.4818549010105226,ok
reference_check,NINO3,random,0.5,410,fprm_tau1,5,3,0.49886310473480194,ok
reference_check,NINO3,random,0.5,410,fprm_tau1,6,3,0.48919145238303036,ok
reference_check,NINO3,random,0.5,410,fprm_tau1,7,3,0.4834736538258615,ok
reference_check,NINO3,random,0.5,410,fprm_tau1,8,3,0.4834259498429117,ok
reference_check,NINO3,random,0.5,410,fprm_tau1,9,3,0.4736992725235783,ok
reference_check,NINO3,random,0.5,410,fprm_tau1,10,3,0.47933120231238774,ok
reference_check,NINO3,random,0.5,410,fprm_tau1,11,3,0.4995290140405538,ok
reference_check,NINO3,random,0.5,410,fprm_tau1,12,3,0.48955261665037125,ok
reference_check,NINO3,random,0.5,410,fprm_tau1,13,3,0.4965769206101373,ok
reference_check,NINO3,random,0.5,410,fprm_tau1,14,3,0.4895261765319769,ok
reference_check,NINO3,random,0.5,410,fprm_tau1,15,3,0.5139027920897514,ok
reference_check,NINO3,random,0.5,410,fprm_tau1,16,3,0.5005567817263715,ok
reference_check,NINO3,random,0.5,410,fprm_tau1,17,3,0.5065875155217429,ok
reference_check,NINO3,random,0.5,410,fprm_tau1,18,3,0.48246669991174745,ok
reference_check,NINO3,random,0.5,410,fprm_tau1,19,3,0.5071470442797991,ok
reference_check,NINO3,random,0.5,410,fprm_tau6,0,3,0.48834460008404346,ok
reference_check,NINO3,random,0.5,410,fprm_tau6,1,3,0.49341699381316384,ok
reference_check,NINO3,random,0.5,410,fprm_tau6,2,3,0.4593257120790028,ok
reference_check,NINO3,random,0.5,410,fprm_tau6,3,3,0.6109929198238089,ok
reference_check,NINO3,random,0.5,410,fprm_tau6,4,3,0.46702751200510767,ok
reference_check,NINO3,random,0.5,410,fprm_tau6,5,3,0.48222076574426814,ok
reference_check,NINO3,random,0.5,410,fprm_tau6,6,3,0.47879381474157645,ok
reference_check,NINO3,random,0.5,410,fprm_tau6,7,3,0.47009281361922994,ok
reference_check,NINO3,random,0.5,410,fprm_tau6,8,3,0.4715207147727886,ok
reference_check,NINO3,random,0.5,410,fprm_tau6,9,3,0.46474304361421326,ok
reference_check,NINO3,random,0.5,410,fprm_tau6,10,3,0.4735306180959966,ok
reference_check,NINO3,random,0.5,410,fprm_tau6,11,3,0.49454470766387865,ok
reference_check,NINO3,random,0.5,410,fprm_tau6,12,3,0.4706591913878595,ok
reference_check,NINO3,random,0.5,410,fprm_tau6,13,3,0.6381269564541895,ok
reference_check,NINO3,random,0.5,410,fprm_tau6,14,3,0.48077857327464546,ok
reference_check,NINO3,random,0.5,410,fprm_tau6,15,3,0.6238012687008859,ok
reference_check,NINO3,random,0.5,410,fprm_tau6,16,3,0.48378144380998406,ok
reference_check,NINO3,random,0.5,410,fprm_tau6,17,3,0.5808798208440957,ok
reference_check,NINO3,random,0.5,410,fprm_tau6,18,3,0.4732945568506568,ok
reference_check,NINO3,random,0.5,410,fprm_tau6,19,3,0.4921088856092494,ok
reference_check,NINO3,random,0.5,410,multiscale_equal,0,3,0.495725906502209,ok
reference_check,NINO3,random,0.5,410,multiscale_equal,1,3,0.4918490952217212,ok
reference_check,NINO3,random,0.5,410,multiscale_equal,2,3,0.4605757292353195,ok
reference_check,NINO3,random,0.5,410,multiscale_equal,3,3,0.4989086552382842,ok
reference_check,NINO3,random,0.5,410,multiscale_equal,4,3,0.48740836010302924,ok
reference_check,NINO3,random,0.5,410,multiscale_equal,5,3,0.482808339610616,ok
reference_check,NINO3,random,0.5,410,multiscale_equal,6,3,0.4780261407705962,ok
reference_check,NINO3,random,0.5,410,multiscale_equal,7,3,0.4706139529725177,ok
reference_check,NINO3,random,0.5,410,multiscale_equal,8,3,0.47383676407926184,ok
reference_check,NINO3,random,0.5,410,multiscale_equal,9,3,0.46538007129283443,ok
reference_check,NINO3,random,0.5,410,multiscale_equal,10,3,0.470847012090839,ok
reference_check,NINO3,random,0.5,410,multiscale_equal,11,3,0.49129854932322564,ok
reference_check,NINO3,random,0.5,410,multiscale_equal,12,3,0.4938199242572936,ok
reference_check,NINO3,random,0.5,410,multiscale_equal,13,3,0.4940572066504945,ok
reference_check,NINO3,random,0.5,410,multiscale_equal,14,3,0.4792059844732326,ok
reference_check,NINO3,random,0.5,410,multiscale_equal,15,3,0.5650248908699892,ok
reference_check,NINO3,random,0.5,410,multiscale_equal,16,3,0.48575871866777626,ok
reference_check,NINO3,random,0.5,410,multiscale_equal,17,3,0.49913149862893014,ok
reference_check,NINO3,random,0.5,410,multiscale_equal,18,3,0.4965728702551094,ok
reference_check,NINO3,random,0.5,410,multiscale_equal,19,3,0.49428813138507427,ok
reference_check,NINO3,random,0.5,410,multiscale_weighted,0,3,0.4956130671270061,ok
reference_check,NINO3,random,0.5,410,multiscale_weighted,1,3,0.4920331309049071,ok
reference_check,NINO3,random,0.5,410,multiscale_weighted,2,3,0.4611632835372343,ok
reference_check,NINO3,random,0.5,410,multiscale_weighted,3,3,0.4980684907492252,ok
reference_check,NINO3,random,0.5,410,multiscale_weighted,4,3,0.4883092996685175,ok
reference_check,NINO3,random,0.5,410,multiscale_weighted,5,3,0.4836239553635299,ok
reference_check,NINO3,random,0.5,410,multiscale_weighted,6,3,0.47870863875410413,ok
reference_check,NINO3,random,0.5,410,multiscale_weighted,7,3,0.4711454126250507,ok
reference_check,NINO3,random,0.5,410,multiscale_weighted,8,3,0.47428770393729835,ok
reference_check,NINO3,random,0.5,410,multiscale_weighted,9,3,0.4653241344748593,ok
reference_check,NINO3,random,0.5,410,multiscale_weighted,10,3,0.47080868433750994,ok
reference_check,NINO3,random,0.5,410,multiscale_weighted,11,3,0.49125109436652004,ok
reference_check,NINO3,random,0.5,410,multiscale_weighted,12,3,0.4915597178641454,ok
reference_check,NINO3,random,0.5,410,multiscale_weighted,13,3,0.4946469208961972,ok
reference_check,NINO3,random,0.5,410,multiscale_weighted,14,3,0.4791938257154072,ok
reference_check,NINO3,random,0.5,410,multiscale_weighted,15,3,0.560464605075857,ok
reference_check,NINO3,random,0.5,410,multiscale_weighted,16,3,0.48611322135128,ok
reference_check,NINO3,random,0.5,410,multiscale_weighted,17,3,0.49513572396954997,ok
reference_check,NINO3,random,0.5,410,multiscale_weighted,18,3,0.49608014273788664,ok
reference_check,NINO3,random,0.5,410,multiscale_weighted,19,3,0.4953029772348436,ok
reference_check,NINO3,random,0.7,410,fprm,0,3,0.4982134269208527,ok
reference_check,NINO3,random,0.7,410,fprm,1,3,0.5019702986176952,ok
reference_check,NINO3,random,0.7,410,fprm,2,3,0.48059750728128314,ok
reference_check,NINO3,random,0.7,410,fprm,3,3,0.49401061178810785,ok
reference_check,NINO3,random,0.7,410,fprm,4,3,0.6232747311573624,ok
reference_check,NINO3,random,0.7,410,fprm,5,3,0.4817188341421239,ok
reference_check,NINO3,random,0.7,410,fprm,6,3,0.7756666668855048,ok
reference_check,NINO3,random,0.7,410,fprm,7,3,0.47480921707669105,ok
reference_check,NINO3,random,0.7,410,fprm,8,3,0.6239881688787645,ok
reference_check,NINO3,random,0.7,410,fprm,9,3,0.634209651220653,ok
reference_check,NINO3,random,0.7,410,fprm,10,3,0.4817735706134723,ok
reference_check,NINO3,random,0.7,410,fprm,11,3,0.49129569397044476,ok
reference_check,NINO3,random,0.7,410,fprm,12,3,0.6131371617899943,ok
reference_check,NINO3,random,0.7,410,fprm,13,3,0.49501683058933194,ok
reference_check,NINO3,random,0.7,410,fprm,14,3,0.6090494562904482,ok
reference_check,NINO3,random,0.7,410,fprm,15,3,0.5194066049599718,ok
reference_check,NINO3,random,0.7,410,fprm,16,3,0.4977371291535129,ok
reference_check,NINO3,random,0.7,410,fprm,17,3,0.4988526154365678,ok
reference_check,NINO3,random,0.7,410,fprm,18,3,0.48196110919914387,ok
reference_check,NINO3,random,0.7,410,fprm,19,3,0.5070169173744145,ok
reference_check,NINO3,random,0.7,410,fprm_tau1,0,3,0.5086062626751018,ok
reference_check,NINO3,random,0.7,410,fprm_tau1,1,3,0.5093825186996193,ok
reference_check,NINO3,random,0.7,410,fprm_tau1,2,3,0.4903154435531975,ok
reference_check,NINO3,random,0.7,410,fprm_tau1,3,3,0.5005981137972988,ok
reference_check,NINO3,random,0.7,410,fprm_tau1,4,3,0.4959648280038613,ok
reference_check,NINO3,random,0.7,410,fprm_tau1,5,3,0.49530867146885554,ok
reference_check,NINO3,random,0.7,410,fprm_tau1,6,3,0.5037849308094703,ok
reference_check,NINO3,random,0.7,410,fprm_tau1,7,3,0.4869251750100461,ok
reference_check,NINO3,random,0.7,410,fprm_tau1,8,3,0.48627203208491715,ok
reference_check,NINO3,random,0.7,410,fprm_tau1,9,3,0.48359271025121914,ok
reference_check,NINO3,random,0.7,410,fprm_tau1,10,3,0.48554609569797497,ok
reference_check,NINO3,random,0.7,410,fprm_tau1,11,3,0.5042835790042974,ok
reference_check,NINO3,random,0.7,410,fprm_tau1,12,3,0.4953305414648755,ok
reference_check,NINO3,random,0.7,410,fprm_tau1,13,3,0.497070276741078,ok
reference_check,NINO3,random,0.7,410,fprm_tau1,14,3,0.4896855334239297,ok
reference_check,NINO3,random,0.7,410,fprm_tau1,15,3,0.5145262180647743,ok
reference_check,NINO3,random,0.7,410,fprm_tau1,16,3,0.5002330803603775,ok
reference_check,NINO3,random,0.7,410,fprm_tau1,17,3,0.5008530462275743,ok
reference_check,NINO3,random,0.7,410,fprm_tau1,18,3,0.4826448320123366,ok
reference_check,NINO3,random,0.7,410,fprm_tau1,19,3,0.5158851282298439,ok
reference_check,NINO3,random,0.7,410,fprm_tau6,0,3,0.49884918031269193,ok
reference_check,NINO3,random,0.7,410,fprm_tau6,1,3,0.5126393544067002,ok
reference_check,NINO3,random,0.7,410,fprm_tau6,2,3,0.47716180755645077,ok
reference_check,NINO3,random,0.7,410,fprm_tau6,3,3,0.6192855860737915,ok
reference_check,NINO3,random,0.7,410,fprm_tau6,4,3,0.6214580584668812,ok
reference_check,NINO3,random,0.7,410,fprm_tau6,5,3,0.6115993795951485,ok
reference_check,NINO3,random,0.7,410,fprm_tau6,6,3,0.4985062529898219,ok
reference_check,NINO3,random,0.7,410,fprm_tau6,7,3,0.47737280427737483,ok
reference_check,NINO3,random,0.7,410,fprm_tau6,8,3,0.47261514131908805,ok
reference_check,NINO3,random,0.7,410,fprm_tau6,9,3,0.6066613510063927,ok
reference_check,NINO3,random,0.7,410,fprm_tau6,10,3,0.6477821590972693,ok
reference_check,NINO3,random,0.7,410,fprm_tau6,11,3,0.49632550934708863,ok
reference_check,NINO3,random,0.7,410,fprm_tau6,12,3,0.77785987934192,ok
reference_check,NINO3,random,0.7,410,fprm_tau6,13,3,0.6122029819476302,ok
reference_check,NINO3,random,0.7,410,fprm_tau6,14,3,0.47532777402441706,ok
reference_check,NINO3,random,0.7,410,fprm_tau6,15,3,0.523244946074406,ok
reference_check,NINO3,random,0.7,410,fprm_tau6,16,3,0.48984142576106643,ok
reference_check,NINO3,random,0.7,410,fprm_tau6,17,3,0.4922711167904506,ok
reference_check,NINO3,random,0.7,410,fprm_tau6,18,3,0.4827134348244892,ok
reference_check,NINO3,random,0.7,410,fprm_tau6,19,3,0.5014935381817857,ok
reference_check,NINO3,random,0.7,410,multiscale_equal,0,3,0.49511105627046303,ok
reference_check,NINO3,random,0.7,410,multiscale_equal,1,3,0.5023097416095362,ok
reference_check,NINO3,random,0.7,410,multiscale_equal,2,3,0.4727404000304664,ok
reference_check,NINO3,random,0.7,410,multiscale_equal,3,3,0.5053872576932651,ok
reference_check,NINO3,random,0.7,410,multiscale_equal,4,3,0.5339675383798204,ok
reference_check,NINO3,random,0.7,410,multiscale_equal,5,3,0.5028850568823953,ok
reference_check,NINO3,random,0.7,410,multiscale_equal,6,3,0.5208167193723644,ok
reference_check,NINO3,random,0.7,410,multiscale_equal,7,3,0.4743740741289136,ok
reference_check,NINO3,random,0.7,410,multiscale_equal,8,3,0.5043457947175827,ok
reference_check,NINO3,random,0.7,410,multiscale_equal,9,3,0.5319888224449054,ok
reference_check,NINO3,random,0.7,410,multiscale_equal,10,3,0.5051988700198563,ok
reference_check,NINO3,random,0.7,410,multiscale_equal,11,3,0.49138469188387107,ok
reference_check,NINO3,random,0.7,410,multiscale_equal,12,3,0.5653963174473973,ok
reference_check,NINO3,random,0.7,410,multiscale_equal,13,3,0.5095012048614495,ok
reference_check,NINO3,random,0.7,410,multiscale_equal,14,3,0.4944110100878892,ok
reference_check,NINO3,random,0.7,410,multiscale_equal,15,3,0.5101646626027805,ok
reference_check,NINO3,random,0.7,410,multiscale_equal,16,3,0.4883419992651305,ok
reference_check,NINO3,random,0.7,410,multiscale_equal,17,3,0.489731759370089,ok
reference_check,NINO3,random,0.7,410,multiscale_equal,18,3,0.47567658625717674,ok
reference_check,NINO3,random,0.7,410,multiscale_equal,19,3,0.5026684009047098,ok
reference_check,NINO3,random,0.7,410,multiscale_weighted,0,3,0.49525738415113846,ok
reference_check,NINO3,random,0.7,410,multiscale_weighted,1,3,0.5022606424039485,ok
reference_check,NINO3,random,0.7,410,multiscale_weighted,2,3,0.4738512133113631,ok
reference_check,NINO3,random,0.7,410,multiscale_weighted,3,3,0.49696482374291345,ok
reference_check,NINO3,random,0.7,410,multiscale_weighted,4,3,0.5328278075550805,ok
reference_check,NINO3,random,0.7,410,multiscale_weighted,5,3,0.4958482712031845,ok
reference_check,NINO3,random,0.7,410,multiscale_weighted,6,3,0.5378524843734476,ok
reference_check,NINO3,random,0.7,410,multiscale_weighted,7,3,0.47449644424002874,ok
reference_check,NINO3,random,0.7,410,multiscale_weighted,8,3,0.5051402433949573,ok
reference_check,NINO3,random,0.7,410,multiscale_weighted,9,3,0.5262918454850832,ok
reference_check,NINO3,random,0.7,410,multiscale_weighted,10,3,0.5149590891704877,ok
reference_check,NINO3,random,0.7,410,multiscale_weighted,11,3,0.49173687938465677,ok
reference_check,NINO3,random,0.7,410,multiscale_weighted,12,3,0.5370303178081439,ok
reference_check,NINO3,random,0.7,410,multiscale_weighted,13,3,0.5028688609173612,ok
reference_check,NINO3,random,0.7,410,multiscale_weighted,14,3,0.4956278181063629,ok
reference_check,NINO3,random,0.7,410,multiscale_weighted,15,3,0.5097276571924901,ok
reference_check,NINO3,random,0.7,410,multiscale_weighted,16,3,0.48867231693725016,ok
reference_check,NINO3,random,0.7,410,multiscale_weighted,17,3,0.4901732624945297,ok
reference_check,NINO3,random,0.7,410,multiscale_weighted,18,3,0.4766987988981832,ok
reference_check,NINO3,random,0.7,410,multiscale_weighted,19,3,0.5033624520588167,ok
reference_check,NINO3,random,0.9,410,fprm,0,3,0.5076968235051189,ok
reference_check,NINO3,random,0.9,410,fprm,1,3,0.521661187167263,ok
reference_check,NINO3,random,0.9,410,fprm,2,3,0.5165633850491269,ok
reference_check,NINO3,random,0.9,410,fprm,3,3,0.6914884175755137,ok
reference_check,NINO3,random,0.9,410,fprm,4,3,0.516366394288493,ok
reference_check,NINO3,random,0.9,410,fprm,5,3,0.637029756556487,ok
reference_check,NINO3,random,0.9,410,fprm,6,3,0.5444448049296643,ok
reference_check,NINO3,random,0.9,410,fprm,7,3,0.511038049790662,ok
reference_check,NINO3,random,0.9,410,fprm,8,3,0.5213567299492112,ok
reference_check,NINO3,random,0.9,410,fprm,9,3,0.5317168942980056,ok
reference_check,NINO3,random,0.9,410,fprm,10,3,0.5011217412247383,ok
reference_check,NINO3,random,0.9,410,fprm,11,3,0.5061574755474746,ok
reference_check,NINO3,random,0.9,410,fprm,12,3,0.7044755855517857,ok
reference_check,NINO3,random,0.9,410,fprm,13,3,0.6253512560961951,ok
reference_check,NINO3,random,0.9,410,fprm,14,3,0.5260111777550688,ok
reference_check,NINO3,random,0.9,410,fprm,15,3,0.5488633320603841,ok
reference_check,NINO3,random,0.9,410,fprm,16,3,0.5042245845070426,ok
reference_check,NINO3,random,0.9,410,fprm,17,3,0.5446492518847136,ok
reference_check,NINO3,random,0.9,410,fprm,18,3,0.5081420853508561,ok
reference_check,NINO3,random,0.9,410,fprm,19,3,0.6353224996128485,ok
reference_check,NINO3,random,0.9,410,fprm_tau1,0,3,0.6331642012835813,ok
reference_check,NINO3,random,0.9,410,fprm_tau1,1,3,0.5666033064994555,ok
reference_check,NINO3,random,0.9,410,fprm_tau1,2,3,0.6221821853081103,ok
reference_check,NINO3,random,0.9,410,fprm_tau1,3,3,0.5136994096702163,ok
reference_check,NINO3,random,0.9,410,fprm_tau1,4,3,0.5143740186421678,ok
reference_check,NINO3,random,0.9,410,fprm_tau1,5,3,0.6184716597701374,ok
reference_check,NINO3,random,0.9,410,fprm_tau1,6,3,0.6617425717374888,ok
reference_check,NINO3,random,0.9,410,fprm_tau1,7,3,0.6281970240475184,ok
reference_check,NINO3,random,0.9,410,fprm_tau1,8,3,0.6777088993290029,ok
reference_check,NINO3,random,0.9,410,fprm_tau1,9,3,0.5718971994624549,ok
reference_check,NINO3,random,0.9,410,fprm_tau1,10,3,0.5013382585601954,ok
reference_check,NINO3,random,0.9,410,fprm_tau1,11,3,0.558642178731524,ok
reference_check,NINO3,random,0.9,410,fprm_tau1,12,3,0.6593733441002873,ok
reference_check,NINO3,random,0.9,410,fprm_tau1,13,3,0.5962072759800122,ok
reference_check,NINO3,random,0.9,410,fprm_tau1,14,3,0.6329596662107141,ok
reference_check,NINO3,random,0.9,410,fprm_tau1,15,3,0.6835173207011498,ok
reference_check,NINO3,random,0.9,410,fprm_tau1,16,3,0.5019846971404262,ok
reference_check,NINO3,random,0.9,410,fprm_tau1,17,3,0.5480958336825622,ok
reference_check,NINO3,random,0.9,410,fprm_tau1,18,3,0.631262976219988,ok
reference_check,NINO3,random,0.9,410,fprm_tau1,19,3,0.502213965108904,ok
reference_check,NINO3,random,0.9,410,fprm_tau6,0,3,0.697197430079787,ok
reference_check,NINO3,random,0.9,410,fprm_tau6,1,3,0.5667107056602917,ok
reference_check,NINO3,random,0.9,410,fprm_tau6,2,3,0.5290802377979013,ok
reference_check,NINO3,random,0.9,410,fprm_tau6,3,3,0.5627477002315809,ok
reference_check,NINO3,random,0.9,410,fprm_tau6,4,3,0.5154330774068544,ok
reference_check,NINO3,random,0.9,410,fprm_tau6,5,3,0.5259974867396932,ok
reference_check,NINO3,random,0.9,410,fprm_tau6,6,3,0.5375871417367911,ok
reference_check,NINO3,random,0.9,410,fprm_tau6,7,3,0.6594313725597615,ok
reference_check,NINO3,random,0.9,410,fprm_tau6,8,3,0.6506224901244346,ok
reference_check,NINO3,random,0.9,410,fprm_tau6,9,3,0.5766910649532583,ok
reference_check,NINO3,random,0.9,410,fprm_tau6,10,3,0.5837010117795758,ok
reference_check,NINO3,random,0.9,410,fprm_tau6,11,3,0.5208667984183939,ok
reference_check,NINO3,random,0.9,410,fprm_tau6,12,3,0.605102202036275,ok
reference_check,NINO3,random,0.9,410,fprm_tau6,13,3,0.6102915114622637,ok
reference_check,NINO3,random,0.9,410,fprm_tau6,14,3,0.6381203969661072,ok
reference_check,NINO3,random,0.9,410,fprm_tau6,15,3,0.5858135189006193,ok
reference_check,NINO3,random,0.9,410,fprm_tau6,16,3,0.491897039226834,ok
reference_check,NINO3,random,0.9,410,fprm_tau6,17,3,0.5559122423820798,ok
reference_check,NINO3,random,0.9,410,fprm_tau6,18,3,0.5375019381608148,ok
reference_check,NINO3,random,0.9,410,fprm_tau6,19,3,0.5185675362959504,ok
reference_check,NINO3,random,0.9,410,multiscale_equal,0,3,0.5623831705059726,ok
reference_check,NINO3,random,0.9,410,multiscale_equal,1,3,0.5275512209737716,ok
reference_check,NINO3,random,0.9,410,multiscale_equal,2,3,0.5155797321499412,ok
reference_check,NINO3,random,0.9,410,multiscale_equal,3,3,0.5470741329186578,ok
reference_check,NINO3,random,0.9,410,multiscale_equal,4,3,0.5055301826900601,ok
reference_check,NINO3,random,0.9,410,multiscale_equal,5,3,0.5688390647465641,ok
reference_check,NINO3,random,0.9,410,multiscale_equal,6,3,0.5413530543679821,ok
reference_check,NINO3,random,0.9,410,multiscale_equal,7,3,0.5490985169685237,ok
reference_check,NINO3,random,0.9,410,multiscale_equal,8,3,0.5943495867066358,ok
reference_check,NINO3,random,0.9,410,multiscale_equal,9,3,0.5404170010467241,ok
reference_check,NINO3,random,0.9,410,multiscale_equal,10,3,0.5010237583424791,ok
reference_check,NINO3,random,0.9,410,multiscale_equal,11,3,0.5100867039998794,ok
reference_check,NINO3,random,0.9,410,multiscale_equal,12,3,0.6170185921844399,ok
reference_check,NINO3,random,0.9,410,multiscale_equal,13,3,0.5989074545358847,ok
reference_check,NINO3,random,0.9,410,multiscale_equal,14,3,0.5773267339672619,ok
reference_check,NINO3,random,0.9,410,multiscale_equal,15,3,0.5709664716650925,ok
reference_check,NINO3,random,0.9,410,multiscale_equal,16,3,0.4923997903998519,ok
reference_check,NINO3,random,0.9,410,multiscale_equal,17,3,0.5324765985911958,ok
reference_check,NINO3,random,0.9,410,multiscale_equal,18,3,0.5273413607921743,ok
reference_check,NINO3,random,0.9,410,multiscale_equal,19,3,0.519300591458557,ok
reference_check,NINO3,random,0.9,410,multiscale_weighted,0,3,0.5719970291949625,ok
reference_check,NINO3,random,0.9,410,multiscale_weighted,1,3,0.5271272894637415,ok
reference_check,NINO3,random,0.9,410,multiscale_weighted,2,3,0.5226863108463644,ok
reference_check,NINO3,random,0.9,410,multiscale_weighted,3,3,0.5458203542742822,ok
reference_check,NINO3,random,0.9,410,multiscale_weighted,4,3,0.5054767820043594,ok
reference_check,NINO3,random,0.9,410,multiscale_weighted,5,3,0.5711300694088418,ok
reference_check,NINO3,random,0.9,410,multiscale_weighted,6,3,0.5349208138935845,ok
reference_check,NINO3,random,0.9,410,multiscale_weighted,7,3,0.5384464216295267,ok
reference_check,NINO3,random,0.9,410,multiscale_weighted,8,3,0.596057989379252,ok
reference_check,NINO3,random,0.9,410,multiscale_weighted,9,3,0.5422876724101336,ok
reference_check,NINO3,random,0.9,410,multiscale_weighted,10,3,0.5003470590338158,ok
reference_check,NINO3,random,0.9,410,multiscale_weighted,11,3,0.5090207766046845,ok
reference_check,NINO3,random,0.9,410,multiscale_weighted,12,3,0.6194105445129902,ok
reference_check,NINO3,random,0.9,410,multiscale_weighted,13,3,0.6008157242293076,ok
reference_check,NINO3,random,0.9,410,multiscale_weighted,14,3,0.574126750745909,ok
reference_check,NINO3,random,0.9,410,multiscale_weighted,15,3,0.5707848887545545,ok
reference_check,NINO3,random,0.9,410,multiscale_weighted,16,3,0.49252944306778623,ok
reference_check,NINO3,random,0.9,410,multiscale_weighted,17,3,0.5344327142302099,ok
reference_check,NINO3,random,0.9,410,multiscale_weighted,18,3,0.5321623155201648,ok
reference_check,NINO3,random,0.9,410,multiscale_weighted,19,3,0.5197609220394027,ok
reproduction,NINO34,random,0.5,416,fprm,0,3,0.45333325185377477,ok
reproduction,NINO34,random,0.5,416,fprm,1,3,0.4497607678810705,ok
reproduction,NINO34,random,0.5,416,fprm,2,3,0.4798023442743129,ok
reproduction,NINO34,random,0.5,416,fprm,3,3,0.4577991070898279,ok
reproduction,NINO34,random,0.5,416,fprm,4,3,0.5310062485620041,ok
reproduction,NINO34,random,0.5,416,fprm,5,3,0.4667355026672158,ok
reproduction,NINO34,random,0.5,416,fprm,6,3,0.46152715189280097,ok
reproduction,NINO34,random,0.5,416,fprm,7,3,0.45249094045538313,ok
reproduction,NINO34,random,0.5,416,fprm,8,3,0.4617211795200304,ok
reproduction,NINO34,random,0.5,416,fprm,9,3,0.45502504063443583,ok
reproduction,NINO34,random,0.5,416,fprm,10,3,0.4695874843351366,ok
reproduction,NINO34,random,0.5,416,fprm,11,3,0.4652065934291684,ok
reproduction,NINO34,random,0.5,416,fprm,12,3,0.472269385739484,ok
reproduction,NINO34,random,0.5,416,fprm,13,3,0.5518663416348536,ok
reproduction,NINO34,random,0.5,416,fprm,14,3,0.45520596348460046,ok
reproduction,NINO34,random,0.5,416,fprm,15,3,0.4252489400082973,ok
reproduction,NINO34,random,0.5,416,fprm,16,3,0.47890038825203346,ok
reproduction,NINO34,random,0.5,416,fprm,17,3,0.4687024547004534,ok
reproduction,NINO34,random,0.5,416,fprm,18,3,0.560626947384605,ok
reproduction,NINO34,random,0.5,416,fprm,19,3,0.47718728974424085,ok
