experiment,reference,mask_kind,rate,n,target,method,n_attempted,n_success,n_failed,rmse_count,rmse_mean,rmse_std,mae_count,mae_mean,mae_std,nrmse_count,nrmse_mean,nrmse_std,rho_count,rho_mean,rho_std,train_seconds_count,train_seconds_mean,train_seconds_std,validation_seconds_count,validation_seconds_mean,validation_seconds_std,predict_seconds_count,predict_seconds_mean,predict_seconds_std,total_seconds_count,total_seconds_mean,total_seconds_std
block,NINO34,block,0.1,410,NINO12,fprm,20,20,0,20,0.9345612128008106,0.2806766810961048,20,0.7631129659309278,0.22931177216270007,20,1.0113569232209367,0.27934567613621875,20,0.516138179888922,0.2953448830348717,20,1.3074465149991739,0.3140854364580632,20,0.0,0.0,20,0.0025321200000689714,0.0003126833262891222,20,1.3099786349992428,0.31420228152890595
block,NINO34,block,0.1,410,NINO12,fprm_tau1,20,20,0,20,0.9082215760422454,0.2796693608733886,20,0.7234427769769805,0.20636039095547812,20,0.9686919779249623,0.22588300289554228,20,0.5756659738970659,0.2794663769672607,20,1.0257620500005942,0.38672975760425315,20,0.0,0.0,20,0.002483469999606314,0.0003005667841722065,20,1.0282455200002005,0.38675023356902316
block,NINO34,block,0.1,410,NINO12,fprm_tau6,20,20,0,20,0.9734665481952552,0.3151889449731466,20,0.7778082511977699,0.23742553047141265,20,1.050628637219881,0.29754173538297607,20,0.5013012365956284,0.3006130448531668,20,1.2918737199988755,0.3858244342400961,20,0.0,0.0,20,0.0025031850003870205,0.00033639481572691343,20,1.2943769049992624,0.38592081176290316
block,NINO34,block,0.1,410,NINO12,gpr_raw,20,20,0,20,0.8520263175965151,0.25292955952737645,20,0.6861768768103534,0.19967150882965812,20,0.906404271095756,0.17273611543715234,20,0.5882978670442688,0.2761089042136862,20,0.8667505999994318,0.1411196289949136,20,0.0,0.0,20,0.0025309900000138443,0.00041012321327390795,20,0.8692815899994457,0.14128960689527534
block,NINO34,block,0.1,410,NINO12,linear,20,20,0,20,1.3185669798594408,0.6524272356778741,20,1.1037964576074333,0.5351573180895826,20,1.3425485036897624,0.45732159289638596,20,0.2911703075000358,0.33066402855921545,20,1.7500005924375728e-07,9.665475791160736e-08,20,0.0,0.0,20,1.2185000014142133e-05,9.926003465093541e-06,20,1.2360000073385891e-05,9.994914197174237e-06
block,NINO34,block,0.1,410,NINO12,mean,20,20,0,20,1.1127465764803197,0.44081632834984247,20,0.8983372331284288,0.32062735238168066,20,1.1446278739041948,0.15746987585667402,0,,,20,9.914999827742576e-06,3.632350877170565e-06,20,0.0,0.0,20,4.039999657834414e-06,7.976280244428312e-07,20,1.395499948557699e-05,4.218190456832615e-06
block,NINO34,block,0.1,410,NINO12,multiscale_equal,20,20,0,20,0.9060492826161655,0.2812675380571767,20,0.7328182403872617,0.21276953141041463,20,0.972073120441139,0.24319547603820235,20,0.5566501857498306,0.2890148482909439,20,3.6250822849986433,0.5918210140077342,20,0.0,0.0,20,0.007532070000524982,0.0008551990362833192,20,3.6326143549991685,0.5921775211112976
block,NINO34,block,0.1,410,NINO12,multiscale_weighted,20,20,0,20,0.9066258841824233,0.28091738320862025,20,0.7320257840753153,0.21164388536948792,20,0.9724183394209831,0.24278321767756658,20,0.5582020182157686,0.2893482064410218,20,3.6250822849986433,0.5918210140077342,20,3.3111870749995433,0.3247077087110204,20,0.0075345900004322175,0.0008529969121223817,20,6.943803949998619,0.644764360012991
block,NINO34,block,0.1,410,NINO3,fprm,20,20,0,20,0.33078738575020866,0.10646860266065092,20,0.27543109679103994,0.09264701652831397,20,0.46955383335177,0.08657017302432944,20,0.8936197064912434,0.05042847606819715,20,0.7819932450001943,0.17920474844308962,20,0.0,0.0,20,0.0021373800005676457,0.00011741736017313919,20,0.7841306250007619,0.1791658862853715
block,NINO34,block,0.1,410,NINO3,fprm_tau1,20,20,0,20,0.3022299716843821,0.08279574793695164,20,0.24837440400514418,0.07062235906205562,20,0.43620989560466883,0.08885411207434213,20,0.9129907310123286,0.04246063355797846,20,0.9267036050003299,0.16917716140809463,20,0.0,0.0,20,0.002198850000240782,0.0001232998423187107,20,0.9289024550005707,0.16921765665939734
block,NINO34,block,0.1,410,NINO3,fprm_tau6,20,20,0,20,0.3685655360748498,0.13491532815077115,20,0.30735696560069165,0.1148770180983078,20,0.5184039998834419,0.11883466524005089,20,0.8708204532741289,0.06659192071269057,20,0.9288788750001913,0.2695076163545835,20,0.0,0.0,20,0.0021785499999168677,0.00015904491066268703,20,0.9310574250001082,0.2695313200375079
block,NINO34,block,0.1,410,NINO3,gpr_raw,20,20,0,20,0.2989150614320738,0.07724960186396922,20,0.24472057076756631,0.06758400624949563,20,0.4340877083394471,0.09453757599504774,20,0.91619408799343,0.04143972801858697,20,0.8964360799998758,0.16499881680566006,20,0.0,0.0,20,0.0021272150001095725,0.00011150699917954826,20,0.8985632949999853,0.16497415191838052
block,NINO34,block,0.1,410,NINO3,linear,20,20,0,20,0.9294187116118477,0.4253530330806954,20,0.718927700348432,0.27108244738865567,20,1.2719457222538821,0.22905225625172454,20,0.1500086262442501,0.3551262588630975,20,1.4500001270789654e-07,5.1041679569176867e-08,20,0.0,0.0,20,1.0135000047739596e-05,3.064787800331108e-06,20,1.0280000060447491e-05,3.086575245082315e-06
block,NINO34,block,0.1,410,NINO3,mean,20,20,0,20,0.7832680668204725,0.332143681080162,20,0.6174613655892657,0.25758416111534516,20,1.0673412811219478,0.08350362892159417,0,,,20,9.064999903785065e-06,1.9386037797363116e-06,20,0.0,0.0,20,3.6600007661036215e-06,6.500203436516559e-07,20,1.2725000669888686e-05,2.4569720225121634e-06
block,NINO34,block,0.1,410,NINO3,multiscale_equal,20,20,0,20,0.3170856695435632,0.10614994898117057,20,0.2676912264511785,0.09199508572686685,20,0.45095660691004014,0.09079379495237773,20,0.9045872240538205,0.04236239793644686,20,2.6375757250007155,0.3948024775547441,20,0.0,0.0,20,0.006528955000612768,0.00023168353318045665,20,2.644104680001328,0.39478793957386493
block,NINO34,block,0.1,410,NINO3,multiscale_weighted,20,20,0,20,0.3147155482248924,0.10376756992124184,20,0.26533950736593304,0.08993396737132062,20,0.4481843318201736,0.09017965803717924,20,0.9059969313011214,0.04232320823192917,20,2.6375757250007155,0.3948024775547441,20,2.5601568200003384,0.19006346195212806,20,0.006529490000502847,0.00023138909759014582,20,5.204262035001557,0.37952307789658396
block,NINO34,block,0.1,410,NINO4,fprm,20,20,0,20,0.2901939913773487,0.06946657566589877,20,0.23638113706716046,0.05614350246417706,20,0.645399425193241,0.2612341923042093,20,0.8727704672394839,0.09649898329955064,20,0.772795789999509,0.1764049153373836,20,0.0,0.0,20,0.002159519999440818,0.00012744229117621505,20,0.7749553099989498,0.17641865706512871
block,NINO34,block,0.1,410,NINO4,fprm_tau1,20,20,0,20,0.27915440051503687,0.07291409899683188,20,0.2258492975767485,0.06049652938781151,20,0.6130023359188624,0.22619641709035554,20,0.875820577658289,0.09131119160169117,20,0.7783723149996149,0.1967935046215345,20,0.0,0.0,20,0.002148985000712855,8.553340559406797e-05,20,0.7805213000003277,0.19679520692990374
block,NINO34,block,0.1,410,NINO4,fprm_tau6,20,20,0,20,0.2886351742951814,0.08213588905001287,20,0.23941565466385123,0.07234755809966041,20,0.6225212935978963,0.21405413617561014,20,0.8821369278713449,0.06351481213584986,20,0.9196279449994108,0.23133429088267285,20,0.0,0.0,20,0.002149860000099579,9.719057430735047e-05,20,0.9217778049995105,0.23133021472350015
block,NINO34,block,0.1,410,NINO4,gpr_raw,20,20,0,20,0.27166082535894104,0.07140776609157402,20,0.2209172366598328,0.06158470332944638,20,0.5963023081663705,0.2190672248760908,20,0.8783832750939432,0.09072434010785621,20,0.733644964999803,0.07233539225269786,20,0.0,0.0,20,0.0021065699997052435,0.00012777208393120314,20,0.7357515349995083,0.07239138968572678
block,NINO34,block,0.1,410,NINO4,linear,20,20,0,20,0.6390602588737524,0.26439493734557745,20,0.5244059233449476,0.214980802264679,20,1.2915225792311467,0.35631591701351223,19,0.10170945870036076,0.49493043415237026,20,1.3000008038943634e-07,4.7016389006420586e-08,20,0.0,0.0,20,8.35999981063651e-06,7.221311091448719e-07,20,8.489999891025945e-06,7.24676657181456e-07
block,NINO34,block,0.1,410,NINO4,mean,20,20,0,20,0.641447573343048,0.19814892841530074,20,0.5465991803820477,0.19428083100411353,20,1.3349736435428963,0.3479770949566778,0,,,20,7.95500018284656e-06,1.0767764614882436e-06,20,0.0,0.0,20,3.3700000130920673e-06,6.522031522823386e-07,20,1.1325000195938629e-05,1.6973282180573089e-06
block,NINO34,block,0.1,410,NINO4,multiscale_equal,20,20,0,20,0.2793376091064103,0.07241498329680911,20,0.22949549710334102,0.06046114383640219,20,0.612754331432299,0.22931646873647896,20,0.883080971423961,0.0808367205333035,20,2.4707960499985346,0.35850284797956433,20,0.0,0.0,20,0.006470740000258957,0.00019744605244742826,20,2.4772667899987937,0.3585225985023946
block,NINO34,block,0.1,410,NINO4,multiscale_weighted,20,20,0,20,0.27942612959235247,0.0722454648433615,20,0.22949787090290777,0.06027486798952371,20,0.6133322156699086,0.22992593126173266,20,0.8826036401099145,0.08166152586429501,20,2.4707960499985346,0.35850284797956433,20,2.1301003649999983,0.16275561470321043,20,0.0064732849998108575,0.00019685847187983445,20,4.607369699998344,0.3879448421738188
block,NINO34,block,0.3,410,NINO12,fprm,20,20,0,20,0.9782334450516099,0.07316647277019665,20,0.7535037203049453,0.06602237713027488,20,0.9591559921477941,0.2261124824309336,20,0.5350503318587444,0.20130190716101676,20,0.6042935700001181,0.15250769763936917,20,0.0,0.0,20,0.001170200000706245,9.48535933133547e-05,20,0.6054637700008243,0.15255953339125528
block,NINO34,block,0.3,410,NINO12,fprm_tau1,20,20,0,20,0.9179471940481267,0.08950564414406689,20,0.6976780767478135,0.050129541474908015,20,0.8856276727233319,0.14021840807785735,20,0.5913349094167004,0.1443521069620706,20,0.4512581000006321,0.06889897353698618,20,0.0,0.0,20,0.0011528599998200662,7.886576472581563e-05,20,0.45241096000045217,0.06892528392637522
block,NINO34,block,0.3,410,NINO12,fprm_tau6,20,20,0,20,1.0458522862404045,0.14950197177103552,20,0.8011695737832477,0.10536298785023189,20,1.0048994175671855,0.16489312094337819,20,0.467113824515932,0.15290730266768737,20,0.5872072549998848,0.15111401900241786,20,0.0,0.0,20,0.0012237649993039668,0.00024393466027026428,20,0.5884310199991887,0.15100611577976097
block,NINO34,block,0.3,410,NINO12,gpr_raw,20,20,0,20,0.8688542199496252,0.09133914311446364,20,0.6736874082148746,0.04554530810155795,20,0.8366251240434716,0.12649899115279511,20,0.6252861534904696,0.1308346648734414,20,0.39690237499944486,0.06998197396891183,20,0.0,0.0,20,0.0011778249996496014,0.0001984693287767626,20,0.3980801999990945,0.07007550679255313
block,NINO34,block,0.3,410,NINO12,linear,20,20,0,20,1.4317626884523709,0.42237349727185997,20,1.1093988329399422,0.40109916058371053,20,1.369852523302043,0.42655371648116447,20,0.04641634219557331,0.19080488956136554,20,1.20000186143443e-07,4.1039819849830354e-08,20,0.0,0.0,20,9.529999806545674e-06,1.0372534188858302e-06,20,9.649999992689117e-06,1.0282847427908604e-06
block,NINO34,block,0.3,410,NINO12,mean,20,20,0,20,1.0996324278174767,0.23436384768326257,20,0.8249314183734173,0.11495286405226077,20,1.0313934241841698,0.038124726666989565,0,,,20,8.764999802224337e-06,1.6803126340152732e-06,20,0.0,0.0,20,4.084999636688735e-06,1.0579396540834966e-06,20,1.2849999438913074e-05,2.520130233092504e-06
block,NINO34,block,0.3,410,NINO12,multiscale_equal,20,20,0,20,0.9417829594821777,0.09818331405339047,20,0.7258069935554019,0.0641763566935771,20,0.9086563074004619,0.14828242660512087,20,0.5611215527048896,0.15220733947225287,20,1.642758925000635,0.2803661504623742,20,0.0,0.0,20,0.00356151999985741,0.0002797845969110702,20,1.6463204450004922,0.28037614341592
block,NINO34,block,0.3,410,NINO12,multiscale_weighted,20,20,0,20,0.938690105083241,0.09621011277976813,20,0.7230012935963356,0.06304416422485122,20,0.9057501212374077,0.14721171197017963,20,0.5634212468032581,0.1524456553506544,20,1.642758925000635,0.2803661504623742,20,1.4186331300001256,0.17123394208798381,20,0.0035623199997644405,0.0002801757013896149,20,3.064954375000525,0.351739376451657
block,NINO34,block,0.3,410,NINO3,fprm,20,20,0,20,0.3596855567608624,0.03198878399806287,20,0.28378637054651945,0.02293498388655866,20,0.4527288176352252,0.08913036382920742,20,0.8964800214274906,0.041636108240653155,20,0.40325272000027323,0.12611398304643873,20,0.0,0.0,20,0.0010776500001156819,0.00013114044061994179,20,0.40433037000038896,0.12610256388686314
block,NINO34,block,0.3,410,NINO3,fprm_tau1,20,20,0,20,0.30936500192208244,0.03863362202391317,20,0.250212098965346,0.02957507496142956,20,0.3848199896417176,0.055217199403814615,20,0.9250690162659039,0.024140426746562534,20,0.4509077000004254,0.11733002001621717,20,0.0,0.0,20,0.001051884999469621,7.944630262071416e-05,20,0.451959584999895,0.11737706056764469
block,NINO34,block,0.3,410,NINO3,fprm_tau6,20,20,0,20,0.382466580678802,0.042818597894459895,20,0.29751834652526477,0.03413220469833402,20,0.4803981166762215,0.09274110058790799,20,0.8891508134947511,0.036212187710503996,20,0.398638820000815,0.10871124384951678,20,0.0,0.0,20,0.0010761850000562845,9.941242263196967e-05,20,0.3997150050008713,0.10869193500176917
block,NINO34,block,0.3,410,NINO3,gpr_raw,20,20,0,20,0.3032475073029977,0.03481945953328879,20,0.24641750012310976,0.030078768984232295,20,0.37885432245468176,0.06295094942647013,20,0.9269456524174358,0.02539670150629947,20,0.3543558549996305,0.07400931177187245,20,0.0,0.0,20,0.0010376850003012805,9.643797712349842e-05,20,0.35539353999993184,0.07401492328184768
block,NINO34,block,0.3,410,NINO3,linear,20,20,0,20,0.9702877683434833,0.1738265013735501,20,0.7706294256490953,0.14030117201424316,20,1.1994675931519476,0.20868316632198525,20,0.07090838229483519,0.20192335307940204,20,1.3499975466402246e-07,4.893581467474346e-08,20,0.0,0.0,20,9.89500003925059e-06,1.699063494841855e-06,20,1.0029999793914613e-05,1.7112936645431913e-06
block,NINO34,block,0.3,410,NINO3,mean,20,20,0,20,0.8316234702057649,0.13540460167385276,20,0.6439750431999094,0.07970611489326448,20,1.0190984014032072,0.03043904887317349,0,,,20,8.715000149095431e-06,1.6642609244719966e-06,20,0.0,0.0,20,3.6850004107691346e-06,8.209586348694286e-07,20,1.2400000559864566e-05,2.4253053333754783e-06
block,NINO34,block,0.3,410,NINO3,multiscale_equal,20,20,0,20,0.33223539004411495,0.04280762793946864,20,0.2674565217694306,0.03041009040415698,20,0.41570134068007986,0.07612612787891741,20,0.9122271363219052,0.03112750264573956,20,1.2527992400015138,0.19071015983392842,20,0.0,0.0,20,0.0032185049991312552,0.0002598089484350175,20,1.256017745000645,0.19077612613414058
block,NINO34,block,0.3,410,NINO3,multiscale_weighted,20,20,0,20,0.3296890537747891,0.04255778564439291,20,0.2659187357333186,0.030360924497466493,20,0.41233635605250984,0.07456434231140466,20,0.9135464718488855,0.03070548907763837,20,1.2527992400015138,0.19071015983392842,20,1.2378640049995737,0.12353426744109672,20,0.003220554999097658,0.00025927991406176124,20,2.493883800000185,0.20160807880343107
block,NINO34,block,0.3,410,NINO4,fprm,20,20,0,20,0.29776475056741114,0.025518645958770302,20,0.239370028940013,0.02036459196352375,20,0.4272418433551775,0.042333886405858924,20,0.9197802829736318,0.011141121835009702,20,0.3755566150002778,0.08979448382368392,20,0.0,0.0,20,0.0011932249999517808,0.00012135106911225663,20,0.3767498400002296,0.08983889361221785
block,NINO34,block,0.3,410,NINO4,fprm_tau1,20,20,0,20,0.29222827341110985,0.026659701972531112,20,0.23047131067456092,0.017898055558275245,20,0.4194300844955422,0.044770847371160355,20,0.9220907856416666,0.011562195815477133,20,0.3916079499997068,0.08210550667823077,20,0.0,0.0,20,0.00121228499992867,8.362818960718331e-05,20,0.3928202349996354,0.0821211871692212
block,NINO34,block,0.3,410,NINO4,fprm_tau6,20,20,0,20,0.31302373239187903,0.028558014947284407,20,0.2492921012282138,0.025989028972239685,20,0.44867630625506133,0.04167699250277176,20,0.9051154046220079,0.018223215865923514,20,0.357750770000348,0.08764805945929327,20,0.0,0.0,20,0.0012227899998833891,0.00014467969336412646,20,0.3589735600002314,0.08769075456206174
block,NINO34,block,0.3,410,NINO4,gpr_raw,20,20,0,20,0.2849251582523217,0.03029288908823494,20,0.2230786954666686,0.022894212158445944,20,0.408889955423862,0.048335887776952406,20,0.925584271985761,0.013403128348634764,20,0.38686066500049493,0.09962382891019837,20,0.0,0.0,20,0.0010997250003129011,4.740677139861698e-05,20,0.38796039000080784,0.0996087231483834
block,NINO34,block,0.3,410,NINO4,linear,20,20,0,20,0.8247844859940093,0.1602854636921972,20,0.6776068056648308,0.13978865889844774,20,1.182213160992537,0.23229741356269085,18,0.14226700647084284,0.3642087437115452,20,1.3000026228837668e-07,4.701585957496676e-08,20,0.0,0.0,20,9.7550002465141e-06,2.9305070293972734e-06,20,9.885000508802477e-06,2.9483760243847646e-06
block,NINO34,block,0.3,410,NINO4,mean,20,20,0,20,0.7193164286624043,0.03699624216041258,20,0.587401971615535,0.03312375606193344,20,1.029791759044311,0.02143607196187238,0,,,20,9.030000546772498e-06,3.7937766478964917e-06,20,0.0,0.0,20,3.795000156969763e-06,1.7437023221920267e-06,20,1.2825000703742262e-05,5.484031834447396e-06
block,NINO34,block,0.3,410,NINO4,multiscale_equal,20,20,0,20,0.29303337075326585,0.025757570702886267,20,0.23442245854651408,0.019598967512116386,20,0.42030460315839246,0.04069657175250735,20,0.9209666382767182,0.013986465310136172,20,1.1249153350003325,0.18589175600931734,20,0.0,0.0,20,0.0036445800002184114,0.0002490615351533291,20,1.128559915000551,0.18599264531072607
block,NINO34,block,0.3,410,NINO4,multiscale_weighted,20,20,0,20,0.2926318848404368,0.025884082300273312,20,0.23406450660689598,0.01940979743713263,20,0.4197581586539467,0.04117052995679356,20,0.9213857152883811,0.013794416251976293,20,1.1249153350003325,0.18589175600931734,20,1.1822717199998807,0.10534328030072368,20,0.0036428799994610017,0.00024736512500025216,20,2.310829934999674,0.2059617933347895
block,NINO34,block,0.5,410,NINO12,fprm,20,20,0,20,0.982021932885021,0.08179174296530843,20,0.7569434072628919,0.07130182591811117,20,1.0187612027167914,0.19504758893777407,20,0.5295693202167739,0.1016279892016243,20,0.1601641799999925,0.04897379756897546,20,0.0,0.0,20,0.0006320649999906891,7.699066479582171e-05,20,0.16079624499998318,0.048995037122033055
block,NINO34,block,0.5,410,NINO12,fprm_tau1,20,20,0,20,0.8811532011045289,0.026082744370117237,20,0.680431503753598,0.02250696746274917,20,0.9045023353003577,0.09727913953892213,20,0.6048893814755438,0.051977867611754,20,0.16461486000043807,0.034779590160214674,20,0.0,0.0,20,0.0006082850002712803,3.1484604506031595e-05,20,0.16522314500070934,0.034797271639242025
block,NINO34,block,0.5,410,NINO12,fprm_tau6,20,20,0,20,1.0030240795610161,0.0715407101248853,20,0.7722015363935032,0.046660934728990924,20,1.0272961660281392,0.105941404727929,20,0.4738368596859833,0.11671691417440497,20,0.13197947500084412,0.03861169018844569,20,0.0,0.0,20,0.0006514950002383558,0.000170977632852468,20,0.13263097000108245,0.03858504858094435
block,NINO34,block,0.5,410,NINO12,gpr_raw,20,20,0,20,0.8301667252748766,0.07315131563926368,20,0.6632710507339815,0.05536845199007784,20,0.846495879045855,0.05943744748484817,20,0.6138252169718162,0.04656689484000936,20,0.13412617000140017,0.018832686713594674,20,0.0,0.0,20,0.0005981649996101623,4.1091569999523564e-05,20,0.13472433500101033,0.018817106886913643
block,NINO34,block,0.5,410,NINO12,linear,20,20,0,20,1.2928548509952773,0.41169561441559427,20,1.0219053279659014,0.40588511647131226,20,1.3246064284559744,0.4799041735889122,20,-0.0645057142249397,0.16705293076526934,20,1.2499967851908878e-07,4.442596540891531e-08,20,0.0,0.0,20,9.074999979929999e-06,1.6048861732439432e-06,20,9.199999658449087e-06,1.6006576746003075e-06
block,NINO34,block,0.5,410,NINO12,mean,20,20,0,20,1.0029255365821697,0.12458958863262623,20,0.7801699464604402,0.05663754901410244,20,1.0171515179630246,0.026408119121733423,0,,,20,8.41999972180929e-06,1.7599647629340425e-06,20,0.0,0.0,20,3.5999993997393178e-06,6.859490158126399e-07,20,1.2019999121548609e-05,2.3904640305611093e-06
block,NINO34,block,0.5,410,NINO12,multiscale_equal,20,20,0,20,0.8949106627269143,0.02836989416292084,20,0.6925260491753502,0.02454911069767004,20,0.9192996447968385,0.10491356764936302,20,0.5805580701665154,0.061179406345985225,20,0.4567585150012746,0.06810338103757009,20,0.0,0.0,20,0.0019022500002392917,0.0002124551886545739,20,0.4586607650015139,0.06820446634588004
block,NINO34,block,0.5,410,NINO12,multiscale_weighted,20,20,0,20,0.8898309761236464,0.026436370943199367,20,0.6886582617458369,0.024881923539708743,20,0.9142890684861473,0.10569576251396452,20,0.5844586042570692,0.06011928884068173,20,0.4567585150012746,0.06810338103757009,20,0.7546417600000496,0.06686477016601057,20,0.0019054300008065183,0.00021232446368191335,20,1.2133057050021308,0.11700109412742227
block,NINO34,block,0.5,410,NINO3,fprm,20,20,0,20,0.3523549595126603,0.014617603368499285,20,0.27926644548317575,0.012577907086785066,20,0.4078313476705985,0.04410942685064121,20,0.92102228424638,0.016368547723339122,20,0.16824324000044727,0.08014429566825781,20,0.0,0.0,20,0.0006243950003408827,2.9338863459881848e-05,20,0.16886763500078814,0.08015996850967883
block,NINO34,block,0.5,410,NINO3,fprm_tau1,20,20,0,20,0.3304604952319815,0.017662424150449645,20,0.26562077876608725,0.013154431870887138,20,0.3809352074720984,0.025154892985132377,20,0.9318745746460688,0.00803775768794477,20,0.15190079000058176,0.04854566301947353,20,0.0,0.0,20,0.0006394650001311675,9.696297908123889e-05,20,0.15254025500071294,0.04851573522402397
block,NINO34,block,0.5,410,NINO3,fprm_tau6,20,20,0,20,0.4059915238978539,0.041821033667219995,20,0.3120559767434435,0.03256195060762967,20,0.4681381893292252,0.05108976120199701,20,0.897642029817109,0.018461216688763767,20,0.14884826500001508,0.04523273782569892,20,0.0,0.0,20,0.0006532800003697048,8.608520637154497e-05,20,0.1495015450003848,0.04525638077048337
block,NINO34,block,0.5,410,NINO3,gpr_raw,20,20,0,20,0.31353842209601285,0.01770779972273492,20,0.2545018643262579,0.014867957659730827,20,0.3612840208462732,0.02283556618520365,20,0.9373873652272012,0.007368712068173103,20,0.138704515000245,0.02359192980496418,20,0.0,0.0,20,0.0005921199999647797,3.2172587480458144e-05,20,0.13929663500020978,0.023592675819615307
block,NINO34,block,0.5,410,NINO3,linear,20,20,0,20,1.0902967967110873,0.269010207868537,20,0.8583587615439262,0.28842712308756707,20,1.2722827501269087,0.4218614907055792,20,0.07527384784220073,0.1360180984557662,20,1.5499972505494952e-07,5.1041191898441334e-08,20,0.0,0.0,20,9.410000347997994e-06,1.9595648794360903e-06,20,9.565000073052943e-06,1.957246996772711e-06
block,NINO34,block,0.5,410,NINO3,mean,20,20,0,20,0.8854817513836025,0.06325258772352552,20,0.6828226531826294,0.058400221133552664,20,1.0181490474209354,0.03394559923262041,0,,,20,8.5600000602426e-06,2.187380356874592e-06,20,0.0,0.0,20,3.859999924316071e-06,1.178938683428938e-06,20,1.2419999984558672e-05,3.3390208108114614e-06
block,NINO34,block,0.5,410,NINO3,multiscale_equal,20,20,0,20,0.3410649501375714,0.018870520013102507,20,0.2704784239497218,0.013850639429217911,20,0.39305295023570713,0.024764738137874283,20,0.9272628898565272,0.009116506968433502,20,0.4689922950010441,0.0985963475312977,20,0.0,0.0,20,0.0019283800003904617,0.00012419072237178537,20,0.4709206750014346,0.09857947456283245
block,NINO34,block,0.5,410,NINO3,multiscale_weighted,20,20,0,20,0.33673727130122705,0.018320613970322797,20,0.2684506482646727,0.013157757071437242,20,0.38805208951094716,0.023947809876654885,20,0.9290124793364557,0.008503902414838685,20,0.4689922950010441,0.0985963475312977,20,0.6686372600002869,0.07344465501389794,20,0.0019320350011184928,0.0001249155484073558,20,1.1395615900024496,0.12033073473395735
block,NINO34,block,0.5,410,NINO4,fprm,20,20,0,20,0.2960463714760838,0.016182923638839605,20,0.23725750567770496,0.01265866723352496,20,0.42766438190685846,0.021670879983095432,20,0.9212716546064253,0.006926036316752948,20,0.16571028499947715,0.040255485763903885,20,0.0,0.0,20,0.0007643850001841201,0.00016732705776369668,20,0.16647466999966126,0.04024146320498572
block,NINO34,block,0.5,410,NINO4,fprm_tau1,20,20,0,20,0.29261338779960366,0.014877321908372413,20,0.23231653108473807,0.011348098210354348,20,0.4227375562380386,0.020622028633536973,20,0.9206332238409087,0.005095946350317441,20,0.17536390499990376,0.05248890902809573,20,0.0,0.0,20,0.0008289599996714969,0.00017620137516241255,20,0.17619286499957526,0.052526424255541874
block,NINO34,block,0.5,410,NINO4,fprm_tau6,20,20,0,20,0.34549124612746573,0.0380066582720222,20,0.2725827250919746,0.028716335494250265,20,0.4977719404551141,0.03885054503723665,20,0.8954860369604101,0.007466012471861815,20,0.16320119999963936,0.03753791869648383,20,0.0,0.0,20,0.0007980500002304324,0.0001817150668945968,20,0.16399924999986978,0.03752912207529372
block,NINO34,block,0.5,410,NINO4,gpr_raw,20,20,0,20,0.2858428858388508,0.01862979588839836,20,0.2241114536844106,0.014295606178829488,20,0.41291833337394823,0.02590820751913392,20,0.9242693193790931,0.0065603509942874115,20,0.14926848000050086,0.026250442658914432,20,0.0,0.0,20,0.0007979100002557971,0.00015319750560870878,20,0.15006639000075667,0.026334497139905915
block,NINO34,block,0.5,410,NINO4,linear,20,20,0,20,0.8378122697520951,0.10481240381395207,20,0.6897918186123607,0.08496221386654561,20,1.2103054931905293,0.14971744131635512,20,-0.017061797188087827,0.09222088956400153,20,1.4500037650577725e-07,5.104134194181357e-08,20,0.0,0.0,20,9.140000474872068e-06,1.3581720697956799e-06,20,9.285000851377845e-06,1.342533072217222e-06
block,NINO34,block,0.5,410,NINO4,mean,20,20,0,20,0.7311617369810939,0.07179874474987126,20,0.5945924568709102,0.05149199281772561,20,1.0537525503569642,0.06850965821411399,0,,,20,8.725000043341424e-06,2.0359598251202333e-06,20,0.0,0.0,20,3.7350002457969824e-06,8.957649821826284e-07,20,1.2460000289138406e-05,2.897076756443283e-06
block,NINO34,block,0.5,410,NINO4,multiscale_equal,20,20,0,20,0.2982013371716717,0.022356235983220382,20,0.23901973201979027,0.016574237741394337,20,0.43041209441233563,0.024924204955436968,20,0.9219220078577551,0.005104340206424885,20,0.5042753899990202,0.07867637660499115,20,0.0,0.0,20,0.0024028300003919867,0.00044067107524389825,20,0.5066782199994122,0.07876279625217325
block,NINO34,block,0.5,410,NINO4,multiscale_weighted,20,20,0,20,0.2957922525679725,0.021048762341941054,20,0.23698857523859007,0.01577572517440398,20,0.4270238428572738,0.02433891620057553,20,0.9226620187462056,0.005400431311014567,20,0.5042753899990202,0.07867637660499115,20,0.6886325949999446,0.07871044251883468,20,0.0024047250004514352,0.0004408645138043427,20,1.1953127099994163,0.10959583575518399
block,NINO34,block,0.7,410,NINO12,fprm,20,20,0,20,0.9852279791868872,0.05584268765142503,20,0.7560369223267019,0.05206209637798617,20,0.9267849671553992,0.12851266054553764,20,0.5390235164272817,0.07424713488358886,20,0.056552970000484495,0.017038888209690364,20,0.0,0.0,20,0.00044671499981632226,2.181004773287429e-05,20,0.056999685000300816,0.017045603953083886
block,NINO34,block,0.7,410,NINO12,fprm_tau1,20,20,0,20,0.8829502574022902,0.031395782306961044,20,0.6737557412594501,0.03817489996673007,20,0.8289961455142529,0.09346496377907125,20,0.616428829432125,0.053028683706690505,20,0.07993232000062563,0.01703092713498333,20,0.0,0.0,20,0.00048637500003678724,7.565908304365826e-05,20,0.08041869500066241,0.017045807262583413
block,NINO34,block,0.7,410,NINO12,fprm_tau6,20,20,0,20,1.0118967756546329,0.06466916170575553,20,0.7727474052609662,0.04476576179210337,20,0.948237395505943,0.09739183093743242,20,0.4780045088140362,0.10022595445591895,20,0.06060146500021801,0.019679803742717772,20,0.0,0.0,20,0.0004610400004821713,5.756784032811662e-05,20,0.061062505000700186,0.019695756471354738
block,NINO34,block,0.7,410,NINO12,gpr_raw,20,20,0,20,0.8965537772870702,0.05017996821475516,20,0.700897750962424,0.04014193328040964,20,0.8379769563242595,0.05454447967009839,20,0.5908068025940764,0.027821644247851,20,0.05763958999959869,0.0060531108946951075,20,0.0,0.0,20,0.00044013999940943903,4.588583539379253e-05,20,0.05807972999900812,0.0060577030053874025
block,NINO34,block,0.7,410,NINO12,linear,20,20,0,20,1.4111435597609598,0.24031768158012626,20,1.1062349254742547,0.23173993316126262,20,1.3198685000939832,0.2446551175117539,20,-0.013980433190936859,0.10514085611622986,20,1.3500030036084353e-07,4.893657764710259e-08,20,0.0,0.0,20,8.2349995864206e-06,1.312400028037677e-06,20,8.369999886781442e-06,1.331836880996454e-06
block,NINO34,block,0.7,410,NINO12,mean,20,20,0,20,1.1038304856528107,0.036988031645607544,20,0.8348627800912155,0.024291417654236824,20,1.0330521351792794,0.07258962392575666,0,,,20,7.72500025050249e-06,1.654936442331565e-06,20,0.0,0.0,20,3.494999145914335e-06,9.86474578405731e-07,20,1.1219999396416825e-05,2.6184767935134057e-06
block,NINO34,block,0.7,410,NINO12,multiscale_equal,20,20,0,20,0.8994472020460782,0.029092846154957407,20,0.6852170726169905,0.02335914257988273,20,0.8434012671862708,0.08209784932106645,20,0.5989899833785808,0.05112224517180325,20,0.19708675500132813,0.02712169660865021,20,0.0,0.0,20,0.0014048800001546624,9.164348447949273e-05,20,0.19849163500148279,0.027134012568548322
block,NINO34,block,0.7,410,NINO12,multiscale_weighted,20,20,0,20,0.8982006429080156,0.02893746469836315,20,0.6840893665867261,0.020662296666183102,20,0.8423651258744522,0.08369332418254218,20,0.6015801261136083,0.04877359546754684,20,0.19708675500132813,0.02712169660865021,20,0.3600160750002033,0.039596903080864346,20,0.0014073250005822047,9.125689056186055e-05,20,0.5585101550021137,0.04907254746708754
block,NINO34,block,0.7,410,NINO3,fprm,20,20,0,20,0.3793641043232042,0.04400690409799188,20,0.2889725139484184,0.02473446485904916,20,0.42371106690933147,0.0483201143861578,20,0.9147603092451415,0.014057605620532524,20,0.05358086000051117,0.015414867798203795,20,0.0,0.0,20,0.0004784550003023469,3.330327086016018e-05,20,0.05405931500081351,0.015422195750031805
block,NINO34,block,0.7,410,NINO3,fprm_tau1,20,20,0,20,0.32463546789107117,0.009169550455393305,20,0.25474512078694045,0.010318395309544249,20,0.3637492942982996,0.032049543821911705,20,0.9360934262129227,0.012347384045513754,20,0.05590179999962856,0.011330284767793807,20,0.0,0.0,20,0.00047253000011551196,3.9306649345820596e-05,20,0.05637432999974408,0.01132378904658813
block,NINO34,block,0.7,410,NINO3,fprm_tau6,20,20,0,20,0.42637185483011,0.030931864320688278,20,0.3137027876755025,0.012192388201567662,20,0.47608382892819445,0.031193844423382435,20,0.8944141723951372,0.010606194464616922,20,0.06007698000030359,0.016283900788058674,20,0.0,0.0,20,0.00047737999975652203,2.358790022638571e-05,20,0.06055436000006011,0.01628082994016574
block,NINO34,block,0.7,410,NINO3,gpr_raw,20,20,0,20,0.3193271619739778,0.016669885117975878,20,0.25435594758599733,0.013838666183466384,20,0.35668771573790103,0.01918291345542073,20,0.9381739219880464,0.009403408357864,20,0.05895042499923875,0.009262278202179059,20,0.0,0.0,20,0.00047518499995931053,7.50408332617982e-05,20,0.05942560999919806,0.009274744449081
block,NINO34,block,0.7,410,NINO3,linear,20,20,0,20,1.2419593916905585,0.3495826430379687,20,1.0037850972706157,0.36303942441072895,20,1.3854689163194664,0.3843314096257617,19,-0.03005992905907649,0.09061078856591089,20,1.3000044418731704e-07,4.7016551897064076e-08,20,0.0,0.0,20,8.719999641471077e-06,1.27593113502556e-06,20,8.850000085658394e-06,1.265951000809367e-06
block,NINO34,block,0.7,410,NINO3,mean,20,20,0,20,0.9118826361384528,0.03175684144684311,20,0.6953556556471487,0.019517367192050508,20,1.0188576687146582,0.045077639554665906,0,,,20,8.369999522983563e-06,1.7057488070290915e-06,20,0.0,0.0,20,3.7300002077245154e-06,6.720743329422938e-07,20,1.2099999730708078e-05,2.3285412256191423e-06
block,NINO34,block,0.7,410,NINO3,multiscale_equal,20,20,0,20,0.35317874054588205,0.020602901831916817,20,0.26867374460623883,0.0072055846588031935,20,0.39448555187514245,0.022314059369434355,20,0.9273262457692605,0.007036399703828496,20,0.16955964000044332,0.023213010325707804,20,0.0,0.0,20,0.0014387049996003043,5.950779133845991e-05,20,0.17099834500004363,0.023213037157927562
block,NINO34,block,0.7,410,NINO3,multiscale_weighted,20,20,0,20,0.34826575768198575,0.01874914262984082,20,0.26628430061091063,0.00664601555587751,20,0.3890156105350041,0.020667440397218486,20,0.9291210195176459,0.007355334820708364,20,0.16955964000044332,0.023213010325707804,20,0.33746742000021185,0.03574351368761771,20,0.001441980000345211,5.950685468859344e-05,20,0.5084690400010003,0.035542237037541745
block,NINO34,block,0.7,410,NINO4,fprm,20,20,0,20,0.3056366470763097,0.021811637150902105,20,0.24347305200371688,0.018238602371846872,20,0.43575831970438267,0.034445942938992634,20,0.912588918033894,0.01736025595739507,20,0.060310969999045484,0.014684941738092675,20,0.0,0.0,20,0.0004588649995639571,3.426920140384318e-05,20,0.06076983499860944,0.014696715710442121
block,NINO34,block,0.7,410,NINO4,fprm_tau1,20,20,0,20,0.30073402096408175,0.0116427428118502,20,0.23982632734013212,0.011370696199118886,20,0.428864957178501,0.024175183267611308,20,0.9169057847281816,0.00741298303992411,20,0.0644168949997038,0.015916434128633496,20,0.0,0.0,20,0.0004539900000963826,1.634215985492058e-05,20,0.06487088499980018,0.015919669653696907
block,NINO34,block,0.7,410,NINO4,fprm_tau6,20,20,0,20,0.4056308083395613,0.05010819607934429,20,0.3233423097376529,0.03788100582327426,20,0.5776108115160697,0.06629407345374877,20,0.8377700650375635,0.05672442228881425,20,0.05672818499861023,0.013272461586868158,20,0.0,0.0,20,0.0004484849998334539,1.3309524680677614e-05,20,0.05717666999844369,0.013278564807588211
block,NINO34,block,0.7,410,NINO4,gpr_raw,20,20,0,20,0.3076124927951576,0.00841089345220786,20,0.2421724494704532,0.007281141995276762,20,0.4384363869301942,0.015521204311736292,20,0.9128794341573216,0.011081659302826716,20,0.06042135499974392,0.008835228263169376,20,0.0,0.0,20,0.0004468649998671026,8.907117891296456e-05,20,0.06086821999961103,0.008857308735741599
block,NINO34,block,0.7,410,NINO4,linear,20,20,0,20,0.8893936612641282,0.13951624320147277,20,0.7194368103948896,0.12512048883555577,20,1.2665264223000934,0.1942985400795772,18,-0.08747191724695814,0.19614727580640368,20,1.6000049072317779e-07,5.026262317264831e-08,20,0.0,0.0,20,9.039999895321671e-06,1.4932828274607347e-06,20,9.200000386044849e-06,1.5008761052194535e-06
block,NINO34,block,0.7,410,NINO4,mean,20,20,0,20,0.7419033263016173,0.01721946518451387,20,0.5932541571060309,0.022747958557227405,20,1.0571417842556663,0.022718808659800055,0,,,20,8.350000098289456e-06,1.4496821133013446e-06,20,0.0,0.0,20,3.724999805854168e-06,7.002816867847707e-07,20,1.2074999904143625e-05,2.0457590285687826e-06
block,NINO34,block,0.7,410,NINO4,multiscale_equal,20,20,0,20,0.3203050863964959,0.019799143786723226,20,0.2561604855682535,0.018687741073650725,20,0.4565462735227082,0.0300322093464175,20,0.9087815032272847,0.008929662027170965,20,0.1814560499973595,0.025595353863174193,20,0.0,0.0,20,0.0013717999994696584,4.449917842860462e-05,20,0.18282784999682916,0.02561403335378809
block,NINO34,block,0.7,410,NINO4,multiscale_weighted,20,20,0,20,0.3195223821457679,0.020266790918920734,20,0.25502667268215173,0.018785361180004973,20,0.4552295168665633,0.02706753619964481,20,0.9082520281619294,0.009862405466164601,20,0.1814560499973595,0.025595353863174193,20,0.3398072050000337,0.027703919762994175,20,0.0013767699996606098,4.218342292650777e-05,20,0.5226400249970539,0.033562025173647064
block,NINO34,block,0.9,410,NINO12,fprm,20,20,0,20,1.020408191806919,0.08812418086941844,20,0.8112154593238909,0.08593771521061055,20,0.9453443751562638,0.06645849717178731,20,0.4773266064902993,0.15001233498722158,20,0.02350568000038038,0.005044082660049094,20,0.0,0.0,20,0.0002406000005066744,1.4729847852733841e-05,20,0.023746280000887056,0.005041615706398301
block,NINO34,block,0.9,410,NINO12,fprm_tau1,20,20,0,20,1.0782966692784877,0.11647541677144618,20,0.8502958050270035,0.11793656386149287,20,1.0007566395599157,0.11506757598847472,20,0.47568168799660643,0.11318475724238031,20,0.024744420000752144,0.008070704599870821,20,0.0,0.0,20,0.00024228499987657414,1.2803218041624843e-05,20,0.024986705000628717,0.00807799866114218
block,NINO34,block,0.9,410,NINO12,fprm_tau6,20,20,0,20,1.0920064927540236,0.05880413050700237,20,0.8554667959569267,0.06554048392806668,20,1.012415301722362,0.04646943530886123,20,0.3532855533829057,0.1380717671801938,20,0.02267957500007469,0.006569513688506333,20,0.0,0.0,20,0.00024074000011751196,1.6706014852051947e-05,20,0.022920315000192204,0.006576425360656087
block,NINO34,block,0.9,410,NINO12,gpr_raw,20,20,0,20,1.1373735811660008,0.222564538127185,20,0.9246167077606222,0.20520341546798718,20,1.056684632343297,0.21867739786294335,20,0.4711305188154049,0.10854786467322296,20,0.026847285000258125,0.0038437183545837715,20,0.0,0.0,20,0.00025443500053370374,2.543423502227533e-05,20,0.027101720000791828,0.0038504982663842588
block,NINO34,block,0.9,410,NINO12,linear,20,20,0,20,1.3424396886945797,0.32736037803503254,20,1.054530612319637,0.36076008685746597,20,1.242162343473419,0.2895817644476188,18,0.05459830753912726,0.08403220611129655,20,1.4500001270789654e-07,5.1041679569176867e-08,20,0.0,0.0,20,8.28500051284209e-06,8.209588960871274e-07,20,8.430000525549985e-06,8.404885553412069e-07
block,NINO34,block,0.9,410,NINO12,mean,20,20,0,20,1.127006505446993,0.07812352345496226,20,0.8795014211117721,0.09844954278019796,20,1.044816208631743,0.0656562527212934,0,,,20,7.514999924751464e-06,1.194846197331254e-06,20,0.0,0.0,20,3.3249996704398653e-06,5.418046218519017e-07,20,1.083999959519133e-05,1.6900322268795335e-06
block,NINO34,block,0.9,410,NINO12,multiscale_equal,20,20,0,20,0.9999479855485978,0.10635128947266408,20,0.7862969877152993,0.09941423907184341,20,0.9269008971078166,0.09283277684547009,20,0.49931278107579474,0.12839661528848878,20,0.07092967500120721,0.013284877117811799,20,0.0,0.0,20,0.0007333850004215492,3.202335091328011e-05,20,0.07166306000162877,0.013300709116554016
block,NINO34,block,0.9,410,NINO12,multiscale_weighted,20,20,0,20,0.9993860756393156,0.10629026517454969,20,0.7863963274542135,0.09903226477839787,20,0.9263849433320592,0.0928307221394252,20,0.5001250812234647,0.12970547462748933,20,0.07092967500120721,0.013284877117811799,20,0.19822991999990336,0.016112196668462368,20,0.0007373450003797189,3.170600952699281e-05,20,0.2698969400014903,0.021879503270133212
block,NINO34,block,0.9,410,NINO3,fprm,20,20,0,20,0.40565046214290346,0.09358558678053408,20,0.318156465547955,0.07477308778792298,20,0.4573672838077757,0.10358903619779523,20,0.8965931265229093,0.04577176660737295,20,0.021547225000540494,0.005355763872035648,20,0.0,0.0,20,0.0002482899997630739,2.0434926197700588e-05,20,0.021795515000303568,0.00536423110934332
block,NINO34,block,0.9,410,NINO3,fprm_tau1,20,20,0,20,0.39285642776211577,0.09719142654852049,20,0.30079252675568835,0.06319277814557113,20,0.4426162517872939,0.1047929321369581,20,0.8995690264869272,0.05546521704332071,20,0.026312810000126773,0.006059810401713731,20,0.0,0.0,20,0.0002528799999709008,1.6562119458756514e-05,20,0.026565690000097675,0.006058144442513849
block,NINO34,block,0.9,410,NINO3,fprm_tau6,20,20,0,20,0.5039804696437906,0.13534198593665242,20,0.38766812125984457,0.10656383604148559,20,0.5685203264796207,0.1520177447468693,20,0.8445780108637221,0.07467428093081366,20,0.02518913000003522,0.008813043045552403,20,0.0,0.0,20,0.0002538699998694938,2.638680034208938e-05,20,0.025442999999904715,0.008820693824643325
block,NINO34,block,0.9,410,NINO3,gpr_raw,20,20,0,20,0.4262569019361563,0.07224594741893527,20,0.3304292939535308,0.04899548841994813,20,0.481251331296646,0.08291739912333557,20,0.8963146482682394,0.03124590457872684,20,0.026340294999681647,0.005423214046537451,20,0.0,0.0,20,0.00026672500007407507,3.0231839208469503e-05,20,0.026607019999755722,0.005427183394187075
block,NINO34,block,0.9,410,NINO3,linear,20,20,0,20,1.068884130156195,0.19283606700574749,20,0.834988617886179,0.2009984830762988,20,1.2049590521001032,0.2066233038087609,20,0.05233231395188427,0.041462865946067656,20,1.250007699127309e-07,4.442661186962724e-08,20,0.0,0.0,20,8.349999734491576e-06,7.71532228340981e-07,20,8.475000504404306e-06,7.738312471600338e-07
block,NINO34,block,0.9,410,NINO3,mean,20,20,0,20,0.9695110407795285,0.10825984125656583,20,0.7703054398836671,0.13039594540731222,20,1.0938446105803916,0.11979224819510886,0,,,20,7.4450003012316305e-06,9.127606859942031e-07,20,0.0,0.0,20,3.355000262672547e-06,4.4894654397253513e-07,20,1.0800000563904177e-05,1.2847289648883148e-06
block,NINO34,block,0.9,410,NINO3,multiscale_equal,20,20,0,20,0.4025805397357075,0.0792194443128301,20,0.3124673984646036,0.06079421029986648,20,0.4538934410331681,0.08657113984908277,20,0.9020439222553481,0.03188246087593086,20,0.07304916500070249,0.009878404099333183,20,0.0,0.0,20,0.0007648499999049818,4.5941409611291506e-05,20,0.07381401500060747,0.009879728601557057
block,NINO34,block,0.9,410,NINO3,multiscale_weighted,20,20,0,20,0.4064758518207127,0.07860251268826222,20,0.3149506747773559,0.06083880178930524,20,0.4582951947898371,0.08597382405165013,20,0.9005075963918795,0.03177711742507811,20,0.07304916500070249,0.009878404099333183,20,0.20429612999960228,0.020232667314207094,20,0.0007689649992244085,4.5928735446420125e-05,20,0.27811425999952916,0.022522784069128502
block,NINO34,block,0.9,410,NINO4,fprm,20,20,0,20,0.39750500219209145,0.06217955888023088,20,0.30863167644071354,0.04326430523758505,20,0.5828314675463208,0.08499050499890486,20,0.861936034562089,0.027689100409814663,20,0.027744425001219496,0.00790151340115177,20,0.0,0.0,20,0.0002848500002073706,4.381627386721311e-05,20,0.02802927500142687,0.00792943179184124
block,NINO34,block,0.9,410,NINO4,fprm_tau1,20,20,0,20,0.3982440731981298,0.08866614897867084,20,0.3041490088361122,0.06421602452043962,20,0.583522801288478,0.1235776410727868,20,0.8730833642850998,0.03337884754654667,20,0.025761045000035666,0.005837667760783191,20,0.0,0.0,20,0.0002917499992690864,4.986715517082529e-05,20,0.02605279499930475,0.005828529707560983
block,NINO34,block,0.9,410,NINO4,fprm_tau6,20,20,0,20,0.5587450849859767,0.18205108195214487,20,0.42646856594208477,0.1351856641531234,20,0.8179252144039101,0.25906449325251846,20,0.7156146986427919,0.14243291607119674,20,0.022243009999510833,0.0055100872866773965,20,0.0,0.0,20,0.0002852499997970881,3.567116573757343e-05,20,0.02252825999930792,0.005526905707802549
block,NINO34,block,0.9,410,NINO4,gpr_raw,20,20,0,20,0.4331824387906704,0.12921577406920678,20,0.3212526823077803,0.083227265127796,20,0.6343205029144005,0.18273660187077959,20,0.8044323261335116,0.1033483359303444,20,0.025639369999953487,0.0035556362786275135,20,0.0,0.0,20,0.0002904950002630358,3.724768430981019e-05,20,0.025929865000216525,0.003575601053158938
block,NINO34,block,0.9,410,NINO4,linear,20,20,0,20,0.8926306065573282,0.18398386690630872,20,0.7173855233282063,0.1523322519198178,20,1.3085636218220293,0.25714962537297126,19,0.005662731879070082,0.04393249600057684,20,1.5499972505494952e-07,6.048016931138893e-08,20,0.0,0.0,20,1.0490000386198517e-05,5.250753823158794e-06,20,1.0645000111253467e-05,5.253617398131592e-06
block,NINO34,block,0.9,410,NINO4,mean,20,20,0,20,0.7856585913082608,0.09733557012805834,20,0.6296256196708307,0.06741335220536823,20,1.1524677986713645,0.1321805151198232,0,,,20,8.694999814906624e-06,3.025066578908267e-06,20,0.0,0.0,20,4.074999924341682e-06,1.4111865544110942e-06,20,1.2769999739248305e-05,4.400610281558504e-06
block,NINO34,block,0.9,410,NINO4,multiscale_equal,20,20,0,20,0.4312873877624822,0.10729315710396437,20,0.32622893378470186,0.07180722154442509,20,0.6317393690526056,0.15057938559819706,20,0.8498110979640356,0.043802865575882755,20,0.07574848000076599,0.011615355822838192,20,0.0,0.0,20,0.0008721849997527897,8.543660886102533e-05,20,0.07662066500051878,0.01165367899379948
block,NINO34,block,0.9,410,NINO4,multiscale_weighted,20,20,0,20,0.4394512902958003,0.1167132650871377,20,0.33268219602992544,0.0786201882219561,20,0.6435653669241731,0.16411512272633838,20,0.8427370404092986,0.0511421731381469,20,0.07574848000076599,0.011615355822838192,20,0.2148039500001687,0.026796489218405717,20,0.0008778199988228152,8.59868516221743e-05,20,0.29143024999975753,0.03191589888856307
main,NINO34,random,0.1,410,NINO12,fprm,20,20,0,20,0.7232943366550284,0.10158524274982256,20,0.5593320800040801,0.07638786879804844,20,0.7006034834881563,0.12378942040112827,20,0.718308159945735,0.11191071770076175,20,1.197032030000446,0.3210747817754229,20,0.0,0.0,20,0.002301465000164171,0.0003025555469465044,20,1.19933349500061,0.32124383114395305
main,NINO34,random,0.1,410,NINO12,fprm_tau1,20,20,0,20,0.7548824349253207,0.10672144686649747,20,0.5841143920746865,0.08036689217810679,20,0.7287876712829366,0.11554666462289992,20,0.6908094057187479,0.10789239798229935,20,0.9069237449997672,0.22304303881441914,20,0.0,0.0,20,0.0023175799995442505,0.00036818770736470323,20,0.9092413249993114,0.22303166253364382
main,NINO34,random,0.1,410,NINO12,fprm_tau6,20,20,0,20,0.6812984866097826,0.09963837175533347,20,0.5369987342980134,0.0730806103917829,20,0.6589548908955459,0.11121616993908474,20,0.7491434391002569,0.09805075614764787,20,1.2103654349999489,0.2408059623823315,20,0.0,0.0,20,0.002206925000245974,8.36442138925568e-05,20,1.2125723600001947,0.24080161622778207
main,NINO34,random,0.1,410,NINO12,gpr_raw,20,20,0,20,0.796320366015306,0.10747191411638954,20,0.6174807963662097,0.08039531191843662,20,0.7693529938287096,0.11987664592768674,20,0.6635978888724164,0.11553279283371112,20,0.8255796749990623,0.14860672000622946,20,0.0,0.0,20,0.0022847900001579545,0.00026658009897989913,20,0.8278644649992202,0.14857892563056413
main,NINO34,random,0.1,410,NINO12,linear,20,20,0,20,0.31258904786225356,0.0489436198356786,20,0.2376869918699187,0.030305516661961206,20,0.30561831890803043,0.07038824317979643,20,0.9508462345391401,0.02382826690468117,20,1.400003384333104e-07,5.982463168860693e-08,20,0.0,0.0,20,9.98499963316135e-06,2.0355457917392065e-06,20,1.012499997159466e-05,2.0698020728222017e-06
main,NINO34,random,0.1,410,NINO12,mean,20,20,0,20,1.0672598563253837,0.21136974415367224,20,0.8240936611805143,0.1364869943352756,20,1.0103539841389373,0.03299461399798599,0,,,20,8.874999366526026e-06,1.9482447819619054e-06,20,0.0,0.0,20,3.899999865097925e-06,7.122978724466201e-07,20,1.277499923162395e-05,2.616923356375689e-06
main,NINO34,random,0.1,410,NINO12,multiscale_equal,20,20,0,20,0.6941080361919227,0.1042528066127711,20,0.5413379743117457,0.07944254763018546,20,0.6702489339368409,0.11093015147273388,20,0.7411072894160634,0.10266856069624436,20,3.3143212100001618,0.4749099001804005,20,0.0,0.0,20,0.006839060000129393,0.0005150485650295068,20,3.3211602700002913,0.47508178517307126
main,NINO34,random,0.1,410,NINO12,multiscale_weighted,20,20,0,20,0.6957496763042029,0.1042753574681043,20,0.542374344611211,0.07973592627925627,20,0.6717449384975632,0.11051289704868081,20,0.7398614959493529,0.10247806121110396,20,3.3143212100001618,0.4749099001804005,20,3.1493931100003465,0.28281048162507716,20,0.006841814999643247,0.0005149850412559989,20,6.470556135000152,0.6996226952863055
main,NINO34,random,0.1,410,NINO3,fprm,20,20,0,20,0.28476592581164606,0.035084393321722515,20,0.22822102965807184,0.028118040705798725,20,0.31766118668800347,0.052721769526173065,20,0.9474835679042192,0.01824181287048701,20,0.9447174599996288,0.27696975667294493,20,0.0,0.0,20,0.0021161799999390497,0.00019456503067261877,20,0.9468336399995678,0.27705565912371555
main,NINO34,random,0.1,410,NINO3,fprm_tau1,20,20,0,20,0.2929099244305452,0.033884159534445735,20,0.23750182122067134,0.030054229578005538,20,0.32611063943130825,0.048236337084138325,20,0.9448087548567916,0.017301251797545828,20,0.7738721549998445,0.20803517424627696,20,0.0,0.0,20,0.0020770949997313435,4.181804593452643e-05,20,0.7759492499995758,0.2080278798744848
main,NINO34,random,0.1,410,NINO3,fprm_tau6,20,20,0,20,0.26947085362678147,0.03063480990997449,20,0.2160425777441019,0.026788515781475297,20,0.30042949897963134,0.04654433042100273,20,0.9530357474241192,0.014278121594043066,20,0.7735367100005532,0.17571025893391232,20,0.0,0.0,20,0.0021010150003348826,0.00011421701117686313,20,0.7756377250008881,0.1757190085859728
main,NINO34,random,0.1,410,NINO3,gpr_raw,20,20,0,20,0.2956221778313748,0.03530989190359993,20,0.23964346454666216,0.03169052412479688,20,0.329104068978305,0.04971511628724825,20,0.9438779481139348,0.017874177752135702,20,0.8267942549995496,0.11692615813039406,20,0.0,0.0,20,0.0020733500001369975,0.00014174625778951106,20,0.8288676049996866,0.11693249632852029
main,NINO34,random,0.1,410,NINO3,linear,20,20,0,20,0.15804293863684135,0.02561284933814531,20,0.12313211382113823,0.01793866281047707,20,0.1760332937063948,0.03383346734968696,20,0.98458285222085,0.006546103912875938,20,1.500004145782441e-07,5.1298934991143606e-08,20,0.0,0.0,20,8.985000022221357e-06,9.609614270914913e-07,20,9.1350004367996e-06,9.56569316004479e-07
main,NINO34,random,0.1,410,NINO3,mean,20,20,0,20,0.9070378698599528,0.0838231480884976,20,0.6913970520193007,0.05293392943136199,20,1.001932646913331,0.02230933489438502,0,,,20,7.999999979801942e-06,8.867444613820332e-07,20,0.0,0.0,20,3.474999721220229e-06,5.066666692317861e-07,20,1.147499970102217e-05,1.3353007810793946e-06
main,NINO34,random,0.1,410,NINO3,multiscale_equal,20,20,0,20,0.27476362145143807,0.032670440730903874,20,0.221797754637609,0.027802127352190738,20,0.3063302486087979,0.0487772197777388,20,0.9510451394946067,0.0159545391443236,20,2.4921263250000267,0.31775071439560515,20,0.0,0.0,20,0.006306919999406091,0.00021913666140809839,20,2.4984332449994326,0.3177309331700021
main,NINO34,random,0.1,410,NINO3,multiscale_weighted,20,20,0,20,0.2766385535665058,0.03261163116547589,20,0.22342997033982534,0.027724612509518836,20,0.30837325105496405,0.048581228380330646,20,0.9504304047675927,0.01607757544125015,20,2.4921263250000267,0.31775071439560515,20,2.3570137650000107,0.23294482820570506,20,0.00630818499957968,0.00021936254894896353,20,4.855448274999617,0.36713013098129493
main,NINO34,random,0.1,410,NINO4,fprm,20,20,0,20,0.24895802726831753,0.031401433542225285,20,0.2023571067353942,0.025895869197450527,20,0.37164670077228906,0.062344779289498664,20,0.9294232568464678,0.026194582997627003,20,0.8657398849993114,0.24607744230522266,20,0.0,0.0,20,0.002280715000051714,0.00025659652219601537,20,0.8680205999993632,0.2462136481374294
main,NINO34,random,0.1,410,NINO4,fprm_tau1,20,20,0,20,0.24978050818558833,0.035181877386081535,20,0.2010537300097685,0.029297353551381664,20,0.37321077058796437,0.06932753778683887,20,0.9286865303290412,0.029126895287034025,20,0.7585160999999061,0.18878848369486542,20,0.0,0.0,20,0.002316679999785265,0.0003235255944967152,20,0.7608327799996915,0.18875632834821648
main,NINO34,random,0.1,410,NINO4,fprm_tau6,20,20,0,20,0.22116697914652067,0.030961863503556102,20,0.17209060405850277,0.02511340942560386,20,0.32985533205166145,0.0555882757322252,20,0.943770523935455,0.01984589347614461,20,0.871720620000815,0.21651400250945227,20,0.0,0.0,20,0.002282020000166085,0.0002651492501070502,20,0.874002640000981,0.2165521567870604
main,NINO34,random,0.1,410,NINO4,gpr_raw,20,20,0,20,0.24742098192879833,0.035299005028884306,20,0.19675260902915542,0.028718622612786366,20,0.3697998070443457,0.07049407792199155,20,0.9296931161542783,0.02963009746237441,20,0.7641568599992752,0.11445053318424268,20,0.0,0.0,20,0.002269669999986945,0.0002707652434212265,20,0.7664265299992621,0.1145131739917414
main,NINO34,random,0.1,410,NINO4,linear,20,20,0,20,0.09994501614666246,0.01209928295987911,20,0.07777439024390242,0.008309497361364082,20,0.14911358708755512,0.023160966528580663,20,0.9888292506169296,0.0034644937263282084,20,1.4000015653437002e-07,5.026208984763035e-08,20,0.0,0.0,20,9.620000128052197e-06,3.012010841643779e-06,20,9.760000284586568e-06,3.0245304846142645e-06
main,NINO34,random,0.1,410,NINO4,mean,20,20,0,20,0.6788526891805623,0.067447275728089,20,0.5614917707713662,0.0562869955008145,20,1.0034211047688684,0.021165050769306977,0,,,20,8.23499995021848e-06,1.8678086500434312e-06,20,0.0,0.0,20,3.325000398035627e-06,3.2585986259602094e-07,20,1.1560000348254108e-05,1.9513554456666646e-06
main,NINO34,random,0.1,410,NINO4,multiscale_equal,20,20,0,20,0.23331372467612083,0.032491432988123944,20,0.1877592883747181,0.026340673029559607,20,0.3483673152161433,0.06219485334392892,20,0.9376120192051856,0.024358559656563212,20,2.4959766050000325,0.45345942035273845,20,0.0,0.0,20,0.006899765000343905,0.00079532439465303,20,2.5028763700003767,0.45375337267196675
main,NINO34,random,0.1,410,NINO4,multiscale_weighted,20,20,0,20,0.23418840353660894,0.03257700127239011,20,0.18857027054347503,0.026384097957448695,20,0.3496955798149786,0.06254466873065971,20,0.9371544696786132,0.024591977438753892,20,2.4959766050000325,0.45345942035273845,20,2.343630404999749,0.1892029658711241,20,0.006893520000448916,0.0007879703528303495,20,4.84650053000023,0.445206668576905
main,NINO34,random,0.3,410,NINO12,fprm,20,20,0,20,0.7499454443692473,0.04277908332990455,20,0.5832658841614605,0.036702901698207634,20,0.6797127014361967,0.05829416738130519,20,0.7396019644535707,0.05409645288417651,20,0.5345867599993653,0.15706804673611918,20,0.0,0.0,20,0.0012632599999051308,0.0001736386127977742,20,0.5358500199992704,0.15706794460880466
main,NINO34,random,0.3,410,NINO12,fprm_tau1,20,20,0,20,0.7714263272974694,0.03772777374966637,20,0.59786351662524,0.035195884482856064,20,0.6993032827166387,0.057724351000060035,20,0.7228326883484236,0.055591537878994235,20,0.4886122899999464,0.10792960243402742,20,0.0,0.0,20,0.0013198350001403015,0.00019444716023388095,20,0.48993212500008665,0.10801383630477884
main,NINO34,random,0.3,410,NINO12,fprm_tau6,20,20,0,20,0.7817724251234869,0.14116381625329308,20,0.6004303105938139,0.09161805519409641,20,0.7086726869383924,0.13745217240897672,20,0.6918341554369081,0.18014228503265953,20,0.49517950500030566,0.1982292666013573,20,0.0,0.0,20,0.0013434899996354944,0.00037129962043431456,20,0.4965229949999411,0.19818918523027304
main,NINO34,random,0.3,410,NINO12,gpr_raw,20,20,0,20,0.7948564316806103,0.040196474972633546,20,0.6188843365417036,0.03911582869140348,20,0.7204292269486415,0.058348646773219506,20,0.701203108318032,0.05917268699024477,20,0.39447408499927406,0.04822118848055224,20,0.0,0.0,20,0.0012033100001644925,0.0001729317295355721,20,0.39567739499943855,0.04816382948945945
main,NINO34,random,0.3,410,NINO12,linear,20,20,0,20,0.35712867319249647,0.03972512212763032,20,0.2733835462640341,0.026297392762015873,20,0.32366717393396055,0.0410793923075645,20,0.9466761360150503,0.013432641521082561,20,1.4500037650577725e-07,5.104171707560874e-08,20,0.0,0.0,20,1.0439999459777028e-05,8.506345001281288e-07,20,1.0584999836282805e-05,8.689227596755657e-07
main,NINO34,random,0.3,410,NINO12,mean,20,20,0,20,1.1134730254709606,0.09758053538864618,20,0.8419243930766834,0.060457577176118146,20,1.0035756718975235,0.00885458689040664,0,,,20,8.664999950269702e-06,1.5665164516432745e-06,20,0.0,0.0,20,3.640000068116933e-06,5.393951069234618e-07,20,1.2305000018386636e-05,1.9882480982877715e-06
main,NINO34,random,0.3,410,NINO12,multiscale_equal,20,20,0,20,0.7328200519709462,0.050211827096316816,20,0.5692951545922154,0.03406723091458804,20,0.663549587305032,0.05474850779962115,20,0.7581767263126324,0.056082530430809206,20,1.5183785549996174,0.3606180664394236,20,0.0,0.0,20,0.003937944999597676,0.0006222204218684105,20,1.522316499999215,0.3606912892554082
main,NINO34,random,0.3,410,NINO12,multiscale_weighted,20,20,0,20,0.7326561009185989,0.04841288182218698,20,0.5693026624091322,0.0332200678078825,20,0.6634480078876313,0.05394545549565565,20,0.7572526814206471,0.056340054949229196,20,1.5183785549996174,0.3606180664394236,20,1.5926024899999902,0.24824270304065188,20,0.00394129999949655,0.0006225214134918375,20,3.114922344999104,0.4604426159862457
main,NINO34,random,0.3,410,NINO3,fprm,20,20,0,20,0.28207590124147736,0.01656426568649237,20,0.22532091130600373,0.012596584332378712,20,0.30598233188868906,0.023800072833503265,20,0.9521821662129677,0.007474335583505239,20,0.41890672500012444,0.14151455286320835,20,0.0,0.0,20,0.0012090349999198224,0.0001267485927290211,20,0.42011576000004425,0.14154310061241723
main,NINO34,random,0.3,410,NINO3,fprm_tau1,20,20,0,20,0.2850367028995494,0.016252267524533605,20,0.22907661382782857,0.013051981609665012,20,0.30909531894282505,0.022398531081152803,20,0.9511532082858724,0.0070327720799187275,20,0.4340149449995806,0.10962790446976303,20,0.0,0.0,20,0.0011894000006577698,0.00010377435532925563,20,0.4352043450002384,0.10966930680259819
main,NINO34,random,0.3,410,NINO3,fprm_tau6,20,20,0,20,0.2757767526356092,0.01621771428678619,20,0.21780576201008536,0.01218887167486573,20,0.2992516823731859,0.02477591357766582,20,0.9541086247372228,0.00784671452059557,20,0.44552510000030454,0.1386067185064735,20,0.0,0.0,20,0.0011946649998208158,8.868059907890245e-05,20,0.44671976500012534,0.1385842068750924
main,NINO34,random,0.3,410,NINO3,gpr_raw,20,20,0,20,0.2871600557839436,0.01730526050683465,20,0.2303793560011282,0.013343751506035345,20,0.31151101334913645,0.024964619080810928,20,0.9502754069408901,0.00788619187943732,20,0.42081124499909495,0.08677847014632117,20,0.0,0.0,20,0.001203065000117931,0.0001726167075705196,20,0.42201430999921286,0.08685957587411439
main,NINO34,random,0.3,410,NINO3,linear,20,20,0,20,0.1977407724254217,0.02189923449246553,20,0.153420054200542,0.013625156491890203,20,0.21464473113276145,0.027543707304195354,20,0.9769208847902503,0.006505205998891135,20,1.1500051186885684e-07,3.6634667966682214e-08,20,0.0,0.0,20,1.1009999798261561e-05,1.8481565472866169e-06,20,1.1125000310130417e-05,1.837868952755457e-06
main,NINO34,random,0.3,410,NINO3,mean,20,20,0,20,0.9264893704649036,0.05864546014886647,20,0.7030504518285601,0.04644765951264584,20,1.0018565188701787,0.008094371223259868,0,,,20,8.754999726079404e-06,1.662108415149998e-06,20,0.0,0.0,20,3.824999657808803e-06,7.69740442921431e-07,20,1.2579999383888207e-05,2.3560894336652155e-06
main,NINO34,random,0.3,410,NINO3,multiscale_equal,20,20,0,20,0.2759918343754063,0.017108527563422033,20,0.22064939519813942,0.013294863379750051,20,0.29935683460452994,0.023778262500460768,20,0.9541568168009039,0.007359442426088201,20,1.2984467700000095,0.2137146832180466,20,0.0,0.0,20,0.003605194999727246,0.00023182206081455483,20,1.3020519649997369,0.2137736651489336
main,NINO34,random,0.3,410,NINO3,multiscale_weighted,20,20,0,20,0.2767498382399789,0.016929838965778585,20,0.2214958340198135,0.013159646975218616,20,0.3001649183946642,0.023470326888158376,20,0.9539225686365004,0.007268946461096116,20,1.2984467700000095,0.2137146832180466,20,1.3765441050001754,0.18627378939988545,20,0.003607380000721605,0.00023212613349338167,20,2.6785982550009066,0.2652549807872793
main,NINO34,random,0.3,410,NINO4,fprm,20,20,0,20,0.25203508521399043,0.013881208249957295,20,0.20497999797410538,0.011693193065002631,20,0.36660354804984524,0.02768797213311411,20,0.9312143118066155,0.010903427083911593,20,0.41142458000103943,0.1205943553961732,20,0.0,0.0,20,0.0012750499994581333,0.00013933291976789774,20,0.4126996300004976,0.12058205703281075
main,NINO34,random,0.3,410,NINO4,fprm_tau1,20,20,0,20,0.2531760776269948,0.0147078805177858,20,0.20301216306653366,0.011879647962465547,20,0.36820957076016203,0.027598504329493373,20,0.9307477389232078,0.010835973905348725,20,0.4164552000007461,0.07506493002111453,20,0.0,0.0,20,0.0012313900002482113,0.0001160999386482168,20,0.41768659000099434,0.07508640847327767
main,NINO34,random,0.3,410,NINO4,fprm_tau6,20,20,0,20,0.23287275032384197,0.014383436505027396,20,0.18486776048434575,0.01247163292861677,20,0.33853483648018357,0.02439279645381285,20,0.941816711245852,0.008524361021844961,20,0.3840951849997509,0.10665089512103211,20,0.0,0.0,20,0.0012526500000603845,0.00010139101775854829,20,0.3853478349998113,0.10667275178857484
main,NINO34,random,0.3,410,NINO4,gpr_raw,20,20,0,20,0.25056656424127893,0.015073880005628594,20,0.19886220095414245,0.012194535389057699,20,0.36436239395197156,0.027173140419176667,20,0.9322462951843841,0.010685537723810212,20,0.3674357349993443,0.07044485025652054,20,0.0,0.0,20,0.001179835000220919,9.867255999640663e-05,20,0.3686155699995652,0.0704741483133435
main,NINO34,random,0.3,410,NINO4,linear,20,20,0,20,0.1137869536582969,0.012772717789704848,20,0.08634467673248161,0.007253958711963019,20,0.16546792369161595,0.020160128372833916,20,0.9864448611310292,0.0033421829699063262,20,1.2999971659155564e-07,4.701663336143429e-08,20,0.0,0.0,20,9.814999793889001e-06,2.225752557282879e-06,20,9.944999510480556e-06,2.2502578165614606e-06
main,NINO34,random,0.3,410,NINO4,mean,20,20,0,20,0.6935657952906679,0.03260616364723162,20,0.5724866434378629,0.02859296085133614,20,1.0066256588925682,0.016774195121081012,0,,,20,7.945000470499508e-06,9.298978875569037e-07,20,0.0,0.0,20,3.2550000469200312e-06,5.155222367843867e-07,20,1.120000051741954e-05,1.2532065906231813e-06
main,NINO34,random,0.3,410,NINO4,multiscale_equal,20,20,0,20,0.23971060105202785,0.014832463610804798,20,0.1937532822062765,0.012141709319912994,20,0.34854630990620533,0.02612480839410586,20,0.938074784292561,0.009685236762343964,20,1.2119749650015366,0.17550166134549514,20,0.0,0.0,20,0.003771855000195501,0.0002836598496072114,20,1.215746820001732,0.17562747902190337
main,NINO34,random,0.3,410,NINO4,multiscale_weighted,20,20,0,20,0.24021533281388813,0.014771582210082405,20,0.19417824366469844,0.012054697525769755,20,0.34928217213533536,0.026093233494881497,20,0.9378092648564381,0.009700942248736142,20,1.2119749650015366,0.17550166134549514,20,1.195095570000376,0.12098745687394516,20,0.0037732700000560728,0.0002849102196237241,20,2.4108438050019685,0.18904329385742438
main,NINO34,random,0.5,410,NINO12,fprm,20,20,0,20,0.7797461100969334,0.08828462135140372,20,0.6024916471819572,0.06417465434113383,20,0.7195774230518597,0.07956431144233679,20,0.6817802404753348,0.1565738268218862,20,0.21286962499980291,0.07460529895104691,20,0.0,0.0,20,0.0009315749999586842,0.00033848846827613886,20,0.2138011999997616,0.07452886836503668
main,NINO34,random,0.5,410,NINO12,fprm_tau1,20,20,0,20,0.7822003486990262,0.03013675956970936,20,0.6009875919505776,0.024682785165742807,20,0.7225382614053755,0.0444075952278983,20,0.6982248430097278,0.042112922803957606,20,0.1979148049998912,0.04185973683034382,20,0.0,0.0,20,0.0008413799996560556,0.0002023715826612279,20,0.19875618499954725,0.04187508467962714
main,NINO34,random,0.5,410,NINO12,fprm_tau6,20,20,0,20,0.8690235045088677,0.14498100481282017,20,0.6628658707286349,0.09946028676211237,20,0.8023843558582584,0.1346988762361962,20,0.5447535134974252,0.24136607494178944,20,0.17392027999976561,0.06748763616935473,20,0.0,0.0,20,0.000936570000339998,0.0003393996017503221,20,0.17485685000010562,0.06738126158355733
main,NINO34,random,0.5,410,NINO12,gpr_raw,20,20,0,20,0.7951368724575697,0.026656464546063897,20,0.6179228142404589,0.022401698076212128,20,0.7344429528192782,0.0418826195204778,20,0.687641588370498,0.037879783769767375,20,0.16140204499952232,0.017661454676339974,20,0.0,0.0,20,0.0008364350002011634,0.0002048541645288952,20,0.1622384799997235,0.017732689892099602
main,NINO34,random,0.5,410,NINO12,linear,20,20,0,20,0.43187366332760685,0.03479912453041133,20,0.32794333285955235,0.02560437533506468,20,0.3988960977489707,0.03695878965600703,20,0.9177438623882999,0.016212249408479297,20,1.350001184619032e-07,4.893632332501633e-08,20,0.0,0.0,20,1.03299997135764e-05,1.0105236748825569e-06,20,1.0464999832038302e-05,9.975099438324004e-07
main,NINO34,random,0.5,410,NINO12,mean,20,20,0,20,1.092778403495865,0.06045026369256895,20,0.8309371088637715,0.03489827532550917,20,1.0070973973474784,0.0195270257689714,0,,,20,8.275000072899275e-06,1.0857328227386958e-06,20,0.0,0.0,20,3.474999903119169e-06,5.118331507457088e-07,20,1.1749999976018443e-05,1.5493625745431162e-06
main,NINO34,random,0.5,410,NINO12,multiscale_equal,20,20,0,20,0.7687087747912122,0.05729232802667837,20,0.5911322162062087,0.0395845598583451,20,0.7093125675695304,0.051268577115901055,20,0.7256780495435865,0.04084142300329204,20,0.5847047099994598,0.13314525042092148,20,0.0,0.0,20,0.0027209150000999218,0.0007835642848708511,20,0.5874256249995596,0.13291284845064008
main,NINO34,random,0.5,410,NINO12,multiscale_weighted,20,20,0,20,0.7664714141818384,0.05431622928871445,20,0.5894846511174194,0.03813898590816726,20,0.7072970347330931,0.04944749437149831,20,0.7251532674801775,0.040219191967594936,20,0.5847047099994598,0.13314525042092148,20,0.7620626049994825,0.11172346983940548,20,0.0027227999997194276,0.0007831185460202872,20,1.3494901149986618,0.19540188345603
main,NINO34,random,0.5,410,NINO3,fprm,20,20,0,20,0.28670429404505404,0.01312350113564679,20,0.2273206779061812,0.008860507983128095,20,0.3184276796368499,0.019254835709596022,20,0.9480771688913773,0.006380113048449898,20,0.17293329999884008,0.03351412013145743,20,0.0,0.0,20,0.001009620000331779,0.00014489145279544292,20,0.17394291999917186,0.03350554382361521
main,NINO34,random,0.5,410,NINO3,fprm_tau1,20,20,0,20,0.2873191754636544,0.007992657788950265,20,0.22857659771452515,0.006823536570344015,20,0.3190897111060803,0.015246320878050078,20,0.9479825520868636,0.0052053809689456025,20,0.22592813499977638,0.14084888072452734,20,0.0,0.0,20,0.0009975549997761845,0.00013563797186396938,20,0.22692568999955257,0.14084610377368822
main,NINO34,random,0.5,410,NINO3,fprm_tau6,20,20,0,20,0.27994385899794416,0.008596901742367933,20,0.22058076676995567,0.007143502711439376,20,0.31098152328372375,0.017005105161268068,20,0.9505732465087083,0.005488837167294256,20,0.17109595499969146,0.03979338228680263,20,0.0,0.0,20,0.000988465000227734,8.19073691191546e-05,20,0.1720844199999192,0.039777401614617625
main,NINO34,random,0.5,410,NINO3,gpr_raw,20,20,0,20,0.28687283656022766,0.007476559837846824,20,0.22868371400184628,0.006812600091461265,20,0.31857844136492985,0.014574613059701206,20,0.948198441093588,0.004868139328819625,20,0.18151773499976115,0.03608272730344455,20,0.0,0.0,20,0.0010801450001963532,0.00037050551780714946,20,0.18259787999995752,0.036133509923714884
main,NINO34,random,0.5,410,NINO3,linear,20,20,0,20,0.25076055025386823,0.02638119165155994,20,0.19100644863266816,0.015878301582358548,20,0.2790327600881838,0.0362926684438335,20,0.9607012709493693,0.010619684916689161,20,1.5000059647718444e-07,5.1298748360658166e-08,20,0.0,0.0,20,1.2165000407549087e-05,2.837767122461973e-06,20,1.2315001004026272e-05,2.8533033362021653e-06
main,NINO34,random,0.5,410,NINO3,mean,20,20,0,20,0.907157974363832,0.033392373331071375,20,0.690473503866746,0.023163095440380577,20,1.0061720747149487,0.012392388544752568,0,,,20,1.0179999662796035e-05,3.1923593304753907e-06,20,0.0,0.0,20,4.2100000428035855e-06,1.118692662869319e-06,20,1.4389999705599621e-05,4.219989789323904e-06
main,NINO34,random,0.5,410,NINO3,multiscale_equal,20,20,0,20,0.28085956474109175,0.008738279250515622,20,0.2228721236540448,0.0066441743090970415,20,0.3119486913061965,0.016142119442865453,20,0.9502912445688242,0.005203344724972106,20,0.5699573899983079,0.1364777101307725,20,0.0,0.0,20,0.003007469999829482,0.0002260631017573069,20,0.5729648599981374,0.13662677477645513
main,NINO34,random,0.5,410,NINO3,multiscale_weighted,20,20,0,20,0.28111430296513673,0.008732219538752441,20,0.2231153034576676,0.006611181990656212,20,0.31223243813622803,0.01616025534175415,20,0.9501962719103456,0.0052135465080632324,20,0.5699573899983079,0.1364777101307725,20,0.7597111150000273,0.09301318306017914,20,0.0030106650003290268,0.00022570821923578925,20,1.3326791699986642,0.1826885674234957
main,NINO34,random,0.5,410,NINO4,fprm,20,20,0,20,0.2560128934747805,0.011629798885984872,20,0.20656141913229523,0.0076786437543570245,20,0.3738421312263153,0.01969305725057379,20,0.9285419125980905,0.007386539929824676,20,0.16868339000047855,0.0381063296382454,20,0.0,0.0,20,0.0009736899999552406,0.00014282221496947077,20,0.16965708000043378,0.03812001608610881
main,NINO34,random,0.5,410,NINO4,fprm_tau1,20,20,0,20,0.2564592845428073,0.012240445669950343,20,0.2035113374669324,0.008630956169064044,20,0.3744907940490854,0.020358352044077457,20,0.9282335373033156,0.007625916353255559,20,0.16746437999991032,0.04998333075975504,20,0.0,0.0,20,0.000944484999490669,7.406977650903836e-05,20,0.16840886499940097,0.050004870312270536
main,NINO34,random,0.5,410,NINO4,fprm_tau6,20,20,0,20,0.24728325684136418,0.012395446589778094,20,0.19583336141604907,0.010099309153997647,20,0.3610789156958355,0.020086177704843985,20,0.9335944171209215,0.006808234115455376,20,0.16043332500012183,0.04120291250780867,20,0.0,0.0,20,0.0009570950000124867,9.261257948591395e-05,20,0.16139042000013432,0.0412415607831094
main,NINO34,random,0.5,410,NINO4,gpr_raw,20,20,0,20,0.25345224497518054,0.011231586907615927,20,0.19984498018296543,0.007741083527256468,20,0.3701183679110714,0.01945184537866014,20,0.9300535608736651,0.00713368110768448,20,0.15518944499945064,0.03222339847779421,20,0.0,0.0,20,0.0009141550004642341,0.00010409381137036644,20,0.15610359999991488,0.03223568617976661
main,NINO34,random,0.5,410,NINO4,linear,20,20,0,20,0.14789216791645135,0.0256009921093112,20,0.10864028946663096,0.014238355448185379,20,0.21584890068125784,0.03717881622169432,20,0.9768352549982581,0.007937396603905496,20,1.7000002117129043e-07,5.7124123349053435e-08,20,0.0,0.0,20,1.0125000881089363e-05,1.0274528374874406e-06,20,1.0295000902260653e-05,1.0298066146272998e-06
main,NINO34,random,0.5,410,NINO4,mean,20,20,0,20,0.686988725008874,0.017965679099569604,20,0.5644393099345628,0.01658839234363667,20,1.0025291806256686,0.008049627622247167,0,,,20,7.844999890949111e-06,1.1376219672404035e-06,20,0.0,0.0,20,3.2449996069772167e-06,4.4185659830355655e-07,20,1.1089999497926329e-05,1.4938118187536477e-06
main,NINO34,random,0.5,410,NINO4,multiscale_equal,20,20,0,20,0.24773183184197833,0.012616020092964506,20,0.19840062457030125,0.008985179950643468,20,0.3617475834918721,0.020623453260856874,20,0.9331817950497088,0.007233306849290554,20,0.4965810950005107,0.08734016139934213,20,0.0,0.0,20,0.0028866099997685523,0.00022403903843554803,20,0.49946770500027926,0.08739861834774207
main,NINO34,random,0.5,410,NINO4,multiscale_weighted,20,20,0,20,0.24800626571398646,0.012680446561217107,20,0.19861386546430096,0.008996505660500465,20,0.3621523061639219,0.020789008306481727,20,0.9330159256954367,0.0073165966598424505,20,0.4965810950005107,0.08734016139934213,20,0.6394435849997535,0.06228816895140102,20,0.0028887649990792853,0.0002233230218487426,20,1.1389134449993434,0.12203250888225758
main,NINO34,random,0.7,410,NINO12,fprm,20,20,0,20,0.8488173880735946,0.15776216016247332,20,0.6438109272853018,0.10522869929915131,20,0.7756443443813322,0.13502149571453717,20,0.5653395251332579,0.27502033437970336,20,0.06154010499994911,0.01941419840594655,20,0.0,0.0,20,0.0005769550003606128,0.00022964422739402403,20,0.06211706000030972,0.01933811338685979
main,NINO34,random,0.7,410,NINO12,fprm_tau1,20,20,0,20,0.799170759686535,0.06852929970278786,20,0.6094819299340337,0.052264325960284755,20,0.7319402969005917,0.06959604768489663,20,0.6708914347503714,0.15450545485951153,20,0.07963486000007833,0.02009168110238694,20,0.0,0.0,20,0.0005153850004717242,0.00011731482239936005,20,0.08015024500055005,0.02004023986132946
main,NINO34,random,0.7,410,NINO12,fprm_tau6,20,20,0,20,0.876314376674847,0.15821256818707574,20,0.6675364549885187,0.11277270873952182,20,0.8018783657700153,0.14327550063565414,20,0.5125322604753837,0.3068406670141182,20,0.054028829999879235,0.02127106444376809,20,0.0,0.0,20,0.000585674999456387,0.00020764721319912148,20,0.05461450499933562,0.02123031025350239
main,NINO34,random,0.7,410,NINO12,gpr_raw,20,20,0,20,0.8021021549376532,0.028301619314747353,20,0.6173783222190289,0.018513878154961423,20,0.7343144790757494,0.03073802534083995,20,0.6897352783415867,0.029453764740744546,20,0.06184972999944875,0.012800174038895686,20,0.0,0.0,20,0.0004612249998899642,4.357361407744128e-05,20,0.06231095499933872,0.012814690271014648
main,NINO34,random,0.7,410,NINO12,linear,20,20,0,20,0.6062793878352652,0.12047982088621985,20,0.438558292410716,0.05066183230750769,20,0.5539172345226342,0.10144843035883128,20,0.8303186824566493,0.07308279260440939,20,1.3000026228837668e-07,4.701585957496676e-08,20,0.0,0.0,20,9.500000123807694e-06,8.997074039825607e-07,20,9.630000386096072e-06,8.885827715043646e-07
main,NINO34,random,0.7,410,NINO12,mean,20,20,0,20,1.1023350187721963,0.04065929226943372,20,0.832503413501034,0.019493578921024567,20,1.0084127558416793,0.01662995419957716,0,,,20,8.06500029284507e-06,1.1806668501339322e-06,20,0.0,0.0,20,3.5399994885665365e-06,5.154463505785086e-07,20,1.1604999781411606e-05,1.6535378133607414e-06
main,NINO34,random,0.7,410,NINO12,multiscale_equal,20,20,0,20,0.7954785596844706,0.06922154280508065,20,0.6049806486530488,0.04486091617607933,20,0.7275534542524129,0.055816057023576365,20,0.7213529847550096,0.029544802878788367,20,0.19520379499990667,0.034467903299826665,20,0.0,0.0,20,0.0016885049999473267,0.0002909773905205983,20,0.196892299999854,0.034450068203643554
main,NINO34,random,0.7,410,NINO12,multiscale_weighted,20,20,0,20,0.793879665074642,0.06767048148131478,20,0.6037533058125703,0.044378709645048746,20,0.7262165315742235,0.05638219866651557,20,0.7190644219660908,0.033001282099064805,20,0.19520379499990667,0.034467903299826665,20,0.37373741000046723,0.05058711755156089,20,0.0016914849997192506,0.0002904330455090062,20,0.5706326900000931,0.06712367733632353
main,NINO34,random,0.7,410,NINO3,fprm,20,20,0,20,0.29172894799384913,0.01201439027441714,20,0.23184517931935295,0.00889539426470111,20,0.3254981080019724,0.016715564814879465,20,0.9464321545783789,0.005267222193754987,20,0.07025065499983611,0.024507963942377795,20,0.0,0.0,20,0.0005115149997436674,8.918796371662664e-05,20,0.07076216999957978,0.02452123995725115
main,NINO34,random,0.7,410,NINO3,fprm_tau1,20,20,0,20,0.2910146122662414,0.007878848853468233,20,0.23078949671197554,0.005191187123358625,20,0.32470439731598894,0.013511903969925259,20,0.9468208192212254,0.00414407654871808,20,0.07309717999887652,0.01620095714275935,20,0.0,0.0,20,0.0005369849995986442,0.00010994738106374812,20,0.07363416499847517,0.01619529088192698
main,NINO34,random,0.7,410,NINO3,fprm_tau6,20,20,0,20,0.28920912401120064,0.010128682477832598,20,0.2289973797709301,0.007604038917909991,20,0.32273085338521307,0.0160166985101373,20,0.9471889515423474,0.0052487919144060076,20,0.06948877000049833,0.023588932797537907,20,0.0,0.0,20,0.0005317899998772191,0.00010677486870431775,20,0.07002056000037556,0.023620197487626553
main,NINO34,random,0.7,410,NINO3,gpr_raw,20,20,0,20,0.2899171966648225,0.006876133448316835,20,0.2320369440834294,0.006283273215247397,20,0.32346348092962884,0.012301013070356085,20,0.9473476558131957,0.0037248159940178817,20,0.07253407499920286,0.010717934883572087,20,0.0,0.0,20,0.0005338400002074195,0.00011899265561926357,20,0.07306791499941027,0.010727952196651893
main,NINO34,random,0.7,410,NINO3,linear,20,20,0,20,0.38834058864388216,0.06644503947437395,20,0.28536032797194155,0.035304037803083874,20,0.4336714466467882,0.07777386061338212,20,0.9018363870795065,0.037863662812653354,20,1.550006345496513e-07,6.048056503434531e-08,20,0.0,0.0,20,1.0584999836282805e-05,1.9834249472890817e-06,20,1.0740000470832456e-05,1.9982629565356533e-06
main,NINO34,random,0.7,410,NINO3,mean,20,20,0,20,0.9036202860979541,0.029522690307244265,20,0.6848903147219626,0.015295709426546787,20,1.0073056561105438,0.011317430547699146,0,,,20,8.85499957803404e-06,1.9990724156067124e-06,20,0.0,0.0,20,3.885000296577346e-06,8.880937276345264e-07,20,1.2739999874611385e-05,2.852035374148989e-06
main,NINO34,random,0.7,410,NINO3,multiscale_equal,20,20,0,20,0.2853597763636094,0.008760325636531561,20,0.22717744158367953,0.006355753045230295,20,0.31839192599905497,0.013892960125597516,20,0.9487099118649418,0.00422976553189642,20,0.21283660499921098,0.04005794713420545,20,0.0,0.0,20,0.0015923549997751251,0.00019681155795790844,20,0.2144289599989861,0.04011343356144814
main,NINO34,random,0.7,410,NINO3,multiscale_weighted,20,20,0,20,0.2854340571649029,0.00875016605414991,20,0.2272415439168729,0.006332615230316478,20,0.31847341381903477,0.013854217017087183,20,0.9486844034869127,0.004220921329926942,20,0.21283660499921098,0.04005794713420545,20,0.39321233500013475,0.044280084850416984,20,0.0015947799995046808,0.00019627596776815892,20,0.6076437199988505,0.054038676501559385
main,NINO34,random,0.7,410,NINO4,fprm,20,20,0,20,0.2581131797932447,0.010560360895701318,20,0.20836461541235018,0.009208992506592815,20,0.37647417408088135,0.015166671080390838,20,0.9272601916661989,0.005704045799515854,20,0.06202549499939778,0.02009218518069919,20,0.0,0.0,20,0.00043999000008625443,2.6865530610079527e-05,20,0.06246548499948403,0.020098373539410543
main,NINO34,random,0.7,410,NINO4,fprm_tau1,20,20,0,20,0.25960357693286173,0.006780505471490667,20,0.20690267492302478,0.0060964298269019085,20,0.37870505053838366,0.011673119383276889,20,0.9264812453581579,0.004466053642140964,20,0.06081903999984206,0.014017642104853893,20,0.0,0.0,20,0.0004283100002794527,2.0421116428465518e-05,20,0.06124735000012151,0.01402984972013489
main,NINO34,random,0.7,410,NINO4,fprm_tau6,20,20,0,20,0.2561206247684553,0.010400398061831375,20,0.20344824500448203,0.009241676171396453,20,0.3735695880469507,0.014997955749612248,20,0.9281490842664738,0.005927974195848803,20,0.058474314999875786,0.01460409722766503,20,0.0,0.0,20,0.00043501999934960625,2.6584376357416296e-05,20,0.05890933499922539,0.014612550912976039
main,NINO34,random,0.7,410,NINO4,gpr_raw,20,20,0,20,0.2542012462804303,0.006758118171552878,20,0.20061416881440297,0.005266610947405098,20,0.3708175103738791,0.011328689841019935,20,0.9295913297113865,0.0042190086861940475,20,0.06122685499994986,0.007022812311733558,20,0.0,0.0,20,0.00042611500011844326,3.324993481673917e-05,20,0.06165297000006831,0.007021248088961782
main,NINO34,random,0.7,410,NINO4,linear,20,20,0,20,0.24075614971551093,0.06141221790420881,20,0.1653924587877528,0.02231741474175211,20,0.3515323041285304,0.09208370055761454,20,0.9343789723907522,0.041879171112846156,20,1.2500004231696948e-07,4.442618090000037e-08,20,0.0,0.0,20,8.530000559403562e-06,3.1970368136024766e-07,20,8.655000601720531e-06,3.2195902557090054e-07
main,NINO34,random,0.7,410,NINO4,mean,20,20,0,20,0.6882267791432689,0.012942031882386384,20,0.5636147417920172,0.012130186560830382,20,1.0037044140968814,0.00782516233423889,0,,,20,6.909999501658603e-06,3.1606128206059973e-07,20,0.0,0.0,20,3.0500001230393537e-06,3.086475133517081e-07,20,9.959999624697958e-06,5.500241564767287e-07
main,NINO34,random,0.7,410,NINO4,multiscale_equal,20,20,0,20,0.25308236359309816,0.008053620044228948,20,0.20314326897752358,0.007474192944351392,20,0.36913744837811185,0.011438190983880369,20,0.9300975391574099,0.004350175932718666,20,0.18131884999911563,0.03484291094241515,20,0.0,0.0,20,0.0013129949998983647,3.4504941446998817e-05,20,0.182631844999014,0.03485299876131643
main,NINO34,random,0.7,410,NINO4,multiscale_weighted,20,20,0,20,0.2532969336449222,0.007997142452951354,20,0.20337548718571177,0.007419269599805981,20,0.3694523956272773,0.011420960782303393,20,0.9299910540500033,0.004338961604937542,20,0.18131884999911563,0.03484291094241515,20,0.34144233500010157,0.028854976679417634,20,0.0013167049997719004,3.458497461795799e-05,20,0.5240778899989891,0.04597654327370729
main,NINO34,random,0.9,410,NINO12,fprm,20,20,0,20,0.9283754813375685,0.13552897441639103,20,0.6934424814209635,0.08432475289308133,20,0.8413997409384318,0.11449131762213947,20,0.5140378530533577,0.23494371287214127,20,0.02451841499951115,0.006845738444096722,20,0.0,0.0,20,0.00027216499966016273,7.648136513636377e-05,20,0.024790579999171315,0.006833537159113957
main,NINO34,random,0.9,410,NINO12,fprm_tau1,20,20,0,20,0.9312528333043414,0.13545059258741354,20,0.7027457874986743,0.1019611458025573,20,0.8450346576313226,0.12273188149105646,20,0.4865470432933513,0.28172418319530723,20,0.023530524999659973,0.009828519407116416,20,0.0,0.0,20,0.0002912449994255439,6.036791978756829e-05,20,0.02382176999908552,0.00980954095056746
main,NINO34,random,0.9,410,NINO12,fprm_tau6,20,20,0,20,0.9030065544022131,0.13277307900746127,20,0.6833470658153055,0.0883335050989003,20,0.8182628434748537,0.11060622903897013,20,0.5451980492229004,0.22201422222036984,20,0.026047099999959755,0.00865985145810113,20,0.0,0.0,20,0.0002671750000445172,4.558741614350576e-05,20,0.026314275000004272,0.008646206966816105
main,NINO34,random,0.9,410,NINO12,gpr_raw,20,20,0,20,0.8443619515855874,0.038057971282933985,20,0.6455595098719217,0.027022616181042694,20,0.7663674554982257,0.03741363809822158,20,0.6756265729025519,0.026911323804643277,20,0.02991803999957483,0.0054180404560525116,20,0.0,0.0,20,0.0002687399999558693,2.3612048949662896e-05,20,0.030186779999530698,0.005429495402011008
main,NINO34,random,0.9,410,NINO12,linear,20,20,0,20,0.9810418891209366,0.1671281982170255,20,0.7116047093207658,0.09622155177345312,20,0.8907419845375071,0.15604562133267924,20,0.5479376381085923,0.14454716693736358,20,1.3499975466402246e-07,4.893542339732523e-08,20,0.0,0.0,20,1.0600000496197027e-05,8.230687076035432e-06,20,1.0735000250861048e-05,8.225651771185071e-06
main,NINO34,random,0.9,410,NINO12,mean,20,20,0,20,1.120475793096689,0.018845296024301194,20,0.8466701698724306,0.027857220798056408,20,1.0168585208923298,0.019404775090456294,0,,,20,9.825000779528636e-06,9.368697363019975e-06,20,0.0,0.0,20,3.4399998185108414e-06,1.2650769962318075e-06,20,1.3265000598039478e-05,1.0050046031285809e-05
main,NINO34,random,0.9,410,NINO12,multiscale_equal,20,20,0,20,0.8798963324597995,0.08652415882943755,20,0.6588117580313849,0.052242042730500184,20,0.7977130226315883,0.06953470796928249,20,0.6477673095798644,0.0762136971883399,20,0.07409603999913088,0.01598418001599171,20,0.0,0.0,20,0.0008403349991567665,0.00010517828188677561,20,0.07493637499828765,0.015970251346999982
main,NINO34,random,0.9,410,NINO12,multiscale_weighted,20,20,0,20,0.8789132193829989,0.085445413475522,20,0.6586006773681843,0.05162130954039996,20,0.7968717846703324,0.0690652296492737,20,0.6460911612335992,0.07971557290350156,20,0.07409603999913088,0.01598418001599171,20,0.21388340499979677,0.021191882578082705,20,0.0008450499990431126,0.00010492108079916333,20,0.28882449499797075,0.025269780136841002
main,NINO34,random,0.9,410,NINO3,fprm,20,20,0,20,0.32591762739039376,0.03219737627521994,20,0.25020098792612405,0.015053118670542211,20,0.36017954650010847,0.032686580689706056,20,0.9392097882751459,0.00957723139326084,20,0.027459519999683834,0.009394456319018777,20,0.0,0.0,20,0.00027515000019775473,4.15085349223352e-05,20,0.02773466999988159,0.009403422051030456
main,NINO34,random,0.9,410,NINO3,fprm_tau1,20,20,0,20,0.329115454882379,0.07429060423649754,20,0.2479175823866701,0.028066134796003388,20,0.3634006369902739,0.07806884479357076,20,0.9346006336573869,0.0331194810763546,20,0.028605689999494643,0.008620799966580774,20,0.0,0.0,20,0.00026751999994303335,2.3589953736111788e-05,20,0.028873209999437675,0.008627958868881782
main,NINO34,random,0.9,410,NINO3,fprm_tau6,20,20,0,20,0.3198149583099217,0.032902019902717114,20,0.24601685127689482,0.016701889824284562,20,0.3534449443262533,0.033554106508033345,20,0.9421849084239227,0.006530330748239149,20,0.024145365000549646,0.006299124990042173,20,0.0,0.0,20,0.0002759050001259311,5.5298286510281115e-05,20,0.024421270000675576,0.006314847021792695
main,NINO34,random,0.9,410,NINO3,gpr_raw,20,20,0,20,0.3315503195276528,0.07001235185175464,20,0.24946563091654889,0.026824002510771,20,0.36611467226308275,0.07360620659175837,20,0.9351637225717834,0.023090934337031396,20,0.02839136000002327,0.0071744001735638135,20,0.0,0.0,20,0.00028336000068520664,5.4477657356539665e-05,20,0.028674720000708476,0.007209210532984921
main,NINO34,random,0.9,410,NINO3,linear,20,20,0,20,0.8180848305051309,0.11842027476662723,20,0.5753509011569314,0.06401693760297095,20,0.9037326110940015,0.12273367623859598,20,0.5082580708357023,0.15717638600612058,20,1.4000015653437002e-07,5.026247079737145e-08,20,0.0,0.0,20,9.42999995459104e-06,1.5941014368225768e-06,20,9.57000011112541e-06,1.6062704408835364e-06
main,NINO34,random,0.9,410,NINO3,mean,20,20,0,20,0.921185468523694,0.027346646652916244,20,0.6949078590785908,0.01709588218690732,20,1.0185340938609246,0.022901405822189178,0,,,20,7.749999531370122e-06,1.062519105679974e-06,20,0.0,0.0,20,3.479999941191636e-06,4.4909243957521527e-07,20,1.1229999472561758e-05,1.4331039638602735e-06
main,NINO34,random,0.9,410,NINO3,multiscale_equal,20,20,0,20,0.31806723053371067,0.04268115711078834,20,0.2432136250059047,0.018310863698840423,20,0.35139456198337926,0.04371996861467499,20,0.942593531143811,0.008562651044694858,20,0.08021057499972813,0.013391025229163528,20,0.0,0.0,20,0.000829505000183417,6.830658859850082e-05,20,0.08104007999991154,0.013414726813149248
main,NINO34,random,0.9,410,NINO3,multiscale_weighted,20,20,0,20,0.31815744606005364,0.04088534739227586,20,0.24347112604975507,0.017870297058620834,20,0.3515098255471699,0.041786088349168575,20,0.9425454418447681,0.008242841249401353,20,0.08021057499972813,0.013391025229163528,20,0.22698341500017705,0.02023071255387551,20,0.0008339050002177828,6.852302411670773e-05,20,0.30802789500012295,0.021565354021726744
main,NINO34,random,0.9,410,NINO4,fprm,20,20,0,20,0.2788879438327082,0.018866577119766893,20,0.2237407107112254,0.013898639739679723,20,0.4064575878442362,0.025784323260273845,20,0.9158067543232068,0.0112015344313383,20,0.026990830000067946,0.006791075912639469,20,0.0,0.0,20,0.0002391100000750157,1.3657190060085673e-05,20,0.02722994000014296,0.006797145223502428
main,NINO34,random,0.9,410,NINO4,fprm_tau1,20,20,0,20,0.2788333330335985,0.015875065863323108,20,0.22340845869063908,0.012902622832100934,20,0.4063786488519289,0.021118327285521772,20,0.9163906178991732,0.008776116768993978,20,0.025755225000284553,0.006642789666994263,20,0.0,0.0,20,0.00024219000024459092,1.849742296170632e-05,20,0.025997415000529146,0.006651193539934355
main,NINO34,random,0.9,410,NINO4,fprm_tau6,20,20,0,20,0.281749679297398,0.013396490183066233,20,0.2241020542288128,0.011106036485634418,20,0.410705187235041,0.01891370543820106,20,0.9147371576714438,0.00771154666551065,20,0.025848195000799025,0.007460012678977621,20,0.0,0.0,20,0.000238714999613876,2.2746688846591004e-05,20,0.0260869100004129,0.007471732685013009
main,NINO34,random,0.9,410,NINO4,gpr_raw,20,20,0,20,0.26929843102992057,0.01820622016821314,20,0.21194377682660132,0.012764466139169758,20,0.39246259346145534,0.024409975625476324,20,0.922046033540193,0.011501118860207703,20,0.025752100000318023,0.00605498995071834,20,0.0,0.0,20,0.00024163499965652592,1.5208663633182435e-05,20,0.02599373499997455,0.006061755777113813
main,NINO34,random,0.9,410,NINO4,linear,20,20,0,20,0.514607170412757,0.06683986093460746,20,0.36032687583271006,0.03977519055923939,20,0.749918325215345,0.09571606400201853,20,0.6944894902603018,0.0722840031991544,20,1.3999979273648932e-07,5.026239461319771e-08,20,0.0,0.0,20,8.03499988251133e-06,3.5433362897651427e-07,20,8.174999675247818e-06,3.522480009620048e-07
main,NINO34,random,0.9,410,NINO4,mean,20,20,0,20,0.691822266883003,0.010231898468098192,20,0.5669982814462292,0.013476775210247925,20,1.0085014600795987,0.012675605358899228,0,,,20,6.725000457663555e-06,1.83173052302734e-07,20,0.0,0.0,20,2.915000368375331e-06,2.3680988286443596e-07,20,9.640000826038886e-06,3.3150284423895315e-07
main,NINO34,random,0.9,410,NINO4,multiscale_equal,20,20,0,20,0.27165035613557065,0.01260396809755447,20,0.21852704568743123,0.010317408336079005,20,0.3959435047322562,0.016753183489553035,20,0.9209206601527198,0.006049974226509908,20,0.07859425000115153,0.01280868888849128,20,0.0,0.0,20,0.000729739999769663,3.523694727744543e-05,20,0.07932399000092119,0.012828521960687195
main,NINO34,random,0.9,410,NINO4,multiscale_weighted,20,20,0,20,0.27149451882781395,0.012209217545846963,20,0.21847898391291923,0.010143363073308178,20,0.39571627602284487,0.016123708147310137,20,0.9209952395832601,0.005744634896082862,20,0.07859425000115153,0.01280868888849128,20,0.19882533500021965,0.019301382683117343,20,0.0007330649998039008,3.546260039456801e-05,20,0.27815265000117506,0.026863050817406472
reference_check,NINO3,random,0.1,410,NINO12,fprm,20,20,0,20,0.5500116287546152,0.07405619854563553,20,0.4224726171270768,0.05824472919344781,20,0.5344970219033865,0.09924008138659927,20,0.8427342199607224,0.06461687387499068,20,1.0279752549993646,0.2658991824609614,20,0.0,0.0,20,0.0022763500002838553,0.00029068396331090047,20,1.0302516049996484,0.2659005155675217
reference_check,NINO3,random,0.1,410,NINO12,fprm_tau1,20,20,0,20,0.5769496710759529,0.07003111779787512,20,0.4441912610756421,0.05202076014317621,20,0.5599711897441656,0.09602856248184115,20,0.8275186067683554,0.06597218615523051,20,0.9602705149996836,0.25290943637992774,20,0.0,0.0,20,0.0022522199995364646,0.00013620682259925178,20,0.9625227349992201,0.25291455136937774
reference_check,NINO3,random,0.1,410,NINO12,fprm_tau6,20,20,0,20,0.5741556479479677,0.13613732912818047,20,0.4428478940869713,0.09525183913043822,20,0.5567272609020215,0.13973890302175845,20,0.8058960306300461,0.1821457632632733,20,1.3711012600000685,0.426233520375489,20,0.0,0.0,20,0.002298950000295008,0.00035187389085008527,20,1.3734002100003635,0.42626635888419834
reference_check,NINO3,random,0.1,410,NINO12,multiscale_equal,20,20,0,20,0.5538067297362533,0.07377086085294284,20,0.42763148865099654,0.055699495640942405,20,0.5378032884857731,0.09711621108232361,20,0.842209984193145,0.0636703147198974,20,3.3593470299991166,0.5909200478151899,20,0.0,0.0,20,0.006841930000155117,0.000426562823800362,20,3.366188959999272,0.5910611607382367
reference_check,NINO3,random,0.1,410,NINO12,multiscale_weighted,20,20,0,20,0.5533771966781417,0.07301410615928651,20,0.42711800149903734,0.054972134591077804,20,0.5374305135065595,0.09690502263548958,20,0.84205718724103,0.06366315684223076,20,3.3593470299991166,0.5909200478151899,20,2.9579016850000697,0.39017860408857774,20,0.00684236500019324,0.0004259604011655494,20,6.32409107999938,0.8632299507459128
reference_check,NINO3,random,0.1,410,NINO34,fprm,20,20,0,20,0.2874833404553966,0.026112948386696883,20,0.23788434827820612,0.020899987762616503,20,0.3239934187846737,0.051114234158611015,20,0.9459913757893881,0.018668491766162976,20,0.8858113150001372,0.21169136194123847,20,0.0,0.0,20,0.002168110000093293,7.481487350845921e-05,20,0.8879794250002305,0.21172218447590843
reference_check,NINO3,random,0.1,410,NINO34,fprm_tau1,20,20,0,20,0.2910117811514944,0.02773517348099725,20,0.24153721691270952,0.023545857452779123,20,0.32764352064263536,0.05056170272523142,20,0.9448416483119978,0.01876443734480096,20,0.8661041249995833,0.22739815613096231,20,0.0,0.0,20,0.0022068900005251637,0.00023285869897927812,20,0.8683110150001084,0.22741264544122008
reference_check,NINO3,random,0.1,410,NINO34,fprm_tau6,20,20,0,20,0.28217821538363225,0.029934016678051664,20,0.22960263170700182,0.023263118395636048,20,0.31802552226511077,0.05367817352453382,20,0.9476151095100599,0.019234656979100064,20,0.9751075199992556,0.26710074636286235,20,0.0,0.0,20,0.0021756200005256686,0.00010214423551287151,20,0.9772831399997812,0.2670852415948641
reference_check,NINO3,random,0.1,410,NINO34,multiscale_equal,20,20,0,20,0.28535038987520056,0.027920330129492736,20,0.2353821216375834,0.02246208555715785,20,0.3214835670939319,0.051625536923533416,20,0.9467306618088024,0.01878049751067359,20,2.727022959998976,0.29551817804360814,20,0.0,0.0,20,0.006565180001234694,0.0002734041347683629,20,2.7335881400002107,0.2956130975910537
reference_check,NINO3,random,0.1,410,NINO34,multiscale_weighted,20,20,0,20,0.28540853099437846,0.027926282786334654,20,0.23545417947021274,0.022482329832980045,20,0.3215446360990245,0.05160854119954177,20,0.9467134296226328,0.01877854654388174,20,2.727022959998976,0.29551817804360814,20,2.297497769999791,0.21186621348397666,20,0.0065654700012601095,0.00027465624502557364,20,5.031086200000027,0.34011746649143515
reference_check,NINO3,random,0.1,410,NINO4,fprm,20,20,0,20,0.4090782892470749,0.03906536051930902,20,0.32907063583043744,0.03385540004957147,20,0.6098242979280263,0.08278760726005088,20,0.799178717561672,0.0656643752604887,20,1.019491879999805,0.2644215918469817,20,0.0,0.0,20,0.0022960649999731685,0.0002695601784641157,20,1.0217879449997782,0.2645649090814529
reference_check,NINO3,random,0.1,410,NINO4,fprm_tau1,20,20,0,20,0.41417538575483376,0.0429622610934269,20,0.3322717782974772,0.03713215383666973,20,0.6169592762037829,0.08433244668840292,20,0.7935250766726218,0.06731503800194898,20,0.982282949999717,0.31626732402391,20,0.0,0.0,20,0.0023852650003391316,0.00035559570342666116,20,0.9846682150000561,0.3164422136678479
reference_check,NINO3,random,0.1,410,NINO4,fprm_tau6,20,20,0,20,0.38548594464019603,0.03658205809670462,20,0.3047625239231497,0.02827706585267861,20,0.5745985908783212,0.07635453149424944,20,0.8198049781796785,0.057856430390634705,20,1.1276976100005414,0.2895933779320155,20,0.0,0.0,20,0.002251790000445908,0.00025622382470185875,20,1.1299494000009873,0.289741903849928
reference_check,NINO3,random,0.1,410,NINO4,multiscale_equal,20,20,0,20,0.3955209535077816,0.040510773632012866,20,0.31673588250912,0.03417683689844078,20,0.5894772452324254,0.08196138497430415,20,0.8121242203481472,0.06431491735608977,20,3.1294724400000633,0.5139878548307407,20,0.0,0.0,20,0.006946190000780917,0.0006762441352859633,20,3.1364186300008443,0.5144182697399678
reference_check,NINO3,random,0.1,410,NINO4,multiscale_weighted,20,20,0,20,0.396356219449622,0.040496839143429476,20,0.3175477992499437,0.034200099433268814,20,0.5906968932996506,0.08184068713568471,20,0.8113654596119833,0.06432479660334027,20,3.1294724400000633,0.5139878548307407,20,2.9922910449999107,0.3327131624920223,20,0.00694793000111531,0.0006761941192037389,20,6.1287114150010895,0.7247786031618552
reference_check,NINO3,random,0.3,410,NINO12,fprm,20,20,0,20,0.5616146298038006,0.038762960019465574,20,0.44217720325097,0.03606509687315392,20,0.5097099972506711,0.05519244273126872,20,0.8607584763367656,0.03419058162764577,20,0.5017295899990131,0.12985117169546345,20,0.0,0.0,20,0.001207050000266463,7.240198071484653e-05,20,0.5029366399992796,0.129838597806121
reference_check,NINO3,random,0.3,410,NINO12,fprm_tau1,20,20,0,20,0.5806240393150348,0.03244358996270774,20,0.4527663459120384,0.029557046037592908,20,0.5268267087249379,0.05134574921381395,20,0.8516055391578726,0.03409248726520353,20,0.4798566450002909,0.13898080197778495,20,0.0,0.0,20,0.001150825000331679,5.884154310076546e-05,20,0.48100747000062255,0.1389728064180018
reference_check,NINO3,random,0.3,410,NINO12,fprm_tau6,20,20,0,20,0.602282014847496,0.14132639728382176,20,0.47400060821272644,0.10740078870564608,20,0.5506705592361042,0.1614367931649661,20,0.7825562010185132,0.2613277394095217,20,0.6005079550006485,0.21755577609787502,20,0.0,0.0,20,0.0013601500004369882,0.0004051853793044266,20,0.6018681050010855,0.21775661042219865
reference_check,NINO3,random,0.3,410,NINO12,multiscale_equal,20,20,0,20,0.5641256144302422,0.03575203854758404,20,0.4417463571120715,0.03168726745450265,20,0.5123608133498359,0.057371170696082115,20,0.8624479911592026,0.032863487781082584,20,1.5820941899999525,0.2466835273463437,20,0.0,0.0,20,0.0037301800011846353,0.000407054832721429,20,1.5858243700011372,0.2469207784565222
reference_check,NINO3,random,0.3,410,NINO12,multiscale_weighted,20,20,0,20,0.5615340350092692,0.03385084124398434,20,0.440317357379557,0.030930031528306673,20,0.5097829991714227,0.053825662320630116,20,0.8623396174273136,0.032899899670226856,20,1.5820941899999525,0.2466835273463437,20,1.4182651300001452,0.17684198776567459,20,0.0037329400012822587,0.00040706506942485846,20,3.00409226000138,0.367449058965448
reference_check,NINO3,random,0.3,410,NINO34,fprm,20,20,0,20,0.2841185352132706,0.0098806250558418,20,0.23134051975911976,0.009748517047292508,20,0.31559007296958114,0.022413147872106697,20,0.9494805040586207,0.008152448938312212,20,0.420676794999963,0.1034537803148924,20,0.0,0.0,20,0.0011236700001973077,0.00017486113591123315,20,0.42180046500016033,0.10338597997951232
reference_check,NINO3,random,0.3,410,NINO34,fprm_tau1,20,20,0,20,0.28742551507590675,0.010742934084322543,20,0.23555428662337322,0.010944250417528377,20,0.319220506605694,0.022534343571704387,20,0.9484830885386485,0.0084141611602194,20,0.40781940499946356,0.1290870258089857,20,0.0,0.0,20,0.0011094100002082997,0.00014692670860882602,20,0.4089288149996719,0.12913473962058314
reference_check,NINO3,random,0.3,410,NINO34,fprm_tau6,20,20,0,20,0.28008728179554665,0.010815851911842587,20,0.22481391134122997,0.008980364635887965,20,0.3112383577782104,0.024663405961615096,20,0.950902086606494,0.00911800046330403,20,0.45272483000044306,0.12569953205206427,20,0.0,0.0,20,0.0010814850000315345,7.992997806942272e-05,20,0.4538063150004746,0.12568149350132268
reference_check,NINO3,random,0.3,410,NINO34,multiscale_equal,20,20,0,20,0.28211290104843256,0.010214062219844302,20,0.22939427292155826,0.009925879470421456,20,0.313377086598702,0.022776742086565327,20,0.9502895615604718,0.008380656455958875,20,1.2812210299998696,0.1699135349902323,20,0.0,0.0,20,0.0033265600004597218,0.0003062871776958654,20,1.2845475900003294,0.16982870436944814
reference_check,NINO3,random,0.3,410,NINO34,multiscale_weighted,20,20,0,20,0.28217500361340053,0.010235753598203232,20,0.22946774034189707,0.009958311634606275,20,0.31344346911782206,0.022754106406433633,20,0.9502696607904466,0.008376911912972093,20,1.2812210299998696,0.1699135349902323,20,1.150731740000083,0.1075295622607789,20,0.0033290450011918436,0.0003067172868032318,20,2.4352818150011446,0.23030395494947037
reference_check,NINO3,random,0.3,410,NINO4,fprm,20,20,0,20,0.44632631402718614,0.08886922586239115,20,0.3636831462522713,0.07702098377155077,20,0.6482720172835915,0.12622054366313426,20,0.7337980218071659,0.19766183212953536,20,0.49870026000044165,0.15291186108673435,20,0.0,0.0,20,0.0013572499996371335,0.00036619045902393796,20,0.5000575100000788,0.15275317353982318
reference_check,NINO3,random,0.3,410,NINO4,fprm_tau1,20,20,0,20,0.42172586410894464,0.01695386405594775,20,0.3399672655108525,0.014103423731382077,20,0.6130834699546036,0.034264292758848694,20,0.7938614047164876,0.027439601490740904,20,0.4469245950002005,0.11911498897398082,20,0.0,0.0,20,0.0011718800002199713,6.095796295861926e-05,20,0.4480964750004205,0.11912190395923562
reference_check,NINO3,random,0.3,410,NINO4,fprm_tau6,20,20,0,20,0.4041880484874051,0.016411114156728898,20,0.3230567942089036,0.015284375084291356,20,0.587648659361434,0.03393078219748719,20,0.813021290816397,0.027062616841168688,20,0.5880837050008267,0.14441251773990163,20,0.0,0.0,20,0.0012022949998936384,7.13887759841839e-05,20,0.5892860000007204,0.14440237813407217
reference_check,NINO3,random,0.3,410,NINO4,multiscale_equal,20,20,0,20,0.4137517945348298,0.020908837784259962,20,0.33421040058643553,0.017728106961030762,20,0.6014052337074344,0.036537033772298014,20,0.8081166108078988,0.027655087671087892,20,1.5337085600014688,0.2100446163298767,20,0.0,0.0,20,0.003744445000120322,0.00039147765763093543,20,1.537453005001589,0.20997480519825062
reference_check,NINO3,random,0.3,410,NINO4,multiscale_weighted,20,20,0,20,0.413949189157779,0.020559956629341312,20,0.3344228165000634,0.017050898871613335,20,0.6016511578762476,0.03540047191839661,20,0.8071883173,0.02706802383109934,20,1.5337085600014688,0.2100446163298767,20,1.4297161250000499,0.19902789792112371,20,0.003746310000133235,0.00039187306485343403,20,2.967170995001652,0.35375129413425266
reference_check,NINO3,random,0.5,410,NINO12,fprm,20,20,0,20,0.563944121684125,0.020878694628762608,20,0.44341107795534845,0.01888384421841996,20,0.5211656725603738,0.03548734159917795,20,0.8541804982769031,0.022656709516010738,20,0.18442544500012445,0.05708870138848256,20,0.0,0.0,20,0.0006416250005713664,5.046585990990014e-05,20,0.18506707000069583,0.05706939541410745
reference_check,NINO3,random,0.5,410,NINO12,fprm_tau1,20,20,0,20,0.58185199791732,0.021482858649147087,20,0.45368566235222296,0.019937762600940854,20,0.5377362787140887,0.03694466005765376,20,0.844172007938008,0.02457900638959549,20,0.1635586800004603,0.04200909493081624,20,0.0,0.0,20,0.0006378899995979736,5.7352097105149845e-05,20,0.16419657000005827,0.042016686805087404
reference_check,NINO3,random,0.5,410,NINO12,fprm_tau6,20,20,0,20,0.5823485047507366,0.10726065034770833,20,0.4587256725039528,0.07828217948239821,20,0.5392802310803382,0.11399554850046999,20,0.8154330683899147,0.18922869320422991,20,0.1795007800008534,0.0750465148691984,20,0.0,0.0,20,0.000674530000287632,0.00017367018970372163,20,0.18017531000114104,0.07497461224345978
reference_check,NINO3,random,0.5,410,NINO12,multiscale_equal,20,20,0,20,0.5624085397178047,0.02233549674000641,20,0.4405505492556626,0.020025905266408565,20,0.5198058582379659,0.037175502869999384,20,0.8555718034737667,0.02302415937996513,20,0.5274849050014382,0.11044882117455258,20,0.0,0.0,20,0.0019644200006950995,0.000209507513711809,20,0.5294493250021333,0.11039274290787762
reference_check,NINO3,random,0.5,410,NINO12,multiscale_weighted,20,20,0,20,0.5632638070211776,0.022666823194787647,20,0.4410666188692498,0.020218059152572323,20,0.520557787597554,0.03675993797376819,20,0.8551634446981924,0.02274277326874554,20,0.5274849050014382,0.11044882117455258,20,0.7190349749998859,0.06589765863909208,20,0.0019678800004840013,0.0002094951891491944,20,1.248487760001808,0.13569205871753273
reference_check,NINO3,random,0.5,410,NINO34,fprm,20,20,0,20,0.28646479452390883,0.007609146102498566,20,0.23284203928079655,0.006705723052457336,20,0.32064285836911605,0.013726206962396261,20,0.9479183358291225,0.004672755061943872,20,0.14196072500017182,0.03218085018439911,20,0.0,0.0,20,0.0006259150000914815,3.4699177852452906e-05,20,0.14258664000026328,0.03218285466575176
reference_check,NINO3,random,0.5,410,NINO34,fprm_tau1,20,20,0,20,0.28912557845686687,0.00841913042234143,20,0.23537127477986597,0.007454271379802949,20,0.32360523013209447,0.013948292411273109,20,0.9469960580617558,0.004724565172781723,20,0.15426554000005127,0.043278399881063995,20,0.0,0.0,20,0.0006175700000312645,1.7791011805486e-05,20,0.15488311000008254,0.0432752918114199
reference_check,NINO3,random,0.5,410,NINO34,fprm_tau6,20,20,0,20,0.2847359822879333,0.009769988767165371,20,0.22795567018172141,0.006951401783596897,20,0.3187418477840994,0.016080984730067027,20,0.9485237850992071,0.005579142680704617,20,0.15484297999973934,0.05828614398596862,20,0.0,0.0,20,0.0006171800001538941,2.051629910028472e-05,20,0.1554601599998932,0.05829125411579542
reference_check,NINO3,random,0.5,410,NINO34,multiscale_equal,20,20,0,20,0.2844456348029041,0.008046321344432391,20,0.2302353987108381,0.006718328788840786,20,0.3183835084246328,0.013997166881071797,20,0.9487046681815494,0.004757909457074706,20,0.45106924499996237,0.0885502213511415,20,0.0,0.0,20,0.0018709349995333468,4.798875171235756e-05,20,0.45294017999949576,0.088549782629571
reference_check,NINO3,random,0.5,410,NINO34,multiscale_weighted,20,20,0,20,0.28450508720388523,0.008079226995957338,20,0.23026094899207744,0.006731465090521469,20,0.3184499858444422,0.014022800504694542,20,0.9486835594653472,0.004769223272560172,20,0.45106924499996237,0.0885502213511415,20,0.6894192249998013,0.05939321809578308,20,0.0018746650001048692,4.776414965087327e-05,20,1.1423631349998686,0.1034114330993348
reference_check,NINO3,random,0.5,410,NINO4,fprm,20,20,0,20,0.47126726642514083,0.11011336225028118,20,0.3820333971671482,0.09194008363727582,20,0.6881380115785364,0.16192879205695007,20,0.6685935766253012,0.2617361492869671,20,0.16893567999923106,0.07509880874651642,20,0.0,0.0,20,0.0007325349997699959,0.0002776083448080596,20,0.16966821499900106,0.07511167096128078
reference_check,NINO3,random,0.5,410,NINO4,fprm_tau1,20,20,0,20,0.4226489592722138,0.014356327565537853,20,0.3389329922727085,0.013127665490866795,20,0.6169979794507581,0.022370276426516282,20,0.7888907227455332,0.01814207085524705,20,0.18898794000033375,0.05868773856636252,20,0.0,0.0,20,0.0006362649999573477,5.5070540984080015e-05,20,0.18962420500029112,0.0586851550338253
reference_check,NINO3,random,0.5,410,NINO4,fprm_tau6,20,20,0,20,0.4489829005192951,0.08818111337168244,20,0.3610871509069837,0.07749680493763236,20,0.6566756580838591,0.13748825422519254,20,0.7042972873386836,0.2505743869915255,20,0.1802169500000673,0.06949141147849265,20,0.0,0.0,20,0.0007054100000459584,0.00023528037694662098,20,0.18092236000011325,0.06937499193875186
reference_check,NINO3,random,0.5,410,NINO4,multiscale_equal,20,20,0,20,0.4300797856926356,0.035875731002418094,20,0.34656659745089086,0.03067905508202173,20,0.6280813035816544,0.056071217898802546,20,0.7973822388586557,0.019499489603753497,20,0.5381405699996321,0.11997862256210169,20,0.0,0.0,20,0.0020867649996944237,0.0004100231509460492,20,0.5402273349993265,0.11997404324453609
reference_check,NINO3,random,0.5,410,NINO4,multiscale_weighted,20,20,0,20,0.42889753634943695,0.03355085179151423,20,0.34555443331073843,0.028828105833081274,20,0.6263173311616431,0.05238252852639708,20,0.7971310450993341,0.019009556297514964,20,0.5381405699996321,0.11997862256210169,20,0.7730711050002356,0.0838473405485406,20,0.002087959999880695,0.0004096711338865446,20,1.3132996349997483,0.16790847295243153
reference_check,NINO3,random,0.7,410,NINO12,fprm,20,20,0,20,0.6448107890478125,0.19522161718634132,20,0.49373697098743474,0.12958438929590055,20,0.5883167662705389,0.16759840825163422,20,0.7649874317972178,0.2276409845855954,20,0.07198494499953086,0.02901989157830374,20,0.0,0.0,20,0.0004953599993314129,9.595057005874213e-05,20,0.07248030499886227,0.02900229711167595
reference_check,NINO3,random,0.7,410,NINO12,fprm_tau1,20,20,0,20,0.5884241492886456,0.020254915144047335,20,0.45607067903185217,0.01594125739355187,20,0.5387831031385929,0.02460306118842014,20,0.8448637789013074,0.01638915471699466,20,0.07345694500054378,0.016021258186603732,20,0.0,0.0,20,0.00048772000009194015,6.782342106820823e-05,20,0.07394466500063572,0.016051595033125535
reference_check,NINO3,random,0.7,410,NINO12,fprm_tau6,20,20,0,20,0.6440608055745766,0.1886372611226078,20,0.49842663227461087,0.13256713643089352,20,0.5882063955204702,0.1650688940214804,20,0.7480218090886153,0.2762808465458873,20,0.06107131500011746,0.01976613202131249,20,0.0,0.0,20,0.0005102600000100211,0.00014372356302233864,20,0.06158157500012749,0.01973989776510669
reference_check,NINO3,random,0.7,410,NINO12,multiscale_equal,20,20,0,20,0.5940597226025907,0.049361194356418774,20,0.45735392425168,0.031051962715988417,20,0.5432259148453246,0.03734453951248751,20,0.8530967692374046,0.015326883209770681,20,0.2065132050001921,0.043407243563423445,20,0.0,0.0,20,0.0015034699992611423,0.00017257599389998259,20,0.20801667499945325,0.04337851448310339
reference_check,NINO3,random,0.7,410,NINO12,multiscale_weighted,20,20,0,20,0.5990983745547217,0.05483388905654341,20,0.4610061820180552,0.03590242586849349,20,0.5479570726898297,0.04513436406028233,20,0.8524213316581944,0.015543086133886082,20,0.2065132050001921,0.043407243563423445,20,0.36986549500034016,0.058096888812238165,20,0.001508559999638237,0.00017197629365563787,20,0.5778872600001705,0.07334661354930216
reference_check,NINO3,random,0.7,410,NINO34,fprm,20,20,0,20,0.29315691273543715,0.008369264433070726,20,0.23737355641092206,0.007159289129242043,20,0.32761840287304267,0.012046772067604702,20,0.9466491127454313,0.003920472007772872,20,0.06158391999997548,0.023725658445570615,20,0.0,0.0,20,0.00045973499945830556,2.4140647158220482e-05,20,0.06204365499943378,0.02373986823803388
reference_check,NINO3,random,0.7,410,NINO34,fprm_tau1,20,20,0,20,0.2927949121395338,0.007067588551697326,20,0.2378285127514172,0.005369976084232742,20,0.32721809590605805,0.011055971979853151,20,0.9466333619970125,0.003926309965427374,20,0.058960290000504754,0.016859330671248594,20,0.0,0.0,20,0.0004675000005590846,2.0311935882441083e-05,20,0.05942779000106384,0.016864149963650852
reference_check,NINO3,random,0.7,410,NINO34,fprm_tau6,20,20,0,20,0.29181837076990474,0.010131605391342044,20,0.23302621195229514,0.008658091396505405,20,0.3261101230107938,0.013231428150527934,20,0.9471644984614015,0.004404317147904112,20,0.06917967999961547,0.01939175273402922,20,0.0,0.0,20,0.0004741549999380368,4.118740878084486e-05,20,0.06965383499955351,0.019402053499217052
reference_check,NINO3,random,0.7,410,NINO34,multiscale_equal,20,20,0,20,0.2895221029099833,0.008008369322671351,20,0.2334884442511193,0.006477143593812826,20,0.32353492695245445,0.011017109914477198,20,0.9479622305721291,0.003759266433721232,20,0.1897238900000957,0.040437679254933044,20,0.0,0.0,20,0.0014125800009423984,4.584655937228967e-05,20,0.19113647000103812,0.040457028009186276
reference_check,NINO3,random,0.7,410,NINO34,multiscale_weighted,20,20,0,20,0.2895361416946347,0.008037413359852837,20,0.23351169957952092,0.006506154199777417,20,0.3235509624331883,0.01105175011132448,20,0.9479605100207991,0.003760957261197267,20,0.1897238900000957,0.040437679254933044,20,0.3346857700002147,0.03403220537182693,20,0.0014158350000798236,4.610576388709876e-05,20,0.5258254950003902,0.05277409230104683
reference_check,NINO3,random,0.7,410,NINO4,fprm,20,20,0,20,0.48040685832702146,0.10357265273512792,20,0.39026577265065315,0.09021031783394,20,0.7016207613583697,0.15670619149949275,20,0.6449749258140565,0.28705741006983304,20,0.07604838499937613,0.029911566064418877,20,0.0,0.0,20,0.0005448899999464629,0.00013968794153326928,20,0.0765932749993226,0.02984804372555573
reference_check,NINO3,random,0.7,410,NINO4,fprm_tau1,20,20,0,20,0.42920679549239554,0.010939166303493291,20,0.3438021821202383,0.010478451623617973,20,0.6260201535924462,0.015117063072724046,20,0.7826889818990416,0.011455813167972338,20,0.07764565500019671,0.01842071227657144,20,0.0,0.0,20,0.00048712499938119436,6.856877368342252e-05,20,0.0781327799995779,0.018454838161766577
reference_check,NINO3,random,0.7,410,NINO4,fprm_tau6,20,20,0,20,0.4932788854061104,0.11413750755441512,20,0.3967793641233598,0.09707647700363482,20,0.7199652336779658,0.16894574545042387,20,0.5867048736308276,0.3494516359973098,20,0.0690645399999994,0.037321867718770246,20,0.0,0.0,20,0.0005849699999089352,0.00019900073530388068,20,0.06964950999990834,0.03722125608495647
reference_check,NINO3,random,0.7,410,NINO4,multiscale_equal,20,20,0,20,0.44186373508002275,0.030245211452777337,20,0.3556523767480758,0.0242673645749727,20,0.6446994528367302,0.04741937447065142,20,0.789488515198288,0.01414282871089868,20,0.22275857999957224,0.04915241845588553,20,0.0,0.0,20,0.0016273199984425447,0.00024263268685251725,20,0.22438589999801478,0.04904620671568453
reference_check,NINO3,random,0.7,410,NINO4,multiscale_weighted,20,20,0,20,0.43615751872310266,0.021830028312405686,20,0.3507232522269194,0.017330684973711527,20,0.6362392568013961,0.033161409693521465,20,0.7892659437480685,0.013981755834566437,20,0.22275857999957224,0.04915241845588553,20,0.36353030000045694,0.03686484853315357,20,0.0016309049988194602,0.00024292739118867446,20,0.5879197849988487,0.0681871480112884
reference_check,NINO3,random,0.9,410,NINO12,fprm,20,20,0,20,0.6276245015551399,0.0875855119054986,20,0.4804153215260101,0.04585140826202122,20,0.5689190715274741,0.07284537986682144,20,0.8254020304109077,0.0671711922765059,20,0.028510070000993436,0.009122466290622319,20,0.0,0.0,20,0.00028202500070619865,2.8226338107521e-05,20,0.028792095001699637,0.009129925688940381
reference_check,NINO3,random,0.9,410,NINO12,fprm_tau1,20,20,0,20,0.6676657081078804,0.1391399794523098,20,0.5056588103719356,0.08426323667607198,20,0.6051756125497925,0.12083694433556012,20,0.7860672641853587,0.1474383821127417,20,0.029137604999777977,0.008873895711397588,20,0.0,0.0,20,0.00029789500003971623,3.446923066777358e-05,20,0.029435499999817694,0.008874001481900009
reference_check,NINO3,random,0.9,410,NINO12,fprm_tau6,20,20,0,20,0.6611379429315253,0.11237288768176483,20,0.5065089306742008,0.07014544698887969,20,0.5999405680501526,0.10195645529304413,20,0.8044190249094785,0.08135458420986588,20,0.02847651499978383,0.01038230210456142,20,0.0,0.0,20,0.00028638000003411435,4.131667921322675e-05,20,0.028762894999817944,0.0103878719186545
reference_check,NINO3,random,0.9,410,NINO12,multiscale_equal,20,20,0,20,0.6266882858976983,0.07647102998680293,20,0.4787384041461145,0.03975652676241009,20,0.5682013003462618,0.06334978224300361,20,0.8316132350118505,0.05306649736105201,20,0.08612419000055524,0.016946551263122823,20,0.0,0.0,20,0.0008768100007728208,5.573194184860374e-05,20,0.08700100000132807,0.016950141477586785
reference_check,NINO3,random,0.9,410,NINO12,multiscale_weighted,20,20,0,20,0.6247693358201133,0.07633151819253982,20,0.4775778359529781,0.04007121654607822,20,0.5664742351712836,0.06332838973599937,20,0.8318870819917207,0.05335326359789979,20,0.08612419000055524,0.016946551263122823,20,0.22707523499975651,0.025222525716259738,20,0.0008811250007056514,5.5771156230928644e-05,20,0.3140805500010174,0.03360329007385374
reference_check,NINO3,random,0.9,410,NINO34,fprm,20,20,0,20,0.30845969457720257,0.02307892960501259,20,0.24900340269030402,0.01577043032567105,20,0.34823429730473027,0.024317282419678718,20,0.9415411264594115,0.00756511634693738,20,0.026180264999493375,0.0067955101707132095,20,0.0,0.0,20,0.0002636999999594991,1.8240527669206098e-05,20,0.026443964999452875,0.006807560177325774
reference_check,NINO3,random,0.9,410,NINO34,fprm_tau1,20,20,0,20,0.31718984765890695,0.034061792419644056,20,0.2553237723778843,0.019046354140530623,20,0.35799484767424616,0.03591500426787672,20,0.9381210358774755,0.01125066989493528,20,0.023254844999610214,0.005765888736258997,20,0.0,0.0,20,0.0002799350000714185,2.6635301017623244e-05,20,0.02353477999968163,0.005774185571858516
reference_check,NINO3,random,0.9,410,NINO34,fprm_tau6,20,20,0,20,0.3172280570318186,0.03356275537963327,20,0.25219846600629003,0.02116588052446492,20,0.3581638617666248,0.03677738805477034,20,0.9378693232225588,0.013460640094615018,20,0.026118260000657756,0.00758826691434698,20,0.0,0.0,20,0.00026034999991679796,1.8008667488026885e-05,20,0.026378610000574555,0.007601189453786218
reference_check,NINO3,random,0.9,410,NINO34,multiscale_equal,20,20,0,20,0.30629440273432096,0.026607151530798734,20,0.24590722146598268,0.01640301939903493,20,0.3457320429036379,0.027676240884080352,20,0.9428181152493815,0.007613042433328756,20,0.07555336999976134,0.011146672071676267,20,0.0,0.0,20,0.0008142300004692516,3.265022205334494e-05,20,0.0763676000002306,0.01116912671598307
reference_check,NINO3,random,0.9,410,NINO34,multiscale_weighted,20,20,0,20,0.3064213467571576,0.026793500914159926,20,0.24604950777258244,0.016486290326416936,20,0.34587373304543945,0.02787451088688984,20,0.9427364640986122,0.007816395804665567,20,0.07555336999976134,0.011146672071676267,20,0.21091132499968807,0.02228227456430363,20,0.0008182799992937362,3.223062715398468e-05,20,0.28728297499874317,0.027298350928110452
reference_check,NINO3,random,0.9,410,NINO4,fprm,20,20,0,20,0.5132006581096709,0.10185762278165338,20,0.4170725598418648,0.08839373886062465,20,0.7483988460728935,0.150150787795854,20,0.600990124562849,0.2890981391276568,20,0.023215979999804404,0.009663459910564389,20,0.0,0.0,20,0.0002983950002089841,5.845324310345443e-05,20,0.02351437500001339,0.009648323236255729
reference_check,NINO3,random,0.9,410,NINO4,fprm_tau1,20,20,0,20,0.5562119225990652,0.11354644649687198,20,0.45040426047486337,0.09260347143158777,20,0.8103749386038459,0.16294501507682635,20,0.49920688718975414,0.3133759434114989,20,0.02331287999986671,0.007352682114736869,20,0.0,0.0,20,0.00031258000035450095,5.735281993000956e-05,20,0.02362546000022121,0.007331732195995833
reference_check,NINO3,random,0.9,410,NINO4,fprm_tau6,20,20,0,20,0.523175800408888,0.09345523275006122,20,0.42200148443733154,0.08100871098765183,20,0.7622865056211127,0.13383624545784722,20,0.5836481607146247,0.29084881847999244,20,0.023973160000059578,0.006412757319829223,20,0.0,0.0,20,0.00029164000079617836,5.493696298656947e-05,20,0.024264800000855756,0.006397703007064934
reference_check,NINO3,random,0.9,410,NINO4,multiscale_equal,20,20,0,20,0.4947298062911196,0.06014701953757351,20,0.4004928262908085,0.05258540439737529,20,0.7209202146018476,0.08481455094302977,20,0.7403309847490638,0.0677804808043885,20,0.07050201999973069,0.01192003344317709,20,0.0,0.0,20,0.0009124500011239434,9.922226825831902e-05,20,0.07141447000085463,0.011872777859423297
reference_check,NINO3,random,0.9,410,NINO4,multiscale_weighted,20,20,0,20,0.49684566605040914,0.05976136383228705,20,0.40213494420492635,0.052318682835795466,20,0.724053312469858,0.08467079887563224,20,0.7373492926973954,0.07036489956990787,20,0.07050201999973069,0.01192003344317709,20,0.20717193500004213,0.02408765924559167,20,0.0009166600013486459,9.863084575200925e-05,20,0.2785906150011215,0.03101522316837948
reproduction,NINO34,random,0.5,416,NINO12,fprm,20,20,0,20,0.7982125617984848,0.12169254642675283,20,0.6131960874172289,0.08390317571449993,20,0.7241858025276511,0.10862790201091647,20,0.666987126061646,0.1920700538377973,20,0.1824257550006223,0.07928328723548671,20,0.0,0.0,20,0.0006697999999232707,0.00017277498640133092,20,0.18309555500054558,0.07922282259313043
reproduction,NINO34,random,0.5,416,NINO3,fprm,20,20,0,20,0.2788304408955328,0.009950389292019527,20,0.22347700982967109,0.0077355219965012,20,0.3209314743172058,0.018683778176317944,20,0.9482653753864823,0.005981862101452819,20,0.15228661000001012,0.0445396404089287,20,0.0,0.0,20,0.0006376100001943997,2.6068409927672775e-05,20,0.1529242200002045,0.04453656818700606
reproduction,NINO34,random,0.5,416,NINO4,fprm,20,20,0,20,0.2584459977406137,0.006980608199190721,20,0.20881320781503893,0.006627170735388373,20,0.37898322168670273,0.016953891061910448,20,0.9261914417714123,0.0067736247143681,20,0.15110241999973367,0.03958383083480443,20,0.0,0.0,20,0.0006382900011885795,5.1369659449187594e-05,20,0.15174071000092226,0.03958946036859701
