case_id,method,delay,weight,oof_mse,seed,target,reference,rate,experiment
main_NINO34_NINO4_r100_s00_n410_41717835,multiscale_equal,1,0.3333333333333333,,0,NINO4,NINO34,0.1,main
main_NINO34_NINO4_r100_s00_n410_41717835,multiscale_equal,3,0.3333333333333333,,0,NINO4,NINO34,0.1,main
main_NINO34_NINO4_r100_s00_n410_41717835,multiscale_equal,6,0.3333333333333333,,0,NINO4,NINO34,0.1,main
main_NINO34_NINO4_r100_s00_n410_41717835,multiscale_weighted,1,0.3497045147582536,0.0939573698754035,0,NINO4,NINO34,0.1,main
main_NINO34_NINO4_r100_s00_n410_41717835,multiscale_weighted,3,0.33795021461017816,0.09722531644397174,0,NINO4,NINO34,0.1,main
main_NINO34_NINO4_r100_s00_n410_41717835,multiscale_weighted,6,0.3123452706315682,0.10519549967058583,0,NINO4,NINO34,0.1,main
main_NINO34_NINO4_r100_s01_n410_6a0ab729,multiscale_equal,1,0.3333333333333333,,1,NINO4,NINO34,0.1,main
main_NINO34_NINO4_r100_s01_n410_6a0ab729,multiscale_equal,3,0.3333333333333333,,1,NINO4,NINO34,0.1,main
main_NINO34_NINO4_r100_s01_n410_6a0ab729,multiscale_equal,6,0.3333333333333333,,1,NINO4,NINO34,0.1,main
main_NINO34_NINO4_r100_s01_n410_6a0ab729,multiscale_weighted,1,0.35829694517080984,0.09184023820503223,1,NINO4,NINO34,0.1,main
main_NINO34_NINO4_r100_s01_n410_6a0ab729,multiscale_weighted,3,0.3200879827395226,0.10280322582897494,1,NINO4,NINO34,0.1,main
main_NINO34_NINO4_r100_s01_n410_6a0ab729,multiscale_weighted,6,0.32161507208966755,0.10231509657068227,1,NINO4,NINO34,0.1,main
main_NINO34_NINO4_r100_s02_n410_5881042e,multiscale_equal,1,0.3333333333333333,,2,NINO4,NINO34,0.1,main
main_NINO34_NINO4_r100_s02_n410_5881042e,multiscale_equal,3,0.3333333333333333,,2,NINO4,NINO34,0.1,main
main_NINO34_NINO4_r100_s02_n410_5881042e,multiscale_equal,6,0.3333333333333333,,2,NINO4,NINO34,0.1,main
main_NINO34_NINO4_r100_s02_n410_5881042e,multiscale_weighted,1,0.35440736109091725,0.09020401891104617,2,NINO4,NINO34,0.1,main
main_NINO34_NINO4_r100_s02_n410_5881042e,multiscale_weighted,3,0.33199942243251424,0.09629224138977774,2,NINO4,NINO34,0.1,main
main_NINO34_NINO4_r100_s02_n410_5881042e,multiscale_weighted,6,0.31359321647656857,0.10194406967533752,2,NINO4,NINO34,0.1,main
main_NINO34_NINO4_r100_s03_n410_80618442,multiscale_equal,1,0.3333333333333333,,3,NINO4,NINO34,0.1,main
main_NINO34_NINO4_r100_s03_n410_80618442,multiscale_equal,3,0.3333333333333333,,3,NINO4,NINO34,0.1,main
main_NINO34_NINO4_r100_s03_n410_80618442,multiscale_equal,6,0.3333333333333333,,3,NINO4,NINO34,0.1,main
main_NINO34_NINO4_r100_s03_n410_80618442,multiscale_weighted,1,0.3508027258489971,0.09718661695952342,3,NINO4,NINO34,0.1,main
main_NINO34_NINO4_r100_s03_n410_80618442,multiscale_weighted,3,0.33832915851849665,0.10076970728585592,3,NINO4,NINO34,0.1,main
main_NINO34_NINO4_r100_s03_n410_80618442,multiscale_weighted,6,0.31086811563250627,0.10967136489833143,3,NINO4,NINO34,0.1,main
main_NINO34_NINO4_r100_s04_n410_17acb59c,multiscale_equal,1,0.3333333333333333,,4,NINO4,NINO34,0.1,main
main_NINO34_NINO4_r100_s04_n410_17acb59c,multiscale_equal,3,0.3333333333333333,,4,NINO4,NINO34,0.1,main
main_NINO34_NINO4_r100_s04_n410_17acb59c,multiscale_equal,6,0.3333333333333333,,4,NINO4,NINO34,0.1,main
main_NINO34_NINO4_r100_s04_n410_17acb59c,multiscale_weighted,1,0.3590103486184509,0.08578945123914271,4,NINO4,NINO34,0.1,main
main_NINO34_NINO4_r100_s04_n410_17acb59c,multiscale_weighted,3,0.3387650962066147,0.09091639411640588,4,NINO4,NINO34,0.1,main
main_NINO34_NINO4_r100_s04_n410_17acb59c,multiscale_weighted,6,0.3022245551749344,0.10190866637947674,4,NINO4,NINO34,0.1,main
main_NINO34_NINO4_r100_s05_n410_f278ead4,multiscale_equal,1,0.3333333333333333,,5,NINO4,NINO34,0.1,main
main_NINO34_NINO4_r100_s05_n410_f278ead4,multiscale_equal,3,0.3333333333333333,,5,NINO4,NINO34,0.1,main
main_NINO34_NINO4_r100_s05_n410_f278ead4,multiscale_equal,6,0.3333333333333333,,5,NINO4,NINO34,0.1,main
main_NINO34_NINO4_r100_s05_n410_f278ead4,multiscale_weighted,1,0.34753682242475964,0.09597968569467563,5,NINO4,NINO34,0.1,main
main_NINO34_NINO4_r100_s05_n410_f278ead4,multiscale_weighted,3,0.3382517971373872,0.0986143321596504,5,NINO4,NINO34,0.1,main
main_NINO34_NINO4_r100_s05_n410_f278ead4,multiscale_weighted,6,0.3142113804378533,0.1061593481128116,5,NINO4,NINO34,0.1,main
main_NINO34_NINO4_r100_s06_n410_b62a2581,multiscale_equal,1,0.3333333333333333,,6,NINO4,NINO34,0.1,main
main_NINO34_NINO4_r100_s06_n410_b62a2581,multiscale_equal,3,0.3333333333333333,,6,NINO4,NINO34,0.1,main
main_NINO34_NINO4_r100_s06_n410_b62a2581,multiscale_equal,6,0.3333333333333333,,6,NINO4,NINO34,0.1,main
main_NINO34_NINO4_r100_s06_n410_b62a2581,multiscale_weighted,1,0.3514892949384485,0.09680373507341405,6,NINO4,NINO34,0.1,main
main_NINO34_NINO4_r100_s06_n410_b62a2581,multiscale_weighted,3,0.3369581932785839,0.1009783332543653,6,NINO4,NINO34,0.1,main
main_NINO34_NINO4_r100_s06_n410_b62a2581,multiscale_weighted,6,0.31155251178296767,0.10921265501281907,6,NINO4,NINO34,0.1,main
main_NINO34_NINO4_r100_s07_n410_9ccbbcc3,multiscale_equal,1,0.3333333333333333,,7,NINO4,NINO34,0.1,main
main_NINO34_NINO4_r100_s07_n410_9ccbbcc3,multiscale_equal,3,0.3333333333333333,,7,NINO4,NINO34,0.1,main
main_NINO34_NINO4_r100_s07_n410_9ccbbcc3,multiscale_equal,6,0.3333333333333333,,7,NINO4,NINO34,0.1,main
main_NINO34_NINO4_r100_s07_n410_9ccbbcc3,multiscale_weighted,1,0.3467659604318931,0.08931974416530827,7,NINO4,NINO34,0.1,main
main_NINO34_NINO4_r100_s07_n410_9ccbbcc3,multiscale_weighted,3,0.3365284425281067,0.09203693673173681,7,NINO4,NINO34,0.1,main
main_NINO34_NINO4_r100_s07_n410_9ccbbcc3,multiscale_weighted,6,0.31670559704000023,0.09779759960385485,7,NINO4,NINO34,0.1,main
main_NINO34_NINO4_r100_s08_n410_21bfd3f1,multiscale_equal,1,0.3333333333333333,,8,NINO4,NINO34,0.1,main
main_NINO34_NINO4_r100_s08_n410_21bfd3f1,multiscale_equal,3,0.3333333333333333,,8,NINO4,NINO34,0.1,main
main_NINO34_NINO4_r100_s08_n410_21bfd3f1,multiscale_equal,6,0.3333333333333333,,8,NINO4,NINO34,0.1,main
main_NINO34_NINO4_r100_s08_n410_21bfd3f1,multiscale_weighted,1,0.35449810822296357,0.08599151525501697,8,NINO4,NINO34,0.1,main
main_NINO34_NINO4_r100_s08_n410_21bfd3f1,multiscale_weighted,3,0.3337430166642644,0.09133922858780404,8,NINO4,NINO34,0.1,main
main_NINO34_NINO4_r100_s08_n410_21bfd3f1,multiscale_weighted,6,0.3117588751127719,0.09778015107828159,8,NINO4,NINO34,0.1,main
main_NINO34_NINO4_r100_s09_n410_817a1fa5,multiscale_equal,1,0.3333333333333333,,9,NINO4,NINO34,0.1,main
main_NINO34_NINO4_r100_s09_n410_817a1fa5,multiscale_equal,3,0.3333333333333333,,9,NINO4,NINO34,0.1,main
main_NINO34_NINO4_r100_s09_n410_817a1fa5,multiscale_equal,6,0.3333333333333333,,9,NINO4,NINO34,0.1,main
main_NINO34_NINO4_r100_s09_n410_817a1fa5,multiscale_weighted,1,0.3585751606984645,0.09063792970098211,9,NINO4,NINO34,0.1,main
main_NINO34_NINO4_r100_s09_n410_817a1fa5,multiscale_weighted,3,0.3419310552170061,0.09504989347551492,9,NINO4,NINO34,0.1,main
main_NINO34_NINO4_r100_s09_n410_817a1fa5,multiscale_weighted,6,0.29949378408452937,0.10851814804125144,9,NINO4,NINO34,0.1,main
main_NINO34_NINO4_r100_s10_n410_525ed70f,multiscale_equal,1,0.3333333333333333,,10,NINO4,NINO34,0.1,main
main_NINO34_NINO4_r100_s10_n410_525ed70f,multiscale_equal,3,0.3333333333333333,,10,NINO4,NINO34,0.1,main
main_NINO34_NINO4_r100_s10_n410_525ed70f,multiscale_equal,6,0.3333333333333333,,10,NINO4,NINO34,0.1,main
main_NINO34_NINO4_r100_s10_n410_525ed70f,multiscale_weighted,1,0.34995433526077085,0.09027827270989881,10,NINO4,NINO34,0.1,main
main_NINO34_NINO4_r100_s10_n410_525ed70f,multiscale_weighted,3,0.34008611606656264,0.09289786180857174,10,NINO4,NINO34,0.1,main
main_NINO34_NINO4_r100_s10_n410_525ed70f,multiscale_weighted,6,0.30995954867266656,0.1019270851629586,10,NINO4,NINO34,0.1,main
main_NINO34_NINO4_r100_s11_n410_4361add1,multiscale_equal,1,0.3333333333333333,,11,NINO4,NINO34,0.1,main
main_NINO34_NINO4_r100_s11_n410_4361add1,multiscale_equal,3,0.3333333333333333,,11,NINO4,NINO34,0.1,main
main_NINO34_NINO4_r100_s11_n410_4361add1,multiscale_equal,6,0.3333333333333333,,11,NINO4,NINO34,0.1,main
main_NINO34_NINO4_r100_s11_n410_4361add1,multiscale_weighted,1,0.35719730883210893,0.08656433480680996,11,NINO4,NINO34,0.1,main
main_NINO34_NINO4_r100_s11_n410_4361add1,multiscale_weighted,3,0.3424444123594803,0.09029362566705967,11,NINO4,NINO34,0.1,main
main_NINO34_NINO4_r100_s11_n410_4361add1,multiscale_weighted,6,0.30035827880841076,0.10294554931161971,11,NINO4,NINO34,0.1,main
main_NINO34_NINO4_r100_s12_n410_24e2e61b,multiscale_equal,1,0.3333333333333333,,12,NINO4,NINO34,0.1,main
main_NINO34_NINO4_r100_s12_n410_24e2e61b,multiscale_equal,3,0.3333333333333333,,12,NINO4,NINO34,0.1,main
main_NINO34_NINO4_r100_s12_n410_24e2e61b,multiscale_equal,6,0.3333333333333333,,12,NINO4,NINO34,0.1,main
main_NINO34_NINO4_r100_s12_n410_24e2e61b,multiscale_weighted,1,0.35386354651166346,0.08751083024367606,12,NINO4,NINO34,0.1,main
main_NINO34_NINO4_r100_s12_n410_24e2e61b,multiscale_weighted,3,0.33423077840826304,0.0926512306616746,12,NINO4,NINO34,0.1,main
main_NINO34_NINO4_r100_s12_n410_24e2e61b,multiscale_weighted,6,0.3119056750800735,0.0992828782606669,12,NINO4,NINO34,0.1,main
main_NINO34_NINO4_r100_s13_n410_d8c13842,multiscale_equal,1,0.3333333333333333,,13,NINO4,NINO34,0.1,main
main_NINO34_NINO4_r100_s13_n410_d8c13842,multiscale_equal,3,0.3333333333333333,,13,NINO4,NINO34,0.1,main
main_NINO34_NINO4_r100_s13_n410_d8c13842,multiscale_equal,6,0.3333333333333333,,13,NINO4,NINO34,0.1,main
main_NINO34_NINO4_r100_s13_n410_d8c13842,multiscale_weighted,1,0.34654100786881403,0.09132061811183574,13,NINO4,NINO34,0.1,main
main_NINO34_NINO4_r100_s13_n410_d8c13842,multiscale_weighted,3,0.33092264321894926,0.0956306249945067,13,NINO4,NINO34,0.1,main
main_NINO34_NINO4_r100_s13_n410_d8c13842,multiscale_weighted,6,0.32253634891223676,0.09811712505103198,13,NINO4,NINO34,0.1,main
main_NINO34_NINO4_r100_s14_n410_26d38af2,multiscale_equal,1,0.3333333333333333,,14,NINO4,NINO34,0.1,main
main_NINO34_NINO4_r100_s14_n410_26d38af2,multiscale_equal,3,0.3333333333333333,,14,NINO4,NINO34,0.1,main
main_NINO34_NINO4_r100_s14_n410_26d38af2,multiscale_equal,6,0.3333333333333333,,14,NINO4,NINO34,0.1,main
main_NINO34_NINO4_r100_s14_n410_26d38af2,multiscale_weighted,1,0.35121610059985,0.09066465683383726,14,NINO4,NINO34,0.1,main
main_NINO34_NINO4_r100_s14_n410_26d38af2,multiscale_weighted,3,0.339088890941653,0.09390719721972597,14,NINO4,NINO34,0.1,main
main_NINO34_NINO4_r100_s14_n410_26d38af2,multiscale_weighted,6,0.30969500845849696,0.10282015137768077,14,NINO4,NINO34,0.1,main
main_NINO34_NINO4_r100_s15_n410_04e8f2e3,multiscale_equal,1,0.3333333333333333,,15,NINO4,NINO34,0.1,main
main_NINO34_NINO4_r100_s15_n410_04e8f2e3,multiscale_equal,3,0.3333333333333333,,15,NINO4,NINO34,0.1,main
main_NINO34_NINO4_r100_s15_n410_04e8f2e3,multiscale_equal,6,0.3333333333333333,,15,NINO4,NINO34,0.1,main
main_NINO34_NINO4_r100_s15_n410_04e8f2e3,multiscale_weighted,1,0.36076421195706443,0.08546330991838506,15,NINO4,NINO34,0.1,main
main_NINO34_NINO4_r100_s15_n410_04e8f2e3,multiscale_weighted,3,0.3310426209149375,0.09313635768696646,15,NINO4,NINO34,0.1,main
main_NINO34_NINO4_r100_s15_n410_04e8f2e3,multiscale_weighted,6,0.308193167127998,0.10004149172734221,15,NINO4,NINO34,0.1,main
main_NINO34_NINO4_r100_s16_n410_1ae224d5,multiscale_equal,1,0.3333333333333333,,16,NINO4,NINO34,0.1,main
main_NINO34_NINO4_r100_s16_n410_1ae224d5,multiscale_equal,3,0.3333333333333333,,16,NINO4,NINO34,0.1,main
main_NINO34_NINO4_r100_s16_n410_1ae224d5,multiscale_equal,6,0.3333333333333333,,16,NINO4,NINO34,0.1,main
main_NINO34_NINO4_r100_s16_n410_1ae224d5,multiscale_weighted,1,0.35252240663388285,0.0902986190544972,16,NINO4,NINO34,0.1,main
main_NINO34_NINO4_r100_s16_n410_1ae224d5,multiscale_weighted,3,0.3446385967200343,0.09236425312369893,16,NINO4,NINO34,0.1,main
main_NINO34_NINO4_r100_s16_n410_1ae224d5,multiscale_weighted,6,0.302838996646083,0.10511290604638637,16,NINO4,NINO34,0.1,main
main_NINO34_NINO4_r100_s17_n410_970cf0d6,multiscale_equal,1,0.3333333333333333,,17,NINO4,NINO34,0.1,main
main_NINO34_NINO4_r100_s17_n410_970cf0d6,multiscale_equal,3,0.3333333333333333,,17,NINO4,NINO34,0.1,main
main_NINO34_NINO4_r100_s17_n410_970cf0d6,multiscale_equal,6,0.3333333333333333,,17,NINO4,NINO34,0.1,main
main_NINO34_NINO4_r100_s17_n410_970cf0d6,multiscale_weighted,1,0.3526391777737133,0.0875478163438873,17,NINO4,NINO34,0.1,main
main_NINO34_NINO4_r100_s17_n410_970cf0d6,multiscale_weighted,3,0.3347088190733399,0.09223775530076893,17,NINO4,NINO34,0.1,main
main_NINO34_NINO4_r100_s17_n410_970cf0d6,multiscale_weighted,6,0.3126520031529469,0.0987448986730512,17,NINO4,NINO34,0.1,main
main_NINO34_NINO4_r100_s18_n410_8df02554,multiscale_equal,1,0.3333333333333333,,18,NINO4,NINO34,0.1,main
main_NINO34_NINO4_r100_s18_n410_8df02554,multiscale_equal,3,0.3333333333333333,,18,NINO4,NINO34,0.1,main
main_NINO34_NINO4_r100_s18_n410_8df02554,multiscale_equal,6,0.3333333333333333,,18,NINO4,NINO34,0.1,main
main_NINO34_NINO4_r100_s18_n410_8df02554,multiscale_weighted,1,0.3522666222624425,0.09527243073613018,18,NINO4,NINO34,0.1,main
main_NINO34_NINO4_r100_s18_n410_8df02554,multiscale_weighted,3,0.3356843653704279,0.09997873299501672,18,NINO4,NINO34,0.1,main
main_NINO34_NINO4_r100_s18_n410_8df02554,multiscale_weighted,6,0.3120490123671297,0.10755136674760529,18,NINO4,NINO34,0.1,main
main_NINO34_NINO4_r100_s19_n410_fa7fafee,multiscale_equal,1,0.3333333333333333,,19,NINO4,NINO34,0.1,main
main_NINO34_NINO4_r100_s19_n410_fa7fafee,multiscale_equal,3,0.3333333333333333,,19,NINO4,NINO34,0.1,main
main_NINO34_NINO4_r100_s19_n410_fa7fafee,multiscale_equal,6,0.3333333333333333,,19,NINO4,NINO34,0.1,main
main_NINO34_NINO4_r100_s19_n410_fa7fafee,multiscale_weighted,1,0.34509188391934675,0.09091253929945692,19,NINO4,NINO34,0.1,main
main_NINO34_NINO4_r100_s19_n410_fa7fafee,multiscale_weighted,3,0.3309023685017133,0.09481098531476348,19,NINO4,NINO34,0.1,main
main_NINO34_NINO4_r100_s19_n410_fa7fafee,multiscale_weighted,6,0.3240057475789401,0.09682908375555563,19,NINO4,NINO34,0.1,main
main_NINO34_NINO4_r300_s00_n410_fd88e6c2,multiscale_equal,1,0.3333333333333333,,0,NINO4,NINO34,0.3,main
main_NINO34_NINO4_r300_s00_n410_fd88e6c2,multiscale_equal,3,0.3333333333333333,,0,NINO4,NINO34,0.3,main
main_NINO34_NINO4_r300_s00_n410_fd88e6c2,multiscale_equal,6,0.3333333333333333,,0,NINO4,NINO34,0.3,main
main_NINO34_NINO4_r300_s00_n410_fd88e6c2,multiscale_weighted,1,0.33942098322202097,0.1038960853366237,0,NINO4,NINO34,0.3,main
main_NINO34_NINO4_r300_s00_n410_fd88e6c2,multiscale_weighted,3,0.3436170458561527,0.10262736328475931,0,NINO4,NINO34,0.3,main
main_NINO34_NINO4_r300_s00_n410_fd88e6c2,multiscale_weighted,6,0.3169619709218263,0.11125786339574274,0,NINO4,NINO34,0.3,main
main_NINO34_NINO4_r300_s01_n410_9e8804f4,multiscale_equal,1,0.3333333333333333,,1,NINO4,NINO34,0.3,main
main_NINO34_NINO4_r300_s01_n410_9e8804f4,multiscale_equal,3,0.3333333333333333,,1,NINO4,NINO34,0.3,main
main_NINO34_NINO4_r300_s01_n410_9e8804f4,multiscale_equal,6,0.3333333333333333,,1,NINO4,NINO34,0.3,main
main_NINO34_NINO4_r300_s01_n410_9e8804f4,multiscale_weighted,1,0.35371916181678054,0.09753317284711209,1,NINO4,NINO34,0.3,main
main_NINO34_NINO4_r300_s01_n410_9e8804f4,multiscale_weighted,3,0.3371990213350313,0.1023115434244855,1,NINO4,NINO34,0.3,main
main_NINO34_NINO4_r300_s01_n410_9e8804f4,multiscale_weighted,6,0.30908181684818803,0.1116188359023727,1,NINO4,NINO34,0.3,main
main_NINO34_NINO4_r300_s02_n410_9d231f95,multiscale_equal,1,0.3333333333333333,,2,NINO4,NINO34,0.3,main
main_NINO34_NINO4_r300_s02_n410_9d231f95,multiscale_equal,3,0.3333333333333333,,2,NINO4,NINO34,0.3,main
main_NINO34_NINO4_r300_s02_n410_9d231f95,multiscale_equal,6,0.3333333333333333,,2,NINO4,NINO34,0.3,main
main_NINO34_NINO4_r300_s02_n410_9d231f95,multiscale_weighted,1,0.3648025007687417,0.07994827395767881,2,NINO4,NINO34,0.3,main
main_NINO34_NINO4_r300_s02_n410_9d231f95,multiscale_weighted,3,0.32408310595919265,0.08999336942534746,2,NINO4,NINO34,0.3,main
main_NINO34_NINO4_r300_s02_n410_9d231f95,multiscale_weighted,6,0.3111143932720656,0.0937447171827954,2,NINO4,NINO34,0.3,main
main_NINO34_NINO4_r300_s03_n410_1a1ac498,multiscale_equal,1,0.3333333333333333,,3,NINO4,NINO34,0.3,main
main_NINO34_NINO4_r300_s03_n410_1a1ac498,multiscale_equal,3,0.3333333333333333,,3,NINO4,NINO34,0.3,main
main_NINO34_NINO4_r300_s03_n410_1a1ac498,multiscale_equal,6,0.3333333333333333,,3,NINO4,NINO34,0.3,main
main_NINO34_NINO4_r300_s03_n410_1a1ac498,multiscale_weighted,1,0.3451258681690772,0.09751473854726035,3,NINO4,NINO34,0.3,main
main_NINO34_NINO4_r300_s03_n410_1a1ac498,multiscale_weighted,3,0.3341579309769605,0.10071542761737895,3,NINO4,NINO34,0.3,main
main_NINO34_NINO4_r300_s03_n410_1a1ac498,multiscale_weighted,6,0.3207162008539622,0.10493657306643263,3,NINO4,NINO34,0.3,main
main_NINO34_NINO4_r300_s04_n410_48cc46a4,multiscale_equal,1,0.3333333333333333,,4,NINO4,NINO34,0.3,main
main_NINO34_NINO4_r300_s04_n410_48cc46a4,multiscale_equal,3,0.3333333333333333,,4,NINO4,NINO34,0.3,main
main_NINO34_NINO4_r300_s04_n410_48cc46a4,multiscale_equal,6,0.3333333333333333,,4,NINO4,NINO34,0.3,main
main_NINO34_NINO4_r300_s04_n410_48cc46a4,multiscale_weighted,1,0.3482599838071089,0.08718210986520057,4,NINO4,NINO34,0.3,main
main_NINO34_NINO4_r300_s04_n410_48cc46a4,multiscale_weighted,3,0.3429315702332025,0.08853673111099537,4,NINO4,NINO34,0.3,main
main_NINO34_NINO4_r300_s04_n410_48cc46a4,multiscale_weighted,6,0.30880844595968865,0.09831998108109752,4,NINO4,NINO34,0.3,main
main_NINO34_NINO4_r300_s05_n410_0bda28f1,multiscale_equal,1,0.3333333333333333,,5,NINO4,NINO34,0.3,main
main_NINO34_NINO4_r300_s05_n410_0bda28f1,multiscale_equal,3,0.3333333333333333,,5,NINO4,NINO34,0.3,main
main_NINO34_NINO4_r300_s05_n410_0bda28f1,multiscale_equal,6,0.3333333333333333,,5,NINO4,NINO34,0.3,main
main_NINO34_NINO4_r300_s05_n410_0bda28f1,multiscale_weighted,1,0.3393853304397487,0.09703688703893219,5,NINO4,NINO34,0.3,main
main_NINO34_NINO4_r300_s05_n410_0bda28f1,multiscale_weighted,3,0.3489567013389876,0.09437530716696799,5,NINO4,NINO34,0.3,main
main_NINO34_NINO4_r300_s05_n410_0bda28f1,multiscale_weighted,6,0.31165796822126374,0.10566999598240741,5,NINO4,NINO34,0.3,main
main_NINO34_NINO4_r300_s06_n410_ecd59cbc,multiscale_equal,1,0.3333333333333333,,6,NINO4,NINO34,0.3,main
main_NINO34_NINO4_r300_s06_n410_ecd59cbc,multiscale_equal,3,0.3333333333333333,,6,NINO4,NINO34,0.3,main
main_NINO34_NINO4_r300_s06_n410_ecd59cbc,multiscale_equal,6,0.3333333333333333,,6,NINO4,NINO34,0.3,main
main_NINO34_NINO4_r300_s06_n410_ecd59cbc,multiscale_weighted,1,0.36939231245245097,0.09783406599547312,6,NINO4,NINO34,0.3,main
main_NINO34_NINO4_r300_s06_n410_ecd59cbc,multiscale_weighted,3,0.3116890157415696,0.11594618554569308,6,NINO4,NINO34,0.3,main
main_NINO34_NINO4_r300_s06_n410_ecd59cbc,multiscale_weighted,6,0.3189186718059794,0.11331776899351916,6,NINO4,NINO34,0.3,main
main_NINO34_NINO4_r300_s07_n410_ca20e105,multiscale_equal,1,0.3333333333333333,,7,NINO4,NINO34,0.3,main
main_NINO34_NINO4_r300_s07_n410_ca20e105,multiscale_equal,3,0.3333333333333333,,7,NINO4,NINO34,0.3,main
main_NINO34_NINO4_r300_s07_n410_ca20e105,multiscale_equal,6,0.3333333333333333,,7,NINO4,NINO34,0.3,main
main_NINO34_NINO4_r300_s07_n410_ca20e105,multiscale_weighted,1,0.34522477529870216,0.08877801005367685,7,NINO4,NINO34,0.3,main
main_NINO34_NINO4_r300_s07_n410_ca20e105,multiscale_weighted,3,0.33446422819238764,0.09163422003450453,7,NINO4,NINO34,0.3,main
main_NINO34_NINO4_r300_s07_n410_ca20e105,multiscale_weighted,6,0.3203109965089102,0.09568316153807646,7,NINO4,NINO34,0.3,main
main_NINO34_NINO4_r300_s08_n410_28d8a797,multiscale_equal,1,0.3333333333333333,,8,NINO4,NINO34,0.3,main
main_NINO34_NINO4_r300_s08_n410_28d8a797,multiscale_equal,3,0.3333333333333333,,8,NINO4,NINO34,0.3,main
main_NINO34_NINO4_r300_s08_n410_28d8a797,multiscale_equal,6,0.3333333333333333,,8,NINO4,NINO34,0.3,main
main_NINO34_NINO4_r300_s08_n410_28d8a797,multiscale_weighted,1,0.340068568427688,0.0855407076807486,8,NINO4,NINO34,0.3,main
main_NINO34_NINO4_r300_s08_n410_28d8a797,multiscale_weighted,3,0.3384631090696895,0.08594645986469544,8,NINO4,NINO34,0.3,main
main_NINO34_NINO4_r300_s08_n410_28d8a797,multiscale_weighted,6,0.3214683225026225,0.090490117230909,8,NINO4,NINO34,0.3,main
main_NINO34_NINO4_r300_s09_n410_6768bb2e,multiscale_equal,1,0.3333333333333333,,9,NINO4,NINO34,0.3,main
main_NINO34_NINO4_r300_s09_n410_6768bb2e,multiscale_equal,3,0.3333333333333333,,9,NINO4,NINO34,0.3,main
main_NINO34_NINO4_r300_s09_n410_6768bb2e,multiscale_equal,6,0.3333333333333333,,9,NINO4,NINO34,0.3,main
main_NINO34_NINO4_r300_s09_n410_6768bb2e,multiscale_weighted,1,0.3490609776568671,0.09535436234921488,9,NINO4,NINO34,0.3,main
main_NINO34_NINO4_r300_s09_n410_6768bb2e,multiscale_weighted,3,0.3442777361026152,0.0966791735361469,9,NINO4,NINO34,0.3,main
main_NINO34_NINO4_r300_s09_n410_6768bb2e,multiscale_weighted,6,0.30666128624051775,0.10853827614665269,9,NINO4,NINO34,0.3,main
main_NINO34_NINO4_r300_s10_n410_800138ba,multiscale_equal,1,0.3333333333333333,,10,NINO4,NINO34,0.3,main
main_NINO34_NINO4_r300_s10_n410_800138ba,multiscale_equal,3,0.3333333333333333,,10,NINO4,NINO34,0.3,main
main_NINO34_NINO4_r300_s10_n410_800138ba,multiscale_equal,6,0.3333333333333333,,10,NINO4,NINO34,0.3,main
main_NINO34_NINO4_r300_s10_n410_800138ba,multiscale_weighted,1,0.3502188012375196,0.09155520140619737,10,NINO4,NINO34,0.3,main
main_NINO34_NINO4_r300_s10_n410_800138ba,multiscale_weighted,3,0.33486095462836957,0.09575423050651506,10,NINO4,NINO34,0.3,main
main_NINO34_NINO4_r300_s10_n410_800138ba,multiscale_weighted,6,0.3149202441341108,0.10181737704632565,10,NINO4,NINO34,0.3,main
main_NINO34_NINO4_r300_s11_n410_ba9981a7,multiscale_equal,1,0.3333333333333333,,11,NINO4,NINO34,0.3,main
main_NINO34_NINO4_r300_s11_n410_ba9981a7,multiscale_equal,3,0.3333333333333333,,11,NINO4,NINO34,0.3,main
main_NINO34_NINO4_r300_s11_n410_ba9981a7,multiscale_equal,6,0.3333333333333333,,11,NINO4,NINO34,0.3,main
main_NINO34_NINO4_r300_s11_n410_ba9981a7,multiscale_weighted,1,0.34234170774663425,0.08837370395637825,11,NINO4,NINO34,0.3,main
main_NINO34_NINO4_r300_s11_n410_ba9981a7,multiscale_weighted,3,0.34247214315489244,0.08834004556491609,11,NINO4,NINO34,0.3,main
main_NINO34_NINO4_r300_s11_n410_ba9981a7,multiscale_weighted,6,0.3151861490984734,0.09598773642310458,11,NINO4,NINO34,0.3,main
main_NINO34_NINO4_r300_s12_n410_eb8ecf82,multiscale_equal,1,0.3333333333333333,,12,NINO4,NINO34,0.3,main
main_NINO34_NINO4_r300_s12_n410_eb8ecf82,multiscale_equal,3,0.3333333333333333,,12,NINO4,NINO34,0.3,main
main_NINO34_NINO4_r300_s12_n410_eb8ecf82,multiscale_equal,6,0.3333333333333333,,12,NINO4,NINO34,0.3,main
main_NINO34_NINO4_r300_s12_n410_eb8ecf82,multiscale_weighted,1,0.3456777491242596,0.09409403181560341,12,NINO4,NINO34,0.3,main
main_NINO34_NINO4_r300_s12_n410_eb8ecf82,multiscale_weighted,3,0.3346960228662862,0.09718135565314444,12,NINO4,NINO34,0.3,main
main_NINO34_NINO4_r300_s12_n410_eb8ecf82,multiscale_weighted,6,0.3196262280094542,0.10176328015108127,12,NINO4,NINO34,0.3,main
main_NINO34_NINO4_r300_s13_n410_6ec16a67,multiscale_equal,1,0.3333333333333333,,13,NINO4,NINO34,0.3,main
main_NINO34_NINO4_r300_s13_n410_6ec16a67,multiscale_equal,3,0.3333333333333333,,13,NINO4,NINO34,0.3,main
main_NINO34_NINO4_r300_s13_n410_6ec16a67,multiscale_equal,6,0.3333333333333333,,13,NINO4,NINO34,0.3,main
main_NINO34_NINO4_r300_s13_n410_6ec16a67,multiscale_weighted,1,0.3459692847746031,0.08492621311464559,13,NINO4,NINO34,0.3,main
main_NINO34_NINO4_r300_s13_n410_6ec16a67,multiscale_weighted,3,0.32995129766663234,0.08904908566159181,13,NINO4,NINO34,0.3,main
main_NINO34_NINO4_r300_s13_n410_6ec16a67,multiscale_weighted,6,0.32407941755876457,0.09066253466547403,13,NINO4,NINO34,0.3,main
main_NINO34_NINO4_r300_s14_n410_70e24b3c,multiscale_equal,1,0.3333333333333333,,14,NINO4,NINO34,0.3,main
main_NINO34_NINO4_r300_s14_n410_70e24b3c,multiscale_equal,3,0.3333333333333333,,14,NINO4,NINO34,0.3,main
main_NINO34_NINO4_r300_s14_n410_70e24b3c,multiscale_equal,6,0.3333333333333333,,14,NINO4,NINO34,0.3,main
main_NINO34_NINO4_r300_s14_n410_70e24b3c,multiscale_weighted,1,0.3500302639313471,0.08579746993710573,14,NINO4,NINO34,0.3,main
main_NINO34_NINO4_r300_s14_n410_70e24b3c,multiscale_weighted,3,0.3346143307771774,0.08975022417938414,14,NINO4,NINO34,0.3,main
main_NINO34_NINO4_r300_s14_n410_70e24b3c,multiscale_weighted,6,0.31535540529147554,0.09523131961450898,14,NINO4,NINO34,0.3,main
main_NINO34_NINO4_r300_s15_n410_d35cc90f,multiscale_equal,1,0.3333333333333333,,15,NINO4,NINO34,0.3,main
main_NINO34_NINO4_r300_s15_n410_d35cc90f,multiscale_equal,3,0.3333333333333333,,15,NINO4,NINO34,0.3,main
main_NINO34_NINO4_r300_s15_n410_d35cc90f,multiscale_equal,6,0.3333333333333333,,15,NINO4,NINO34,0.3,main
main_NINO34_NINO4_r300_s15_n410_d35cc90f,multiscale_weighted,1,0.35368047533271846,0.0888628267584738,15,NINO4,NINO34,0.3,main
main_NINO34_NINO4_r300_s15_n410_d35cc90f,multiscale_weighted,3,0.3188581379106939,0.09856749262072176,15,NINO4,NINO34,0.3,main
main_NINO34_NINO4_r300_s15_n410_d35cc90f,multiscale_weighted,6,0.32746138675658765,0.09597787201976003,15,NINO4,NINO34,0.3,main
main_NINO34_NINO4_r300_s16_n410_943d2dda,multiscale_equal,1,0.3333333333333333,,16,NINO4,NINO34,0.3,main
main_NINO34_NINO4_r300_s16_n410_943d2dda,multiscale_equal,3,0.3333333333333333,,16,NINO4,NINO34,0.3,main
main_NINO34_NINO4_r300_s16_n410_943d2dda,multiscale_equal,6,0.3333333333333333,,16,NINO4,NINO34,0.3,main
main_NINO34_NINO4_r300_s16_n410_943d2dda,multiscale_weighted,1,0.3427590286494103,0.09203149852127569,16,NINO4,NINO34,0.3,main
main_NINO34_NINO4_r300_s16_n410_943d2dda,multiscale_weighted,3,0.3450817148484008,0.0914120501253833,16,NINO4,NINO34,0.3,main
main_NINO34_NINO4_r300_s16_n410_943d2dda,multiscale_weighted,6,0.31215925650218884,0.10105299358335265,16,NINO4,NINO34,0.3,main
main_NINO34_NINO4_r300_s17_n410_702dc540,multiscale_equal,1,0.3333333333333333,,17,NINO4,NINO34,0.3,main
main_NINO34_NINO4_r300_s17_n410_702dc540,multiscale_equal,3,0.3333333333333333,,17,NINO4,NINO34,0.3,main
main_NINO34_NINO4_r300_s17_n410_702dc540,multiscale_equal,6,0.3333333333333333,,17,NINO4,NINO34,0.3,main
main_NINO34_NINO4_r300_s17_n410_702dc540,multiscale_weighted,1,0.3510680007487193,0.09012845476015599,17,NINO4,NINO34,0.3,main
main_NINO34_NINO4_r300_s17_n410_702dc540,multiscale_weighted,3,0.3282713115428935,0.09638739523862369,17,NINO4,NINO34,0.3,main
main_NINO34_NINO4_r300_s17_n410_702dc540,multiscale_weighted,6,0.3206606877083872,0.09867507287350236,17,NINO4,NINO34,0.3,main
main_NINO34_NINO4_r300_s18_n410_2db2582f,multiscale_equal,1,0.3333333333333333,,18,NINO4,NINO34,0.3,main
main_NINO34_NINO4_r300_s18_n410_2db2582f,multiscale_equal,3,0.3333333333333333,,18,NINO4,NINO34,0.3,main
main_NINO34_NINO4_r300_s18_n410_2db2582f,multiscale_equal,6,0.3333333333333333,,18,NINO4,NINO34,0.3,main
main_NINO34_NINO4_r300_s18_n410_2db2582f,multiscale_weighted,1,0.35521743012305385,0.09134853038963879,18,NINO4,NINO34,0.3,main
main_NINO34_NINO4_r300_s18_n410_2db2582f,multiscale_weighted,3,0.3275729970932654,0.09905758647661322,18,NINO4,NINO34,0.3,main
main_NINO34_NINO4_r300_s18_n410_2db2582f,multiscale_weighted,6,0.3172095727836807,0.10229385672648625,18,NINO4,NINO34,0.3,main
main_NINO34_NINO4_r300_s19_n410_e96db442,multiscale_equal,1,0.3333333333333333,,19,NINO4,NINO34,0.3,main
main_NINO34_NINO4_r300_s19_n410_e96db442,multiscale_equal,3,0.3333333333333333,,19,NINO4,NINO34,0.3,main
main_NINO34_NINO4_r300_s19_n410_e96db442,multiscale_equal,6,0.3333333333333333,,19,NINO4,NINO34,0.3,main
main_NINO34_NINO4_r300_s19_n410_e96db442,multiscale_weighted,1,0.34976398345715703,0.09493406930787608,19,NINO4,NINO34,0.3,main
main_NINO34_NINO4_r300_s19_n410_e96db442,multiscale_weighted,3,0.3400156625794062,0.09765584941737589,19,NINO4,NINO34,0.3,main
main_NINO34_NINO4_r300_s19_n410_e96db442,multiscale_weighted,6,0.3102203539634367,0.10703526773188592,19,NINO4,NINO34,0.3,main
main_NINO34_NINO4_r500_s00_n410_ba31e674,multiscale_equal,1,0.3333333333333333,,0,NINO4,NINO34,0.5,main
main_NINO34_NINO4_r500_s00_n410_ba31e674,multiscale_equal,3,0.3333333333333333,,0,NINO4,NINO34,0.5,main
main_NINO34_NINO4_r500_s00_n410_ba31e674,multiscale_equal,6,0.3333333333333333,,0,NINO4,NINO34,0.5,main
main_NINO34_NINO4_r500_s00_n410_ba31e674,multiscale_weighted,1,0.33992150423118994,0.11999159847031939,0,NINO4,NINO34,0.5,main
main_NINO34_NINO4_r500_s00_n410_ba31e674,multiscale_weighted,3,0.33919047938639496,0.12025020492388908,0,NINO4,NINO34,0.5,main
main_NINO34_NINO4_r500_s00_n410_ba31e674,multiscale_weighted,6,0.32088801638241515,0.127108906394505,0,NINO4,NINO34,0.5,main
main_NINO34_NINO4_r500_s01_n410_38c410ec,multiscale_equal,1,0.3333333333333333,,1,NINO4,NINO34,0.5,main
main_NINO34_NINO4_r500_s01_n410_38c410ec,multiscale_equal,3,0.3333333333333333,,1,NINO4,NINO34,0.5,main
main_NINO34_NINO4_r500_s01_n410_38c410ec,multiscale_equal,6,0.3333333333333333,,1,NINO4,NINO34,0.5,main
main_NINO34_NINO4_r500_s01_n410_38c410ec,multiscale_weighted,1,0.36298326916503604,0.09064613345776616,1,NINO4,NINO34,0.5,main
main_NINO34_NINO4_r500_s01_n410_38c410ec,multiscale_weighted,3,0.3358366903396846,0.0979733039229748,1,NINO4,NINO34,0.5,main
main_NINO34_NINO4_r500_s01_n410_38c410ec,multiscale_weighted,6,0.30118004049527936,0.1092470484551187,1,NINO4,NINO34,0.5,main
main_NINO34_NINO4_r500_s02_n410_cb63623e,multiscale_equal,1,0.3333333333333333,,2,NINO4,NINO34,0.5,main
main_NINO34_NINO4_r500_s02_n410_cb63623e,multiscale_equal,3,0.3333333333333333,,2,NINO4,NINO34,0.5,main
main_NINO34_NINO4_r500_s02_n410_cb63623e,multiscale_equal,6,0.3333333333333333,,2,NINO4,NINO34,0.5,main
main_NINO34_NINO4_r500_s02_n410_cb63623e,multiscale_weighted,1,0.3836131539340174,0.08826971623689771,2,NINO4,NINO34,0.5,main
main_NINO34_NINO4_r500_s02_n410_cb63623e,multiscale_weighted,3,0.3252154260873475,0.10411998358706309,2,NINO4,NINO34,0.5,main
main_NINO34_NINO4_r500_s02_n410_cb63623e,multiscale_weighted,6,0.291171419978635,0.11629378037651851,2,NINO4,NINO34,0.5,main
main_NINO34_NINO4_r500_s03_n410_1dcaa8e0,multiscale_equal,1,0.3333333333333333,,3,NINO4,NINO34,0.5,main
main_NINO34_NINO4_r500_s03_n410_1dcaa8e0,multiscale_equal,3,0.3333333333333333,,3,NINO4,NINO34,0.5,main
main_NINO34_NINO4_r500_s03_n410_1dcaa8e0,multiscale_equal,6,0.3333333333333333,,3,NINO4,NINO34,0.5,main
main_NINO34_NINO4_r500_s03_n410_1dcaa8e0,multiscale_weighted,1,0.3492404057728038,0.11247182940587673,3,NINO4,NINO34,0.5,main
main_NINO34_NINO4_r500_s03_n410_1dcaa8e0,multiscale_weighted,3,0.321691924694334,0.12210349281389532,3,NINO4,NINO34,0.5,main
main_NINO34_NINO4_r500_s03_n410_1dcaa8e0,multiscale_weighted,6,0.3290676695328622,0.1193666567037898,3,NINO4,NINO34,0.5,main
main_NINO34_NINO4_r500_s04_n410_4a746619,multiscale_equal,1,0.3333333333333333,,4,NINO4,NINO34,0.5,main
main_NINO34_NINO4_r500_s04_n410_4a746619,multiscale_equal,3,0.3333333333333333,,4,NINO4,NINO34,0.5,main
main_NINO34_NINO4_r500_s04_n410_4a746619,multiscale_equal,6,0.3333333333333333,,4,NINO4,NINO34,0.5,main
main_NINO34_NINO4_r500_s04_n410_4a746619,multiscale_weighted,1,0.3616431316827555,0.08784779559531086,4,NINO4,NINO34,0.5,main
main_NINO34_NINO4_r500_s04_n410_4a746619,multiscale_weighted,3,0.3421094285420874,0.09286371393281677,4,NINO4,NINO34,0.5,main
main_NINO34_NINO4_r500_s04_n410_4a746619,multiscale_weighted,6,0.296247439775157,0.1072399227773373,4,NINO4,NINO34,0.5,main
main_NINO34_NINO4_r500_s05_n410_8de79ce0,multiscale_equal,1,0.3333333333333333,,5,NINO4,NINO34,0.5,main
main_NINO34_NINO4_r500_s05_n410_8de79ce0,multiscale_equal,3,0.3333333333333333,,5,NINO4,NINO34,0.5,main
main_NINO34_NINO4_r500_s05_n410_8de79ce0,multiscale_equal,6,0.3333333333333333,,5,NINO4,NINO34,0.5,main
main_NINO34_NINO4_r500_s05_n410_8de79ce0,multiscale_weighted,1,0.33134377689628736,0.10662100886636201,5,NINO4,NINO34,0.5,main
main_NINO34_NINO4_r500_s05_n410_8de79ce0,multiscale_weighted,3,0.34054019165750116,0.10374166852481302,5,NINO4,NINO34,0.5,main
main_NINO34_NINO4_r500_s05_n410_8de79ce0,multiscale_weighted,6,0.3281160314462115,0.10766986194132909,5,NINO4,NINO34,0.5,main
main_NINO34_NINO4_r500_s06_n410_6e286b1e,multiscale_equal,1,0.3333333333333333,,6,NINO4,NINO34,0.5,main
main_NINO34_NINO4_r500_s06_n410_6e286b1e,multiscale_equal,3,0.3333333333333333,,6,NINO4,NINO34,0.5,main
main_NINO34_NINO4_r500_s06_n410_6e286b1e,multiscale_equal,6,0.3333333333333333,,6,NINO4,NINO34,0.5,main
main_NINO34_NINO4_r500_s06_n410_6e286b1e,multiscale_weighted,1,0.34499928149524284,0.08246419043941365,6,NINO4,NINO34,0.5,main
main_NINO34_NINO4_r500_s06_n410_6e286b1e,multiscale_weighted,3,0.31839782418638674,0.08935389803431813,6,NINO4,NINO34,0.5,main
main_NINO34_NINO4_r500_s06_n410_6e286b1e,multiscale_weighted,6,0.3366028943183705,0.08452121777580258,6,NINO4,NINO34,0.5,main
main_NINO34_NINO4_r500_s07_n410_a133c2c0,multiscale_equal,1,0.3333333333333333,,7,NINO4,NINO34,0.5,main
main_NINO34_NINO4_r500_s07_n410_a133c2c0,multiscale_equal,3,0.3333333333333333,,7,NINO4,NINO34,0.5,main
main_NINO34_NINO4_r500_s07_n410_a133c2c0,multiscale_equal,6,0.3333333333333333,,7,NINO4,NINO34,0.5,main
main_NINO34_NINO4_r500_s07_n410_a133c2c0,multiscale_weighted,1,0.35250825731609015,0.06578600556024687,7,NINO4,NINO34,0.5,main
main_NINO34_NINO4_r500_s07_n410_a133c2c0,multiscale_weighted,3,0.3168704750870186,0.07318482583724036,7,NINO4,NINO34,0.5,main
main_NINO34_NINO4_r500_s07_n410_a133c2c0,multiscale_weighted,6,0.33062126759689126,0.07014101229257155,7,NINO4,NINO34,0.5,main
main_NINO34_NINO4_r500_s08_n410_8f880e5f,multiscale_equal,1,0.3333333333333333,,8,NINO4,NINO34,0.5,main
main_NINO34_NINO4_r500_s08_n410_8f880e5f,multiscale_equal,3,0.3333333333333333,,8,NINO4,NINO34,0.5,main
main_NINO34_NINO4_r500_s08_n410_8f880e5f,multiscale_equal,6,0.3333333333333333,,8,NINO4,NINO34,0.5,main
main_NINO34_NINO4_r500_s08_n410_8f880e5f,multiscale_weighted,1,0.33045219864624775,0.10008347929107292,8,NINO4,NINO34,0.5,main
main_NINO34_NINO4_r500_s08_n410_8f880e5f,multiscale_weighted,3,0.34485158861042964,0.09590446072518717,8,NINO4,NINO34,0.5,main
main_NINO34_NINO4_r500_s08_n410_8f880e5f,multiscale_weighted,6,0.32469621274332255,0.10185768893955559,8,NINO4,NINO34,0.5,main
main_NINO34_NINO4_r500_s09_n410_21c3efac,multiscale_equal,1,0.3333333333333333,,9,NINO4,NINO34,0.5,main
main_NINO34_NINO4_r500_s09_n410_21c3efac,multiscale_equal,3,0.3333333333333333,,9,NINO4,NINO34,0.5,main
main_NINO34_NINO4_r500_s09_n410_21c3efac,multiscale_equal,6,0.3333333333333333,,9,NINO4,NINO34,0.5,main
main_NINO34_NINO4_r500_s09_n410_21c3efac,multiscale_weighted,1,0.3498270721002253,0.08838309905154962,9,NINO4,NINO34,0.5,main
main_NINO34_NINO4_r500_s09_n410_21c3efac,multiscale_weighted,3,0.3352731840246596,0.0922197252363988,9,NINO4,NINO34,0.5,main
main_NINO34_NINO4_r500_s09_n410_21c3efac,multiscale_weighted,6,0.31489974387511505,0.09818617421893827,9,NINO4,NINO34,0.5,main
main_NINO34_NINO4_r500_s10_n410_27785115,multiscale_equal,1,0.3333333333333333,,10,NINO4,NINO34,0.5,main
main_NINO34_NINO4_r500_s10_n410_27785115,multiscale_equal,3,0.3333333333333333,,10,NINO4,NINO34,0.5,main
main_NINO34_NINO4_r500_s10_n410_27785115,multiscale_equal,6,0.3333333333333333,,10,NINO4,NINO34,0.5,main
main_NINO34_NINO4_r500_s10_n410_27785115,multiscale_weighted,1,0.32820086067915016,0.0911965368788813,10,NINO4,NINO34,0.5,main
main_NINO34_NINO4_r500_s10_n410_27785115,multiscale_weighted,3,0.32997483749248513,0.0907062553748468,10,NINO4,NINO34,0.5,main
main_NINO34_NINO4_r500_s10_n410_27785115,multiscale_weighted,6,0.34182430182836476,0.08756188953879877,10,NINO4,NINO34,0.5,main
main_NINO34_NINO4_r500_s11_n410_24c12d3f,multiscale_equal,1,0.3333333333333333,,11,NINO4,NINO34,0.5,main
main_NINO34_NINO4_r500_s11_n410_24c12d3f,multiscale_equal,3,0.3333333333333333,,11,NINO4,NINO34,0.5,main
main_NINO34_NINO4_r500_s11_n410_24c12d3f,multiscale_equal,6,0.3333333333333333,,11,NINO4,NINO34,0.5,main
main_NINO34_NINO4_r500_s11_n410_24c12d3f,multiscale_weighted,1,0.33080284843872426,0.08396258562740767,11,NINO4,NINO34,0.5,main
main_NINO34_NINO4_r500_s11_n410_24c12d3f,multiscale_weighted,3,0.3435305458393713,0.08085179817906758,11,NINO4,NINO34,0.5,main
main_NINO34_NINO4_r500_s11_n410_24c12d3f,multiscale_weighted,6,0.3256666057219045,0.08528679960175915,11,NINO4,NINO34,0.5,main
main_NINO34_NINO4_r500_s12_n410_86cecf03,multiscale_equal,1,0.3333333333333333,,12,NINO4,NINO34,0.5,main
main_NINO34_NINO4_r500_s12_n410_86cecf03,multiscale_equal,3,0.3333333333333333,,12,NINO4,NINO34,0.5,main
main_NINO34_NINO4_r500_s12_n410_86cecf03,multiscale_equal,6,0.3333333333333333,,12,NINO4,NINO34,0.5,main
main_NINO34_NINO4_r500_s12_n410_86cecf03,multiscale_weighted,1,0.3473093020242526,0.09318629910415875,12,NINO4,NINO34,0.5,main
main_NINO34_NINO4_r500_s12_n410_86cecf03,multiscale_weighted,3,0.33714270807550833,0.09599634761937674,12,NINO4,NINO34,0.5,main
main_NINO34_NINO4_r500_s12_n410_86cecf03,multiscale_weighted,6,0.3155479899002391,0.10256591660727678,12,NINO4,NINO34,0.5,main
main_NINO34_NINO4_r500_s13_n410_d2e432e0,multiscale_equal,1,0.3333333333333333,,13,NINO4,NINO34,0.5,main
main_NINO34_NINO4_r500_s13_n410_d2e432e0,multiscale_equal,3,0.3333333333333333,,13,NINO4,NINO34,0.5,main
main_NINO34_NINO4_r500_s13_n410_d2e432e0,multiscale_equal,6,0.3333333333333333,,13,NINO4,NINO34,0.5,main
main_NINO34_NINO4_r500_s13_n410_d2e432e0,multiscale_weighted,1,0.34354864740454394,0.09499663679547066,13,NINO4,NINO34,0.5,main
main_NINO34_NINO4_r500_s13_n410_d2e432e0,multiscale_weighted,3,0.3409818239496646,0.09571174711515004,13,NINO4,NINO34,0.5,main
main_NINO34_NINO4_r500_s13_n410_d2e432e0,multiscale_weighted,6,0.31546952864579153,0.10345204020163688,13,NINO4,NINO34,0.5,main
main_NINO34_NINO4_r500_s14_n410_4f603e56,multiscale_equal,1,0.3333333333333333,,14,NINO4,NINO34,0.5,main
main_NINO34_NINO4_r500_s14_n410_4f603e56,multiscale_equal,3,0.3333333333333333,,14,NINO4,NINO34,0.5,main
main_NINO34_NINO4_r500_s14_n410_4f603e56,multiscale_equal,6,0.3333333333333333,,14,NINO4,NINO34,0.5,main
main_NINO34_NINO4_r500_s14_n410_4f603e56,multiscale_weighted,1,0.35329513276127744,0.09985536964383802,14,NINO4,NINO34,0.5,main
main_NINO34_NINO4_r500_s14_n410_4f603e56,multiscale_weighted,3,0.33468231387531,0.10540866606568815,14,NINO4,NINO34,0.5,main
main_NINO34_NINO4_r500_s14_n410_4f603e56,multiscale_weighted,6,0.31202255336341245,0.11306367474944426,14,NINO4,NINO34,0.5,main
main_NINO34_NINO4_r500_s15_n410_e3e9b531,multiscale_equal,1,0.3333333333333333,,15,NINO4,NINO34,0.5,main
main_NINO34_NINO4_r500_s15_n410_e3e9b531,multiscale_equal,3,0.3333333333333333,,15,NINO4,NINO34,0.5,main
main_NINO34_NINO4_r500_s15_n410_e3e9b531,multiscale_equal,6,0.3333333333333333,,15,NINO4,NINO34,0.5,main
main_NINO34_NINO4_r500_s15_n410_e3e9b531,multiscale_weighted,1,0.3524607507125313,0.1013409673588376,15,NINO4,NINO34,0.5,main
main_NINO34_NINO4_r500_s15_n410_e3e9b531,multiscale_weighted,3,0.31503692553549406,0.11337945146193343,15,NINO4,NINO34,0.5,main
main_NINO34_NINO4_r500_s15_n410_e3e9b531,multiscale_weighted,6,0.3325023237519747,0.10742395189832767,15,NINO4,NINO34,0.5,main
main_NINO34_NINO4_r500_s16_n410_5a44fc26,multiscale_equal,1,0.3333333333333333,,16,NINO4,NINO34,0.5,main
main_NINO34_NINO4_r500_s16_n410_5a44fc26,multiscale_equal,3,0.3333333333333333,,16,NINO4,NINO34,0.5,main
main_NINO34_NINO4_r500_s16_n410_5a44fc26,multiscale_equal,6,0.3333333333333333,,16,NINO4,NINO34,0.5,main
main_NINO34_NINO4_r500_s16_n410_5a44fc26,multiscale_weighted,1,0.3310457457443993,0.10471849805095164,16,NINO4,NINO34,0.5,main
main_NINO34_NINO4_r500_s16_n410_5a44fc26,multiscale_weighted,3,0.3352968308779775,0.10339081686881754,16,NINO4,NINO34,0.5,main
main_NINO34_NINO4_r500_s16_n410_5a44fc26,multiscale_weighted,6,0.3336574233776232,0.10389882204167036,16,NINO4,NINO34,0.5,main
main_NINO34_NINO4_r500_s17_n410_97a20063,multiscale_equal,1,0.3333333333333333,,17,NINO4,NINO34,0.5,main
main_NINO34_NINO4_r500_s17_n410_97a20063,multiscale_equal,3,0.3333333333333333,,17,NINO4,NINO34,0.5,main
main_NINO34_NINO4_r500_s17_n410_97a20063,multiscale_equal,6,0.3333333333333333,,17,NINO4,NINO34,0.5,main
main_NINO34_NINO4_r500_s17_n410_97a20063,multiscale_weighted,1,0.36068469226996763,0.0791150016283872,17,NINO4,NINO34,0.5,main
main_NINO34_NINO4_r500_s17_n410_97a20063,multiscale_weighted,3,0.3387209623836157,0.08424506719366365,17,NINO4,NINO34,0.5,main
main_NINO34_NINO4_r500_s17_n410_97a20063,multiscale_weighted,6,0.3005943453464166,0.09493049706005213,17,NINO4,NINO34,0.5,main
main_NINO34_NINO4_r500_s18_n410_c5c01978,multiscale_equal,1,0.3333333333333333,,18,NINO4,NINO34,0.5,main
main_NINO34_NINO4_r500_s18_n410_c5c01978,multiscale_equal,3,0.3333333333333333,,18,NINO4,NINO34,0.5,main
main_NINO34_NINO4_r500_s18_n410_c5c01978,multiscale_equal,6,0.3333333333333333,,18,NINO4,NINO34,0.5,main
main_NINO34_NINO4_r500_s18_n410_c5c01978,multiscale_weighted,1,0.33376155912489164,0.10304470327697009,18,NINO4,NINO34,0.5,main
main_NINO34_NINO4_r500_s18_n410_c5c01978,multiscale_weighted,3,0.3318680647904343,0.10363263143724347,18,NINO4,NINO34,0.5,main
main_NINO34_NINO4_r500_s18_n410_c5c01978,multiscale_weighted,6,0.33437037608467396,0.10285708088711149,18,NINO4,NINO34,0.5,main
main_NINO34_NINO4_r500_s19_n410_8c90651c,multiscale_equal,1,0.3333333333333333,,19,NINO4,NINO34,0.5,main
main_NINO34_NINO4_r500_s19_n410_8c90651c,multiscale_equal,3,0.3333333333333333,,19,NINO4,NINO34,0.5,main
main_NINO34_NINO4_r500_s19_n410_8c90651c,multiscale_equal,6,0.3333333333333333,,19,NINO4,NINO34,0.5,main
main_NINO34_NINO4_r500_s19_n410_8c90651c,multiscale_weighted,1,0.36622435253952473,0.08372618895715414,19,NINO4,NINO34,0.5,main
main_NINO34_NINO4_r500_s19_n410_8c90651c,multiscale_weighted,3,0.3311543732910902,0.0925929782759733,19,NINO4,NINO34,0.5,main
main_NINO34_NINO4_r500_s19_n410_8c90651c,multiscale_weighted,6,0.30262127416938495,0.10132324656165391,19,NINO4,NINO34,0.5,main
main_NINO34_NINO4_r700_s00_n410_b21b8a34,multiscale_equal,1,0.3333333333333333,,0,NINO4,NINO34,0.7,main
main_NINO34_NINO4_r700_s00_n410_b21b8a34,multiscale_equal,3,0.3333333333333333,,0,NINO4,NINO34,0.7,main
main_NINO34_NINO4_r700_s00_n410_b21b8a34,multiscale_equal,6,0.3333333333333333,,0,NINO4,NINO34,0.7,main
main_NINO34_NINO4_r700_s00_n410_b21b8a34,multiscale_weighted,1,0.3726007781120526,0.1363121945055814,0,NINO4,NINO34,0.7,main
main_NINO34_NINO4_r700_s00_n410_b21b8a34,multiscale_weighted,3,0.3279357065590143,0.1548780116643132,0,NINO4,NINO34,0.7,main
main_NINO34_NINO4_r700_s00_n410_b21b8a34,multiscale_weighted,6,0.29946351532893306,0.16960340031581328,0,NINO4,NINO34,0.7,main
main_NINO34_NINO4_r700_s01_n410_86543829,multiscale_equal,1,0.3333333333333333,,1,NINO4,NINO34,0.7,main
main_NINO34_NINO4_r700_s01_n410_86543829,multiscale_equal,3,0.3333333333333333,,1,NINO4,NINO34,0.7,main
main_NINO34_NINO4_r700_s01_n410_86543829,multiscale_equal,6,0.3333333333333333,,1,NINO4,NINO34,0.7,main
main_NINO34_NINO4_r700_s01_n410_86543829,multiscale_weighted,1,0.38230212817967696,0.09034020600666766,1,NINO4,NINO34,0.7,main
main_NINO34_NINO4_r700_s01_n410_86543829,multiscale_weighted,3,0.34217988620494455,0.10093303203998445,1,NINO4,NINO34,0.7,main
main_NINO34_NINO4_r700_s01_n410_86543829,multiscale_weighted,6,0.2755179856153785,0.12535390024444618,1,NINO4,NINO34,0.7,main
main_NINO34_NINO4_r700_s02_n410_cca5b722,multiscale_equal,1,0.3333333333333333,,2,NINO4,NINO34,0.7,main
main_NINO34_NINO4_r700_s02_n410_cca5b722,multiscale_equal,3,0.3333333333333333,,2,NINO4,NINO34,0.7,main
main_NINO34_NINO4_r700_s02_n410_cca5b722,multiscale_equal,6,0.3333333333333333,,2,NINO4,NINO34,0.7,main
main_NINO34_NINO4_r700_s02_n410_cca5b722,multiscale_weighted,1,0.37239188801327555,0.10761664870875347,2,NINO4,NINO34,0.7,main
main_NINO34_NINO4_r700_s02_n410_cca5b722,multiscale_weighted,3,0.3506427781181849,0.1142917228379296,2,NINO4,NINO34,0.7,main
main_NINO34_NINO4_r700_s02_n410_cca5b722,multiscale_weighted,6,0.2769653338685396,0.14469524900037264,2,NINO4,NINO34,0.7,main
main_NINO34_NINO4_r700_s03_n410_41866f82,multiscale_equal,1,0.3333333333333333,,3,NINO4,NINO34,0.7,main
main_NINO34_NINO4_r700_s03_n410_41866f82,multiscale_equal,3,0.3333333333333333,,3,NINO4,NINO34,0.7,main
main_NINO34_NINO4_r700_s03_n410_41866f82,multiscale_equal,6,0.3333333333333333,,3,NINO4,NINO34,0.7,main
main_NINO34_NINO4_r700_s03_n410_41866f82,multiscale_weighted,1,0.3557964309161354,0.12204187283338334,3,NINO4,NINO34,0.7,main
main_NINO34_NINO4_r700_s03_n410_41866f82,multiscale_weighted,3,0.3102047325857328,0.1399787258898601,3,NINO4,NINO34,0.7,main
main_NINO34_NINO4_r700_s03_n410_41866f82,multiscale_weighted,6,0.3339988364981318,0.13000662951308659,3,NINO4,NINO34,0.7,main
main_NINO34_NINO4_r700_s04_n410_896dd92b,multiscale_equal,1,0.3333333333333333,,4,NINO4,NINO34,0.7,main
main_NINO34_NINO4_r700_s04_n410_896dd92b,multiscale_equal,3,0.3333333333333333,,4,NINO4,NINO34,0.7,main
main_NINO34_NINO4_r700_s04_n410_896dd92b,multiscale_equal,6,0.3333333333333333,,4,NINO4,NINO34,0.7,main
main_NINO34_NINO4_r700_s04_n410_896dd92b,multiscale_weighted,1,0.35424162158317324,0.10656042859548773,4,NINO4,NINO34,0.7,main
main_NINO34_NINO4_r700_s04_n410_896dd92b,multiscale_weighted,3,0.3468258130776782,0.10883889743226002,4,NINO4,NINO34,0.7,main
main_NINO34_NINO4_r700_s04_n410_896dd92b,multiscale_weighted,6,0.2989325653391485,0.12627643807401048,4,NINO4,NINO34,0.7,main
main_NINO34_NINO4_r700_s05_n410_31c40596,multiscale_equal,1,0.3333333333333333,,5,NINO4,NINO34,0.7,main
main_NINO34_NINO4_r700_s05_n410_31c40596,multiscale_equal,3,0.3333333333333333,,5,NINO4,NINO34,0.7,main
main_NINO34_NINO4_r700_s05_n410_31c40596,multiscale_equal,6,0.3333333333333333,,5,NINO4,NINO34,0.7,main
main_NINO34_NINO4_r700_s05_n410_31c40596,multiscale_weighted,1,0.3342217269153263,0.11137169389883139,5,NINO4,NINO34,0.7,main
main_NINO34_NINO4_r700_s05_n410_31c40596,multiscale_weighted,3,0.35396031940776984,0.10516105231582501,5,NINO4,NINO34,0.7,main
main_NINO34_NINO4_r700_s05_n410_31c40596,multiscale_weighted,6,0.31181795367690385,0.11937362698159269,5,NINO4,NINO34,0.7,main
main_NINO34_NINO4_r700_s06_n410_a8f372ab,multiscale_equal,1,0.3333333333333333,,6,NINO4,NINO34,0.7,main
main_NINO34_NINO4_r700_s06_n410_a8f372ab,multiscale_equal,3,0.3333333333333333,,6,NINO4,NINO34,0.7,main
main_NINO34_NINO4_r700_s06_n410_a8f372ab,multiscale_equal,6,0.3333333333333333,,6,NINO4,NINO34,0.7,main
main_NINO34_NINO4_r700_s06_n410_a8f372ab,multiscale_weighted,1,0.34871669186972626,0.08294784687685272,6,NINO4,NINO34,0.7,main
main_NINO34_NINO4_r700_s06_n410_a8f372ab,multiscale_weighted,3,0.3109365700324376,0.09302636590927968,6,NINO4,NINO34,0.7,main
main_NINO34_NINO4_r700_s06_n410_a8f372ab,multiscale_weighted,6,0.3403467380978363,0.08498773634785751,6,NINO4,NINO34,0.7,main
main_NINO34_NINO4_r700_s07_n410_ab95d3e0,multiscale_equal,1,0.3333333333333333,,7,NINO4,NINO34,0.7,main
main_NINO34_NINO4_r700_s07_n410_ab95d3e0,multiscale_equal,3,0.3333333333333333,,7,NINO4,NINO34,0.7,main
main_NINO34_NINO4_r700_s07_n410_ab95d3e0,multiscale_equal,6,0.3333333333333333,,7,NINO4,NINO34,0.7,main
main_NINO34_NINO4_r700_s07_n410_ab95d3e0,multiscale_weighted,1,0.35777658956476754,0.07228100219985291,7,NINO4,NINO34,0.7,main
main_NINO34_NINO4_r700_s07_n410_ab95d3e0,multiscale_weighted,3,0.33075485069545346,0.07818615712885055,7,NINO4,NINO34,0.7,main
main_NINO34_NINO4_r700_s07_n410_ab95d3e0,multiscale_weighted,6,0.31146855973977894,0.0830274841931803,7,NINO4,NINO34,0.7,main
main_NINO34_NINO4_r700_s08_n410_ca06ded5,multiscale_equal,1,0.3333333333333333,,8,NINO4,NINO34,0.7,main
main_NINO34_NINO4_r700_s08_n410_ca06ded5,multiscale_equal,3,0.3333333333333333,,8,NINO4,NINO34,0.7,main
main_NINO34_NINO4_r700_s08_n410_ca06ded5,multiscale_equal,6,0.3333333333333333,,8,NINO4,NINO34,0.7,main
main_NINO34_NINO4_r700_s08_n410_ca06ded5,multiscale_weighted,1,0.3698042100835603,0.10113984709230694,8,NINO4,NINO34,0.7,main
main_NINO34_NINO4_r700_s08_n410_ca06ded5,multiscale_weighted,3,0.32099700354296246,0.11651804015986339,8,NINO4,NINO34,0.7,main
main_NINO34_NINO4_r700_s08_n410_ca06ded5,multiscale_weighted,6,0.3091987863734773,0.1209640642729417,8,NINO4,NINO34,0.7,main
main_NINO34_NINO4_r700_s09_n410_649579eb,multiscale_equal,1,0.3333333333333333,,9,NINO4,NINO34,0.7,main
main_NINO34_NINO4_r700_s09_n410_649579eb,multiscale_equal,3,0.3333333333333333,,9,NINO4,NINO34,0.7,main
main_NINO34_NINO4_r700_s09_n410_649579eb,multiscale_equal,6,0.3333333333333333,,9,NINO4,NINO34,0.7,main
main_NINO34_NINO4_r700_s09_n410_649579eb,multiscale_weighted,1,0.3529885088851709,0.08101853059035709,9,NINO4,NINO34,0.7,main
main_NINO34_NINO4_r700_s09_n410_649579eb,multiscale_weighted,3,0.33135710250843203,0.08630752232251931,9,NINO4,NINO34,0.7,main
main_NINO34_NINO4_r700_s09_n410_649579eb,multiscale_weighted,6,0.315654388606397,0.09060102349522468,9,NINO4,NINO34,0.7,main
main_NINO34_NINO4_r700_s10_n410_af185550,multiscale_equal,1,0.3333333333333333,,10,NINO4,NINO34,0.7,main
main_NINO34_NINO4_r700_s10_n410_af185550,multiscale_equal,3,0.3333333333333333,,10,NINO4,NINO34,0.7,main
main_NINO34_NINO4_r700_s10_n410_af185550,multiscale_equal,6,0.3333333333333333,,10,NINO4,NINO34,0.7,main
main_NINO34_NINO4_r700_s10_n410_af185550,multiscale_weighted,1,0.2994285350830194,0.12117008428829973,10,NINO4,NINO34,0.7,main
main_NINO34_NINO4_r700_s10_n410_af185550,multiscale_weighted,3,0.3308977794684781,0.10964649136636288,10,NINO4,NINO34,0.7,main
main_NINO34_NINO4_r700_s10_n410_af185550,multiscale_weighted,6,0.3696736854485025,0.09814542273373233,10,NINO4,NINO34,0.7,main
main_NINO34_NINO4_r700_s11_n410_6e9b2b67,multiscale_equal,1,0.3333333333333333,,11,NINO4,NINO34,0.7,main
main_NINO34_NINO4_r700_s11_n410_6e9b2b67,multiscale_equal,3,0.3333333333333333,,11,NINO4,NINO34,0.7,main
main_NINO34_NINO4_r700_s11_n410_6e9b2b67,multiscale_equal,6,0.3333333333333333,,11,NINO4,NINO34,0.7,main
main_NINO34_NINO4_r700_s11_n410_6e9b2b67,multiscale_weighted,1,0.3170530729416277,0.0853671930437654,11,NINO4,NINO34,0.7,main
main_NINO34_NINO4_r700_s11_n410_6e9b2b67,multiscale_weighted,3,0.35022144607308187,0.0772823333771379,11,NINO4,NINO34,0.7,main
main_NINO34_NINO4_r700_s11_n410_6e9b2b67,multiscale_weighted,6,0.3327254809852904,0.08134613148969932,11,NINO4,NINO34,0.7,main
main_NINO34_NINO4_r700_s12_n410_b2480d3b,multiscale_equal,1,0.3333333333333333,,12,NINO4,NINO34,0.7,main
main_NINO34_NINO4_r700_s12_n410_b2480d3b,multiscale_equal,3,0.3333333333333333,,12,NINO4,NINO34,0.7,main
main_NINO34_NINO4_r700_s12_n410_b2480d3b,multiscale_equal,6,0.3333333333333333,,12,NINO4,NINO34,0.7,main
main_NINO34_NINO4_r700_s12_n410_b2480d3b,multiscale_weighted,1,0.35715584126375105,0.09905653883881813,12,NINO4,NINO34,0.7,main
main_NINO34_NINO4_r700_s12_n410_b2480d3b,multiscale_weighted,3,0.33475321835539407,0.10568568051262074,12,NINO4,NINO34,0.7,main
main_NINO34_NINO4_r700_s12_n410_b2480d3b,multiscale_weighted,6,0.30809094038085494,0.11483175035451638,12,NINO4,NINO34,0.7,main
main_NINO34_NINO4_r700_s13_n410_9147e697,multiscale_equal,1,0.3333333333333333,,13,NINO4,NINO34,0.7,main
main_NINO34_NINO4_r700_s13_n410_9147e697,multiscale_equal,3,0.3333333333333333,,13,NINO4,NINO34,0.7,main
main_NINO34_NINO4_r700_s13_n410_9147e697,multiscale_equal,6,0.3333333333333333,,13,NINO4,NINO34,0.7,main
main_NINO34_NINO4_r700_s13_n410_9147e697,multiscale_weighted,1,0.33277333333628917,0.11169536196741059,13,NINO4,NINO34,0.7,main
main_NINO34_NINO4_r700_s13_n410_9147e697,multiscale_weighted,3,0.3351115819084372,0.1109160050065709,13,NINO4,NINO34,0.7,main
main_NINO34_NINO4_r700_s13_n410_9147e697,multiscale_weighted,6,0.3321150847552737,0.11191674101183949,13,NINO4,NINO34,0.7,main
main_NINO34_NINO4_r700_s14_n410_ee9185f0,multiscale_equal,1,0.3333333333333333,,14,NINO4,NINO34,0.7,main
main_NINO34_NINO4_r700_s14_n410_ee9185f0,multiscale_equal,3,0.3333333333333333,,14,NINO4,NINO34,0.7,main
main_NINO34_NINO4_r700_s14_n410_ee9185f0,multiscale_equal,6,0.3333333333333333,,14,NINO4,NINO34,0.7,main
main_NINO34_NINO4_r700_s14_n410_ee9185f0,multiscale_weighted,1,0.3532738058460947,0.11724259262023178,14,NINO4,NINO34,0.7,main
main_NINO34_NINO4_r700_s14_n410_ee9185f0,multiscale_weighted,3,0.3312252110403764,0.12504705481989875,14,NINO4,NINO34,0.7,main
main_NINO34_NINO4_r700_s14_n410_ee9185f0,multiscale_weighted,6,0.31550098311352887,0.13127926534871295,14,NINO4,NINO34,0.7,main
main_NINO34_NINO4_r700_s15_n410_b774b3e1,multiscale_equal,1,0.3333333333333333,,15,NINO4,NINO34,0.7,main
main_NINO34_NINO4_r700_s15_n410_b774b3e1,multiscale_equal,3,0.3333333333333333,,15,NINO4,NINO34,0.7,main
main_NINO34_NINO4_r700_s15_n410_b774b3e1,multiscale_equal,6,0.3333333333333333,,15,NINO4,NINO34,0.7,main
main_NINO34_NINO4_r700_s15_n410_b774b3e1,multiscale_weighted,1,0.35823551567740125,0.08420725056748199,15,NINO4,NINO34,0.7,main
main_NINO34_NINO4_r700_s15_n410_b774b3e1,multiscale_weighted,3,0.31935952976507936,0.09445789277610729,15,NINO4,NINO34,0.7,main
main_NINO34_NINO4_r700_s15_n410_b774b3e1,multiscale_weighted,6,0.3224049545575194,0.09356564706185935,15,NINO4,NINO34,0.7,main
main_NINO34_NINO4_r700_s16_n410_a543f788,multiscale_equal,1,0.3333333333333333,,16,NINO4,NINO34,0.7,main
main_NINO34_NINO4_r700_s16_n410_a543f788,multiscale_equal,3,0.3333333333333333,,16,NINO4,NINO34,0.7,main
main_NINO34_NINO4_r700_s16_n410_a543f788,multiscale_equal,6,0.3333333333333333,,16,NINO4,NINO34,0.7,main
main_NINO34_NINO4_r700_s16_n410_a543f788,multiscale_weighted,1,0.3426577512521593,0.07884077267808148,16,NINO4,NINO34,0.7,main
main_NINO34_NINO4_r700_s16_n410_a543f788,multiscale_weighted,3,0.34760838729684257,0.07771792284251683,16,NINO4,NINO34,0.7,main
main_NINO34_NINO4_r700_s16_n410_a543f788,multiscale_weighted,6,0.3097338614509982,0.08722133923470612,16,NINO4,NINO34,0.7,main
main_NINO34_NINO4_r700_s17_n410_de979df5,multiscale_equal,1,0.3333333333333333,,17,NINO4,NINO34,0.7,main
main_NINO34_NINO4_r700_s17_n410_de979df5,multiscale_equal,3,0.3333333333333333,,17,NINO4,NINO34,0.7,main
main_NINO34_NINO4_r700_s17_n410_de979df5,multiscale_equal,6,0.3333333333333333,,17,NINO4,NINO34,0.7,main
main_NINO34_NINO4_r700_s17_n410_de979df5,multiscale_weighted,1,0.36164132827387463,0.08759396768654723,17,NINO4,NINO34,0.7,main
main_NINO34_NINO4_r700_s17_n410_de979df5,multiscale_weighted,3,0.3221163767676398,0.09834209466798421,17,NINO4,NINO34,0.7,main
main_NINO34_NINO4_r700_s17_n410_de979df5,multiscale_weighted,6,0.3162422949584855,0.10016876231274055,17,NINO4,NINO34,0.7,main
main_NINO34_NINO4_r700_s18_n410_4929129f,multiscale_equal,1,0.3333333333333333,,18,NINO4,NINO34,0.7,main
main_NINO34_NINO4_r700_s18_n410_4929129f,multiscale_equal,3,0.3333333333333333,,18,NINO4,NINO34,0.7,main
main_NINO34_NINO4_r700_s18_n410_4929129f,multiscale_equal,6,0.3333333333333333,,18,NINO4,NINO34,0.7,main
main_NINO34_NINO4_r700_s18_n410_4929129f,multiscale_weighted,1,0.3312088647068116,0.11503560993370397,18,NINO4,NINO34,0.7,main
main_NINO34_NINO4_r700_s18_n410_4929129f,multiscale_weighted,3,0.36658557776966305,0.10393429453782409,18,NINO4,NINO34,0.7,main
main_NINO34_NINO4_r700_s18_n410_4929129f,multiscale_weighted,6,0.30220555752352535,0.12607582193145075,18,NINO4,NINO34,0.7,main
main_NINO34_NINO4_r700_s19_n410_522f98ac,multiscale_equal,1,0.3333333333333333,,19,NINO4,NINO34,0.7,main
main_NINO34_NINO4_r700_s19_n410_522f98ac,multiscale_equal,3,0.3333333333333333,,19,NINO4,NINO34,0.7,main
main_NINO34_NINO4_r700_s19_n410_522f98ac,multiscale_equal,6,0.3333333333333333,,19,NINO4,NINO34,0.7,main
main_NINO34_NINO4_r700_s19_n410_522f98ac,multiscale_weighted,1,0.38842849136348995,0.07763575973787723,19,NINO4,NINO34,0.7,main
main_NINO34_NINO4_r700_s19_n410_522f98ac,multiscale_weighted,3,0.3595000968596392,0.08388298524408981,19,NINO4,NINO34,0.7,main
main_NINO34_NINO4_r700_s19_n410_522f98ac,multiscale_weighted,6,0.2520714117768709,0.11963253659683677,19,NINO4,NINO34,0.7,main
main_NINO34_NINO4_r900_s00_n410_ba407f4e,multiscale_equal,1,0.3333333333333333,,0,NINO4,NINO34,0.9,main
main_NINO34_NINO4_r900_s00_n410_ba407f4e,multiscale_equal,3,0.3333333333333333,,0,NINO4,NINO34,0.9,main
main_NINO34_NINO4_r900_s00_n410_ba407f4e,multiscale_equal,6,0.3333333333333333,,0,NINO4,NINO34,0.9,main
main_NINO34_NINO4_r900_s00_n410_ba407f4e,multiscale_weighted,1,0.31908210144591215,0.14556685617950352,0,NINO4,NINO34,0.9,main
main_NINO34_NINO4_r900_s00_n410_ba407f4e,multiscale_weighted,3,0.35401664683852485,0.13120224270829642,0,NINO4,NINO34,0.9,main
main_NINO34_NINO4_r900_s00_n410_ba407f4e,multiscale_weighted,6,0.326901251715563,0.1420850426502912,0,NINO4,NINO34,0.9,main
main_NINO34_NINO4_r900_s01_n410_c2a0cb45,multiscale_equal,1,0.3333333333333333,,1,NINO4,NINO34,0.9,main
main_NINO34_NINO4_r900_s01_n410_c2a0cb45,multiscale_equal,3,0.3333333333333333,,1,NINO4,NINO34,0.9,main
main_NINO34_NINO4_r900_s01_n410_c2a0cb45,multiscale_equal,6,0.3333333333333333,,1,NINO4,NINO34,0.9,main
main_NINO34_NINO4_r900_s01_n410_c2a0cb45,multiscale_weighted,1,0.5034754579698341,0.08045851113511289,1,NINO4,NINO34,0.9,main
main_NINO34_NINO4_r900_s01_n410_c2a0cb45,multiscale_weighted,3,0.2217213460735933,0.18270179789282645,1,NINO4,NINO34,0.9,main
main_NINO34_NINO4_r900_s01_n410_c2a0cb45,multiscale_weighted,6,0.2748031959565725,0.14741054188629688,1,NINO4,NINO34,0.9,main
main_NINO34_NINO4_r900_s02_n410_878b3c4a,multiscale_equal,1,0.3333333333333333,,2,NINO4,NINO34,0.9,main
main_NINO34_NINO4_r900_s02_n410_878b3c4a,multiscale_equal,3,0.3333333333333333,,2,NINO4,NINO34,0.9,main
main_NINO34_NINO4_r900_s02_n410_878b3c4a,multiscale_equal,6,0.3333333333333333,,2,NINO4,NINO34,0.9,main
main_NINO34_NINO4_r900_s02_n410_878b3c4a,multiscale_weighted,1,0.34476407045637286,0.14185923328522332,2,NINO4,NINO34,0.9,main
main_NINO34_NINO4_r900_s02_n410_878b3c4a,multiscale_weighted,3,0.37333123353473535,0.13100421829295367,2,NINO4,NINO34,0.9,main
main_NINO34_NINO4_r900_s02_n410_878b3c4a,multiscale_weighted,6,0.28190469600889184,0.17349114087225018,2,NINO4,NINO34,0.9,main
main_NINO34_NINO4_r900_s03_n410_13cec139,multiscale_equal,1,0.3333333333333333,,3,NINO4,NINO34,0.9,main
main_NINO34_NINO4_r900_s03_n410_13cec139,multiscale_equal,3,0.3333333333333333,,3,NINO4,NINO34,0.9,main
main_NINO34_NINO4_r900_s03_n410_13cec139,multiscale_equal,6,0.3333333333333333,,3,NINO4,NINO34,0.9,main
main_NINO34_NINO4_r900_s03_n410_13cec139,multiscale_weighted,1,0.35773581002964305,0.13688077921124972,3,NINO4,NINO34,0.9,main
main_NINO34_NINO4_r900_s03_n410_13cec139,multiscale_weighted,3,0.32269656490195775,0.15174365675040538,3,NINO4,NINO34,0.9,main
main_NINO34_NINO4_r900_s03_n410_13cec139,multiscale_weighted,6,0.3195676250683992,0.1532294042609173,3,NINO4,NINO34,0.9,main
main_NINO34_NINO4_r900_s04_n410_069cd8ca,multiscale_equal,1,0.3333333333333333,,4,NINO4,NINO34,0.9,main
main_NINO34_NINO4_r900_s04_n410_069cd8ca,multiscale_equal,3,0.3333333333333333,,4,NINO4,NINO34,0.9,main
main_NINO34_NINO4_r900_s04_n410_069cd8ca,multiscale_equal,6,0.3333333333333333,,4,NINO4,NINO34,0.9,main
main_NINO34_NINO4_r900_s04_n410_069cd8ca,multiscale_weighted,1,0.41964710078208983,0.07632462603412044,4,NINO4,NINO34,0.9,main
main_NINO34_NINO4_r900_s04_n410_069cd8ca,multiscale_weighted,3,0.24421987143493887,0.13114989210163805,4,NINO4,NINO34,0.9,main
main_NINO34_NINO4_r900_s04_n410_069cd8ca,multiscale_weighted,6,0.33613302778297116,0.09528789562838438,4,NINO4,NINO34,0.9,main
main_NINO34_NINO4_r900_s05_n410_3568a9ed,multiscale_equal,1,0.3333333333333333,,5,NINO4,NINO34,0.9,main
main_NINO34_NINO4_r900_s05_n410_3568a9ed,multiscale_equal,3,0.3333333333333333,,5,NINO4,NINO34,0.9,main
main_NINO34_NINO4_r900_s05_n410_3568a9ed,multiscale_equal,6,0.3333333333333333,,5,NINO4,NINO34,0.9,main
main_NINO34_NINO4_r900_s05_n410_3568a9ed,multiscale_weighted,1,0.36438520913544153,0.09091281466973543,5,NINO4,NINO34,0.9,main
main_NINO34_NINO4_r900_s05_n410_3568a9ed,multiscale_weighted,3,0.32419431970182094,0.10218342325954703,5,NINO4,NINO34,0.9,main
main_NINO34_NINO4_r900_s05_n410_3568a9ed,multiscale_weighted,6,0.3114204711627376,0.10637478452358833,5,NINO4,NINO34,0.9,main
main_NINO34_NINO4_r900_s06_n410_62948350,multiscale_equal,1,0.3333333333333333,,6,NINO4,NINO34,0.9,main
main_NINO34_NINO4_r900_s06_n410_62948350,multiscale_equal,3,0.3333333333333333,,6,NINO4,NINO34,0.9,main
main_NINO34_NINO4_r900_s06_n410_62948350,multiscale_equal,6,0.3333333333333333,,6,NINO4,NINO34,0.9,main
main_NINO34_NINO4_r900_s06_n410_62948350,multiscale_weighted,1,0.3933847107670984,0.1242691768444189,6,NINO4,NINO34,0.9,main
main_NINO34_NINO4_r900_s06_n410_62948350,multiscale_weighted,3,0.3374222342950501,0.14487958937254017,6,NINO4,NINO34,0.9,main
main_NINO34_NINO4_r900_s06_n410_62948350,multiscale_weighted,6,0.26919305493785145,0.18160050764834887,6,NINO4,NINO34,0.9,main
main_NINO34_NINO4_r900_s07_n410_7a244084,multiscale_equal,1,0.3333333333333333,,7,NINO4,NINO34,0.9,main
main_NINO34_NINO4_r900_s07_n410_7a244084,multiscale_equal,3,0.3333333333333333,,7,NINO4,NINO34,0.9,main
main_NINO34_NINO4_r900_s07_n410_7a244084,multiscale_equal,6,0.3333333333333333,,7,NINO4,NINO34,0.9,main
main_NINO34_NINO4_r900_s07_n410_7a244084,multiscale_weighted,1,0.29232925286488454,0.06809677135556767,7,NINO4,NINO34,0.9,main
main_NINO34_NINO4_r900_s07_n410_7a244084,multiscale_weighted,3,0.34748492882280835,0.05728788816472135,7,NINO4,NINO34,0.9,main
main_NINO34_NINO4_r900_s07_n410_7a244084,multiscale_weighted,6,0.3601858183123071,0.0552677995696593,7,NINO4,NINO34,0.9,main
main_NINO34_NINO4_r900_s08_n410_c144666b,multiscale_equal,1,0.3333333333333333,,8,NINO4,NINO34,0.9,main
main_NINO34_NINO4_r900_s08_n410_c144666b,multiscale_equal,3,0.3333333333333333,,8,NINO4,NINO34,0.9,main
main_NINO34_NINO4_r900_s08_n410_c144666b,multiscale_equal,6,0.3333333333333333,,8,NINO4,NINO34,0.9,main
main_NINO34_NINO4_r900_s08_n410_c144666b,multiscale_weighted,1,0.39316862551289544,0.07447455671542338,8,NINO4,NINO34,0.9,main
main_NINO34_NINO4_r900_s08_n410_c144666b,multiscale_weighted,3,0.25001208056236157,0.11711858269083497,8,NINO4,NINO34,0.9,main
main_NINO34_NINO4_r900_s08_n410_c144666b,multiscale_weighted,6,0.35681929392474293,0.08206131215862503,8,NINO4,NINO34,0.9,main
main_NINO34_NINO4_r900_s09_n410_3bfeaa66,multiscale_equal,1,0.3333333333333333,,9,NINO4,NINO34,0.9,main
main_NINO34_NINO4_r900_s09_n410_3bfeaa66,multiscale_equal,3,0.3333333333333333,,9,NINO4,NINO34,0.9,main
main_NINO34_NINO4_r900_s09_n410_3bfeaa66,multiscale_equal,6,0.3333333333333333,,9,NINO4,NINO34,0.9,main
main_NINO34_NINO4_r900_s09_n410_3bfeaa66,multiscale_weighted,1,0.3754056809393662,0.09376015161762191,9,NINO4,NINO34,0.9,main
main_NINO34_NINO4_r900_s09_n410_3bfeaa66,multiscale_weighted,3,0.2830807141449961,0.12433942945407615,9,NINO4,NINO34,0.9,main
main_NINO34_NINO4_r900_s09_n410_3bfeaa66,multiscale_weighted,6,0.34151360491563765,0.10306498304981769,9,NINO4,NINO34,0.9,main
main_NINO34_NINO4_r900_s10_n410_3d81471c,multiscale_equal,1,0.3333333333333333,,10,NINO4,NINO34,0.9,main
main_NINO34_NINO4_r900_s10_n410_3d81471c,multiscale_equal,3,0.3333333333333333,,10,NINO4,NINO34,0.9,main
main_NINO34_NINO4_r900_s10_n410_3d81471c,multiscale_equal,6,0.3333333333333333,,10,NINO4,NINO34,0.9,main
main_NINO34_NINO4_r900_s10_n410_3d81471c,multiscale_weighted,1,0.3826863113968846,0.07257085615451166,10,NINO4,NINO34,0.9,main
main_NINO34_NINO4_r900_s10_n410_3d81471c,multiscale_weighted,3,0.3144354502035272,0.08832297351083172,10,NINO4,NINO34,0.9,main
main_NINO34_NINO4_r900_s10_n410_3d81471c,multiscale_weighted,6,0.3028782383995883,0.09169319724491123,10,NINO4,NINO34,0.9,main
main_NINO34_NINO4_r900_s11_n410_2ba5ccc9,multiscale_equal,1,0.3333333333333333,,11,NINO4,NINO34,0.9,main
main_NINO34_NINO4_r900_s11_n410_2ba5ccc9,multiscale_equal,3,0.3333333333333333,,11,NINO4,NINO34,0.9,main
main_NINO34_NINO4_r900_s11_n410_2ba5ccc9,multiscale_equal,6,0.3333333333333333,,11,NINO4,NINO34,0.9,main
main_NINO34_NINO4_r900_s11_n410_2ba5ccc9,multiscale_weighted,1,0.2833959928073012,0.1692520103698193,11,NINO4,NINO34,0.9,main
main_NINO34_NINO4_r900_s11_n410_2ba5ccc9,multiscale_weighted,3,0.3028910639372921,0.15835839029033286,11,NINO4,NINO34,0.9,main
main_NINO34_NINO4_r900_s11_n410_2ba5ccc9,multiscale_weighted,6,0.41371294325540664,0.11593869854007821,11,NINO4,NINO34,0.9,main
main_NINO34_NINO4_r900_s12_n410_2aa9b8d1,multiscale_equal,1,0.3333333333333333,,12,NINO4,NINO34,0.9,main
main_NINO34_NINO4_r900_s12_n410_2aa9b8d1,multiscale_equal,3,0.3333333333333333,,12,NINO4,NINO34,0.9,main
main_NINO34_NINO4_r900_s12_n410_2aa9b8d1,multiscale_equal,6,0.3333333333333333,,12,NINO4,NINO34,0.9,main
main_NINO34_NINO4_r900_s12_n410_2aa9b8d1,multiscale_weighted,1,0.3549184526024917,0.1073754998261919,12,NINO4,NINO34,0.9,main
main_NINO34_NINO4_r900_s12_n410_2aa9b8d1,multiscale_weighted,3,0.3200890297259801,0.11905920870405952,12,NINO4,NINO34,0.9,main
main_NINO34_NINO4_r900_s12_n410_2aa9b8d1,multiscale_weighted,6,0.32499251767152815,0.11726284290491894,12,NINO4,NINO34,0.9,main
main_NINO34_NINO4_r900_s13_n410_ff761fff,multiscale_equal,1,0.3333333333333333,,13,NINO4,NINO34,0.9,main
main_NINO34_NINO4_r900_s13_n410_ff761fff,multiscale_equal,3,0.3333333333333333,,13,NINO4,NINO34,0.9,main
main_NINO34_NINO4_r900_s13_n410_ff761fff,multiscale_equal,6,0.3333333333333333,,13,NINO4,NINO34,0.9,main
main_NINO34_NINO4_r900_s13_n410_ff761fff,multiscale_weighted,1,0.31160440839060416,0.12676236630936769,13,NINO4,NINO34,0.9,main
main_NINO34_NINO4_r900_s13_n410_ff761fff,multiscale_weighted,3,0.3331839904372372,0.11855225064203205,13,NINO4,NINO34,0.9,main
main_NINO34_NINO4_r900_s13_n410_ff761fff,multiscale_weighted,6,0.3552116011721587,0.11120051145178535,13,NINO4,NINO34,0.9,main
main_NINO34_NINO4_r900_s14_n410_d24f7163,multiscale_equal,1,0.3333333333333333,,14,NINO4,NINO34,0.9,main
main_NINO34_NINO4_r900_s14_n410_d24f7163,multiscale_equal,3,0.3333333333333333,,14,NINO4,NINO34,0.9,main
main_NINO34_NINO4_r900_s14_n410_d24f7163,multiscale_equal,6,0.3333333333333333,,14,NINO4,NINO34,0.9,main
main_NINO34_NINO4_r900_s14_n410_d24f7163,multiscale_weighted,1,0.403038947588197,0.1800916662230021,14,NINO4,NINO34,0.9,main
main_NINO34_NINO4_r900_s14_n410_d24f7163,multiscale_weighted,3,0.31842442686216116,0.2279471998594153,14,NINO4,NINO34,0.9,main
main_NINO34_NINO4_r900_s14_n410_d24f7163,multiscale_weighted,6,0.2785366255496419,0.26059035046366147,14,NINO4,NINO34,0.9,main
main_NINO34_NINO4_r900_s15_n410_d1542ef7,multiscale_equal,1,0.3333333333333333,,15,NINO4,NINO34,0.9,main
main_NINO34_NINO4_r900_s15_n410_d1542ef7,multiscale_equal,3,0.3333333333333333,,15,NINO4,NINO34,0.9,main
main_NINO34_NINO4_r900_s15_n410_d1542ef7,multiscale_equal,6,0.3333333333333333,,15,NINO4,NINO34,0.9,main
main_NINO34_NINO4_r900_s15_n410_d1542ef7,multiscale_weighted,1,0.36377393947553394,0.09184053160169849,15,NINO4,NINO34,0.9,main
main_NINO34_NINO4_r900_s15_n410_d1542ef7,multiscale_weighted,3,0.28697223502056285,0.11641959979124897,15,NINO4,NINO34,0.9,main
main_NINO34_NINO4_r900_s15_n410_d1542ef7,multiscale_weighted,6,0.3492538255039032,0.09565877218746426,15,NINO4,NINO34,0.9,main
main_NINO34_NINO4_r900_s16_n410_2681dac0,multiscale_equal,1,0.3333333333333333,,16,NINO4,NINO34,0.9,main
main_NINO34_NINO4_r900_s16_n410_2681dac0,multiscale_equal,3,0.3333333333333333,,16,NINO4,NINO34,0.9,main
main_NINO34_NINO4_r900_s16_n410_2681dac0,multiscale_equal,6,0.3333333333333333,,16,NINO4,NINO34,0.9,main
main_NINO34_NINO4_r900_s16_n410_2681dac0,multiscale_weighted,1,0.3809403954576703,0.0540852407860825,16,NINO4,NINO34,0.9,main
main_NINO34_NINO4_r900_s16_n410_2681dac0,multiscale_weighted,3,0.340827879579239,0.06045061055461191,16,NINO4,NINO34,0.9,main
main_NINO34_NINO4_r900_s16_n410_2681dac0,multiscale_weighted,6,0.2782317249630908,0.07405070016114605,16,NINO4,NINO34,0.9,main
main_NINO34_NINO4_r900_s17_n410_8a99ec61,multiscale_equal,1,0.3333333333333333,,17,NINO4,NINO34,0.9,main
main_NINO34_NINO4_r900_s17_n410_8a99ec61,multiscale_equal,3,0.3333333333333333,,17,NINO4,NINO34,0.9,main
main_NINO34_NINO4_r900_s17_n410_8a99ec61,multiscale_equal,6,0.3333333333333333,,17,NINO4,NINO34,0.9,main
main_NINO34_NINO4_r900_s17_n410_8a99ec61,multiscale_weighted,1,0.37204325545321754,0.13554707067915744,17,NINO4,NINO34,0.9,main
main_NINO34_NINO4_r900_s17_n410_8a99ec61,multiscale_weighted,3,0.35423133039792976,0.14236282703760267,17,NINO4,NINO34,0.9,main
main_NINO34_NINO4_r900_s17_n410_8a99ec61,multiscale_weighted,6,0.27372541414885276,0.18423343912953533,17,NINO4,NINO34,0.9,main
main_NINO34_NINO4_r900_s18_n410_a070f2d0,multiscale_equal,1,0.3333333333333333,,18,NINO4,NINO34,0.9,main
main_NINO34_NINO4_r900_s18_n410_a070f2d0,multiscale_equal,3,0.3333333333333333,,18,NINO4,NINO34,0.9,main
main_NINO34_NINO4_r900_s18_n410_a070f2d0,multiscale_equal,6,0.3333333333333333,,18,NINO4,NINO34,0.9,main
main_NINO34_NINO4_r900_s18_n410_a070f2d0,multiscale_weighted,1,0.40168759658306974,0.10100783271702969,18,NINO4,NINO34,0.9,main
main_NINO34_NINO4_r900_s18_n410_a070f2d0,multiscale_weighted,3,0.39971561701238156,0.10150615050557658,18,NINO4,NINO34,0.9,main
main_NINO34_NINO4_r900_s18_n410_a070f2d0,multiscale_weighted,6,0.19859678640454873,0.204301370256952,18,NINO4,NINO34,0.9,main
main_NINO34_NINO4_r900_s19_n410_74e34fee,multiscale_equal,1,0.3333333333333333,,19,NINO4,NINO34,0.9,main
main_NINO34_NINO4_r900_s19_n410_74e34fee,multiscale_equal,3,0.3333333333333333,,19,NINO4,NINO34,0.9,main
main_NINO34_NINO4_r900_s19_n410_74e34fee,multiscale_equal,6,0.3333333333333333,,19,NINO4,NINO34,0.9,main
main_NINO34_NINO4_r900_s19_n410_74e34fee,multiscale_weighted,1,0.38593629241683014,0.08419312243247663,19,NINO4,NINO34,0.9,main
main_NINO34_NINO4_r900_s19_n410_74e34fee,multiscale_weighted,3,0.32827953712179625,0.09898022392756822,19,NINO4,NINO34,0.9,main
main_NINO34_NINO4_r900_s19_n410_74e34fee,multiscale_weighted,6,0.28578417046137367,0.11369832859409285,19,NINO4,NINO34,0.9,main
main_NINO34_NINO3_r100_s00_n410_20c863dc,multiscale_equal,1,0.3333333333333333,,0,NINO3,NINO34,0.1,main
main_NINO34_NINO3_r100_s00_n410_20c863dc,multiscale_equal,3,0.3333333333333333,,0,NINO3,NINO34,0.1,main
main_NINO34_NINO3_r100_s00_n410_20c863dc,multiscale_equal,6,0.3333333333333333,,0,NINO3,NINO34,0.1,main
main_NINO34_NINO3_r100_s00_n410_20c863dc,multiscale_weighted,1,0.3595424866274565,0.10648670298105131,0,NINO3,NINO34,0.1,main
main_NINO34_NINO3_r100_s00_n410_20c863dc,multiscale_weighted,3,0.32939510835185076,0.11623273483206611,0,NINO3,NINO34,0.1,main
main_NINO34_NINO3_r100_s00_n410_20c863dc,multiscale_weighted,6,0.3110624050206927,0.12308300151161138,0,NINO3,NINO34,0.1,main
main_NINO34_NINO3_r100_s01_n410_e63d597b,multiscale_equal,1,0.3333333333333333,,1,NINO3,NINO34,0.1,main
main_NINO34_NINO3_r100_s01_n410_e63d597b,multiscale_equal,3,0.3333333333333333,,1,NINO3,NINO34,0.1,main
main_NINO34_NINO3_r100_s01_n410_e63d597b,multiscale_equal,6,0.3333333333333333,,1,NINO3,NINO34,0.1,main
main_NINO34_NINO3_r100_s01_n410_e63d597b,multiscale_weighted,1,0.3977365596412637,0.10099555452586262,1,NINO3,NINO34,0.1,main
main_NINO34_NINO3_r100_s01_n410_e63d597b,multiscale_weighted,3,0.34340685564938045,0.11697385849654852,1,NINO3,NINO34,0.1,main
main_NINO34_NINO3_r100_s01_n410_e63d597b,multiscale_weighted,6,0.2588565847093559,0.15518100816357616,1,NINO3,NINO34,0.1,main
main_NINO34_NINO3_r100_s02_n410_9eaa14c2,multiscale_equal,1,0.3333333333333333,,2,NINO3,NINO34,0.1,main
main_NINO34_NINO3_r100_s02_n410_9eaa14c2,multiscale_equal,3,0.3333333333333333,,2,NINO3,NINO34,0.1,main
main_NINO34_NINO3_r100_s02_n410_9eaa14c2,multiscale_equal,6,0.3333333333333333,,2,NINO3,NINO34,0.1,main
main_NINO34_NINO3_r100_s02_n410_9eaa14c2,multiscale_weighted,1,0.3932622514672025,0.10020953772888938,2,NINO3,NINO34,0.1,main
main_NINO34_NINO3_r100_s02_n410_9eaa14c2,multiscale_weighted,3,0.33880541935599573,0.11631640676004296,2,NINO3,NINO34,0.1,main
main_NINO34_NINO3_r100_s02_n410_9eaa14c2,multiscale_weighted,6,0.26793232917680176,0.14708426489677207,2,NINO3,NINO34,0.1,main
main_NINO34_NINO3_r100_s03_n410_ab94f408,multiscale_equal,1,0.3333333333333333,,3,NINO3,NINO34,0.1,main
main_NINO34_NINO3_r100_s03_n410_ab94f408,multiscale_equal,3,0.3333333333333333,,3,NINO3,NINO34,0.1,main
main_NINO34_NINO3_r100_s03_n410_ab94f408,multiscale_equal,6,0.3333333333333333,,3,NINO3,NINO34,0.1,main
main_NINO34_NINO3_r100_s03_n410_ab94f408,multiscale_weighted,1,0.3879448905859553,0.10611576235448171,3,NINO3,NINO34,0.1,main
main_NINO34_NINO3_r100_s03_n410_ab94f408,multiscale_weighted,3,0.3350569685853436,0.12286587716335781,3,NINO3,NINO34,0.1,main
main_NINO34_NINO3_r100_s03_n410_ab94f408,multiscale_weighted,6,0.27699814082870106,0.1486185748480541,3,NINO3,NINO34,0.1,main
main_NINO34_NINO3_r100_s04_n410_2bbcb9d9,multiscale_equal,1,0.3333333333333333,,4,NINO3,NINO34,0.1,main
main_NINO34_NINO3_r100_s04_n410_2bbcb9d9,multiscale_equal,3,0.3333333333333333,,4,NINO3,NINO34,0.1,main
main_NINO34_NINO3_r100_s04_n410_2bbcb9d9,multiscale_equal,6,0.3333333333333333,,4,NINO3,NINO34,0.1,main
main_NINO34_NINO3_r100_s04_n410_2bbcb9d9,multiscale_weighted,1,0.3977053575975761,0.10548001041827396,4,NINO3,NINO34,0.1,main
main_NINO34_NINO3_r100_s04_n410_2bbcb9d9,multiscale_weighted,3,0.33539261079658345,0.12507719173147178,4,NINO3,NINO34,0.1,main
main_NINO34_NINO3_r100_s04_n410_2bbcb9d9,multiscale_weighted,6,0.2669020316058404,0.15717365026572916,4,NINO3,NINO34,0.1,main
main_NINO34_NINO3_r100_s05_n410_639e7606,multiscale_equal,1,0.3333333333333333,,5,NINO3,NINO34,0.1,main
main_NINO34_NINO3_r100_s05_n410_639e7606,multiscale_equal,3,0.3333333333333333,,5,NINO3,NINO34,0.1,main
main_NINO34_NINO3_r100_s05_n410_639e7606,multiscale_equal,6,0.3333333333333333,,5,NINO3,NINO34,0.1,main
main_NINO34_NINO3_r100_s05_n410_639e7606,multiscale_weighted,1,0.3784270745460976,0.10244612355542643,5,NINO3,NINO34,0.1,main
main_NINO34_NINO3_r100_s05_n410_639e7606,multiscale_weighted,3,0.31933925254584217,0.12140188566697098,5,NINO3,NINO34,0.1,main
main_NINO34_NINO3_r100_s05_n410_639e7606,multiscale_weighted,6,0.3022336729080603,0.12827289303861078,5,NINO3,NINO34,0.1,main
main_NINO34_NINO3_r100_s06_n410_9f3023b0,multiscale_equal,1,0.3333333333333333,,6,NINO3,NINO34,0.1,main
main_NINO34_NINO3_r100_s06_n410_9f3023b0,multiscale_equal,3,0.3333333333333333,,6,NINO3,NINO34,0.1,main
main_NINO34_NINO3_r100_s06_n410_9f3023b0,multiscale_equal,6,0.3333333333333333,,6,NINO3,NINO34,0.1,main
main_NINO34_NINO3_r100_s06_n410_9f3023b0,multiscale_weighted,1,0.38696802135344316,0.09108233214000235,6,NINO3,NINO34,0.1,main
main_NINO34_NINO3_r100_s06_n410_9f3023b0,multiscale_weighted,3,0.3430774682042427,0.10273466943738944,6,NINO3,NINO34,0.1,main
main_NINO34_NINO3_r100_s06_n410_9f3023b0,multiscale_weighted,6,0.2699545104423141,0.13056255648723658,6,NINO3,NINO34,0.1,main
main_NINO34_NINO3_r100_s07_n410_b24f6a12,multiscale_equal,1,0.3333333333333333,,7,NINO3,NINO34,0.1,main
main_NINO34_NINO3_r100_s07_n410_b24f6a12,multiscale_equal,3,0.3333333333333333,,7,NINO3,NINO34,0.1,main
main_NINO34_NINO3_r100_s07_n410_b24f6a12,multiscale_equal,6,0.3333333333333333,,7,NINO3,NINO34,0.1,main
main_NINO34_NINO3_r100_s07_n410_b24f6a12,multiscale_weighted,1,0.4012205164439871,0.09973128974644223,7,NINO3,NINO34,0.1,main
main_NINO34_NINO3_r100_s07_n410_b24f6a12,multiscale_weighted,3,0.34672911519813365,0.11540490362264756,7,NINO3,NINO34,0.1,main
main_NINO34_NINO3_r100_s07_n410_b24f6a12,multiscale_weighted,6,0.25205036835787936,0.15875493985622283,7,NINO3,NINO34,0.1,main
main_NINO34_NINO3_r100_s08_n410_3a0d8e60,multiscale_equal,1,0.3333333333333333,,8,NINO3,NINO34,0.1,main
main_NINO34_NINO3_r100_s08_n410_3a0d8e60,multiscale_equal,3,0.3333333333333333,,8,NINO3,NINO34,0.1,main
main_NINO34_NINO3_r100_s08_n410_3a0d8e60,multiscale_equal,6,0.3333333333333333,,8,NINO3,NINO34,0.1,main
main_NINO34_NINO3_r100_s08_n410_3a0d8e60,multiscale_weighted,1,0.3983131503013837,0.09662623085529272,8,NINO3,NINO34,0.1,main
main_NINO34_NINO3_r100_s08_n410_3a0d8e60,multiscale_weighted,3,0.3274589350784033,0.11753381874599796,8,NINO3,NINO34,0.1,main
main_NINO34_NINO3_r100_s08_n410_3a0d8e60,multiscale_weighted,6,0.2742279146202132,0.14034858452639773,8,NINO3,NINO34,0.1,main
main_NINO34_NINO3_r100_s09_n410_efec6fe0,multiscale_equal,1,0.3333333333333333,,9,NINO3,NINO34,0.1,main
main_NINO34_NINO3_r100_s09_n410_efec6fe0,multiscale_equal,3,0.3333333333333333,,9,NINO3,NINO34,0.1,main
main_NINO34_NINO3_r100_s09_n410_efec6fe0,multiscale_equal,6,0.3333333333333333,,9,NINO3,NINO34,0.1,main
main_NINO34_NINO3_r100_s09_n410_efec6fe0,multiscale_weighted,1,0.4057922134767125,0.10438266741557711,9,NINO3,NINO34,0.1,main
main_NINO34_NINO3_r100_s09_n410_efec6fe0,multiscale_weighted,3,0.3358491987752927,0.12612111183549685,9,NINO3,NINO34,0.1,main
main_NINO34_NINO3_r100_s09_n410_efec6fe0,multiscale_weighted,6,0.2583585877479947,0.1639491665545984,9,NINO3,NINO34,0.1,main
main_NINO34_NINO3_r100_s10_n410_3cd085e4,multiscale_equal,1,0.3333333333333333,,10,NINO3,NINO34,0.1,main
main_NINO34_NINO3_r100_s10_n410_3cd085e4,multiscale_equal,3,0.3333333333333333,,10,NINO3,NINO34,0.1,main
main_NINO34_NINO3_r100_s10_n410_3cd085e4,multiscale_equal,6,0.3333333333333333,,10,NINO3,NINO34,0.1,main
main_NINO34_NINO3_r100_s10_n410_3cd085e4,multiscale_weighted,1,0.40383955977390334,0.09578943945588879,10,NINO3,NINO34,0.1,main
main_NINO34_NINO3_r100_s10_n410_3cd085e4,multiscale_weighted,3,0.3260242342130842,0.11865242451187048,10,NINO3,NINO34,0.1,main
main_NINO34_NINO3_r100_s10_n410_3cd085e4,multiscale_weighted,6,0.27013620601301247,0.14320022839154425,10,NINO3,NINO34,0.1,main
main_NINO34_NINO3_r100_s11_n410_ba73a6a7,multiscale_equal,1,0.3333333333333333,,11,NINO3,NINO34,0.1,main
main_NINO34_NINO3_r100_s11_n410_ba73a6a7,multiscale_equal,3,0.3333333333333333,,11,NINO3,NINO34,0.1,main
main_NINO34_NINO3_r100_s11_n410_ba73a6a7,multiscale_equal,6,0.3333333333333333,,11,NINO3,NINO34,0.1,main
main_NINO34_NINO3_r100_s11_n410_ba73a6a7,multiscale_weighted,1,0.40270432993648864,0.10208562996410557,11,NINO3,NINO34,0.1,main
main_NINO34_NINO3_r100_s11_n410_ba73a6a7,multiscale_weighted,3,0.3203806804381486,0.12831711942759466,11,NINO3,NINO34,0.1,main
main_NINO34_NINO3_r100_s11_n410_ba73a6a7,multiscale_weighted,6,0.2769149896253628,0.14845829228800816,11,NINO3,NINO34,0.1,main
main_NINO34_NINO3_r100_s12_n410_28183773,multiscale_equal,1,0.3333333333333333,,12,NINO3,NINO34,0.1,main
main_NINO34_NINO3_r100_s12_n410_28183773,multiscale_equal,3,0.3333333333333333,,12,NINO3,NINO34,0.1,main
main_NINO34_NINO3_r100_s12_n410_28183773,multiscale_equal,6,0.3333333333333333,,12,NINO3,NINO34,0.1,main
main_NINO34_NINO3_r100_s12_n410_28183773,multiscale_weighted,1,0.3953099470438908,0.10239561805323337,12,NINO3,NINO34,0.1,main
main_NINO34_NINO3_r100_s12_n410_28183773,multiscale_weighted,3,0.333496407863748,0.12137464156682334,12,NINO3,NINO34,0.1,main
main_NINO34_NINO3_r100_s12_n410_28183773,multiscale_weighted,6,0.27119364509236116,0.14925868774516254,12,NINO3,NINO34,0.1,main
main_NINO34_NINO3_r100_s13_n410_9f729672,multiscale_equal,1,0.3333333333333333,,13,NINO3,NINO34,0.1,main
main_NINO34_NINO3_r100_s13_n410_9f729672,multiscale_equal,3,0.3333333333333333,,13,NINO3,NINO34,0.1,main
main_NINO34_NINO3_r100_s13_n410_9f729672,multiscale_equal,6,0.3333333333333333,,13,NINO3,NINO34,0.1,main
main_NINO34_NINO3_r100_s13_n410_9f729672,multiscale_weighted,1,0.4004507971058022,0.10530243023388014,13,NINO3,NINO34,0.1,main
main_NINO34_NINO3_r100_s13_n410_9f729672,multiscale_weighted,3,0.32814404538848213,0.1285058907513641,13,NINO3,NINO34,0.1,main
main_NINO34_NINO3_r100_s13_n410_9f729672,multiscale_weighted,6,0.27140515750571564,0.1553708256774884,13,NINO3,NINO34,0.1,main
main_NINO34_NINO3_r100_s14_n410_823068ae,multiscale_equal,1,0.3333333333333333,,14,NINO3,NINO34,0.1,main
main_NINO34_NINO3_r100_s14_n410_823068ae,multiscale_equal,3,0.3333333333333333,,14,NINO3,NINO34,0.1,main
main_NINO34_NINO3_r100_s14_n410_823068ae,multiscale_equal,6,0.3333333333333333,,14,NINO3,NINO34,0.1,main
main_NINO34_NINO3_r100_s14_n410_823068ae,multiscale_weighted,1,0.3723649222499941,0.09606023943564766,14,NINO3,NINO34,0.1,main
main_NINO34_NINO3_r100_s14_n410_823068ae,multiscale_weighted,3,0.3205722037519423,0.11158005493943647,14,NINO3,NINO34,0.1,main
main_NINO34_NINO3_r100_s14_n410_823068ae,multiscale_weighted,6,0.3070628739980636,0.11648905573005486,14,NINO3,NINO34,0.1,main
main_NINO34_NINO3_r100_s15_n410_b7a450f6,multiscale_equal,1,0.3333333333333333,,15,NINO3,NINO34,0.1,main
main_NINO34_NINO3_r100_s15_n410_b7a450f6,multiscale_equal,3,0.3333333333333333,,15,NINO3,NINO34,0.1,main
main_NINO34_NINO3_r100_s15_n410_b7a450f6,multiscale_equal,6,0.3333333333333333,,15,NINO3,NINO34,0.1,main
main_NINO34_NINO3_r100_s15_n410_b7a450f6,multiscale_weighted,1,0.38156424844672215,0.10013489043275285,15,NINO3,NINO34,0.1,main
main_NINO34_NINO3_r100_s15_n410_b7a450f6,multiscale_weighted,3,0.34942792205871526,0.10934413686096701,15,NINO3,NINO34,0.1,main
main_NINO34_NINO3_r100_s15_n410_b7a450f6,multiscale_weighted,6,0.26900782949456253,0.14203265164668635,15,NINO3,NINO34,0.1,main
main_NINO34_NINO3_r100_s16_n410_7891ae1e,multiscale_equal,1,0.3333333333333333,,16,NINO3,NINO34,0.1,main
main_NINO34_NINO3_r100_s16_n410_7891ae1e,multiscale_equal,3,0.3333333333333333,,16,NINO3,NINO34,0.1,main
main_NINO34_NINO3_r100_s16_n410_7891ae1e,multiscale_equal,6,0.3333333333333333,,16,NINO3,NINO34,0.1,main
main_NINO34_NINO3_r100_s16_n410_7891ae1e,multiscale_weighted,1,0.3988726784756695,0.09784178873620905,16,NINO3,NINO34,0.1,main
main_NINO34_NINO3_r100_s16_n410_7891ae1e,multiscale_weighted,3,0.33323291501144836,0.11711453232379267,16,NINO3,NINO34,0.1,main
main_NINO34_NINO3_r100_s16_n410_7891ae1e,multiscale_weighted,6,0.2678944065128821,0.14567835946200827,16,NINO3,NINO34,0.1,main
main_NINO34_NINO3_r100_s17_n410_467f7fbc,multiscale_equal,1,0.3333333333333333,,17,NINO3,NINO34,0.1,main
main_NINO34_NINO3_r100_s17_n410_467f7fbc,multiscale_equal,3,0.3333333333333333,,17,NINO3,NINO34,0.1,main
main_NINO34_NINO3_r100_s17_n410_467f7fbc,multiscale_equal,6,0.3333333333333333,,17,NINO3,NINO34,0.1,main
main_NINO34_NINO3_r100_s17_n410_467f7fbc,multiscale_weighted,1,0.36020496811800723,0.10884917649474307,17,NINO3,NINO34,0.1,main
main_NINO34_NINO3_r100_s17_n410_467f7fbc,multiscale_weighted,3,0.34293220343150604,0.11433167818407858,17,NINO3,NINO34,0.1,main
main_NINO34_NINO3_r100_s17_n410_467f7fbc,multiscale_weighted,6,0.2968628284504868,0.1320745173352719,17,NINO3,NINO34,0.1,main
main_NINO34_NINO3_r100_s18_n410_707a4552,multiscale_equal,1,0.3333333333333333,,18,NINO3,NINO34,0.1,main
main_NINO34_NINO3_r100_s18_n410_707a4552,multiscale_equal,3,0.3333333333333333,,18,NINO3,NINO34,0.1,main
main_NINO34_NINO3_r100_s18_n410_707a4552,multiscale_equal,6,0.3333333333333333,,18,NINO3,NINO34,0.1,main
main_NINO34_NINO3_r100_s18_n410_707a4552,multiscale_weighted,1,0.3983952568838398,0.0951766594348443,18,NINO3,NINO34,0.1,main
main_NINO34_NINO3_r100_s18_n410_707a4552,multiscale_weighted,3,0.34275190266933486,0.1106279205046598,18,NINO3,NINO34,0.1,main
main_NINO34_NINO3_r100_s18_n410_707a4552,multiscale_weighted,6,0.2588528404468253,0.14648450839813734,18,NINO3,NINO34,0.1,main
main_NINO34_NINO3_r100_s19_n410_68d69413,multiscale_equal,1,0.3333333333333333,,19,NINO3,NINO34,0.1,main
main_NINO34_NINO3_r100_s19_n410_68d69413,multiscale_equal,3,0.3333333333333333,,19,NINO3,NINO34,0.1,main
main_NINO34_NINO3_r100_s19_n410_68d69413,multiscale_equal,6,0.3333333333333333,,19,NINO3,NINO34,0.1,main
main_NINO34_NINO3_r100_s19_n410_68d69413,multiscale_weighted,1,0.40000944042167286,0.1013334402948423,19,NINO3,NINO34,0.1,main
main_NINO34_NINO3_r100_s19_n410_68d69413,multiscale_weighted,3,0.34015267014898887,0.11916511879549935,19,NINO3,NINO34,0.1,main
main_NINO34_NINO3_r100_s19_n410_68d69413,multiscale_weighted,6,0.2598378894293382,0.15599855063124465,19,NINO3,NINO34,0.1,main
main_NINO34_NINO3_r300_s00_n410_79b62bf3,multiscale_equal,1,0.3333333333333333,,0,NINO3,NINO34,0.3,main
main_NINO34_NINO3_r300_s00_n410_79b62bf3,multiscale_equal,3,0.3333333333333333,,0,NINO3,NINO34,0.3,main
main_NINO34_NINO3_r300_s00_n410_79b62bf3,multiscale_equal,6,0.3333333333333333,,0,NINO3,NINO34,0.3,main
main_NINO34_NINO3_r300_s00_n410_79b62bf3,multiscale_weighted,1,0.37105629055989287,0.10323503916948229,0,NINO3,NINO34,0.3,main
main_NINO34_NINO3_r300_s00_n410_79b62bf3,multiscale_weighted,3,0.3502223626282849,0.10937625630442516,0,NINO3,NINO34,0.3,main
main_NINO34_NINO3_r300_s00_n410_79b62bf3,multiscale_weighted,6,0.2787213468118223,0.13743479662232308,0,NINO3,NINO34,0.3,main
main_NINO34_NINO3_r300_s01_n410_d2a536d6,multiscale_equal,1,0.3333333333333333,,1,NINO3,NINO34,0.3,main
main_NINO34_NINO3_r300_s01_n410_d2a536d6,multiscale_equal,3,0.3333333333333333,,1,NINO3,NINO34,0.3,main
main_NINO34_NINO3_r300_s01_n410_d2a536d6,multiscale_equal,6,0.3333333333333333,,1,NINO3,NINO34,0.3,main
main_NINO34_NINO3_r300_s01_n410_d2a536d6,multiscale_weighted,1,0.3746019495921735,0.10967075839824543,1,NINO3,NINO34,0.3,main
main_NINO34_NINO3_r300_s01_n410_d2a536d6,multiscale_weighted,3,0.36566002547899684,0.11235266951818877,1,NINO3,NINO34,0.3,main
main_NINO34_NINO3_r300_s01_n410_d2a536d6,multiscale_weighted,6,0.2597380249288295,0.15817045297519025,1,NINO3,NINO34,0.3,main
main_NINO34_NINO3_r300_s02_n410_893509d3,multiscale_equal,1,0.3333333333333333,,2,NINO3,NINO34,0.3,main
main_NINO34_NINO3_r300_s02_n410_893509d3,multiscale_equal,3,0.3333333333333333,,2,NINO3,NINO34,0.3,main
main_NINO34_NINO3_r300_s02_n410_893509d3,multiscale_equal,6,0.3333333333333333,,2,NINO3,NINO34,0.3,main
main_NINO34_NINO3_r300_s02_n410_893509d3,multiscale_weighted,1,0.3749159575081273,0.09146847395706462,2,NINO3,NINO34,0.3,main
main_NINO34_NINO3_r300_s02_n410_893509d3,multiscale_weighted,3,0.3837178474035106,0.08937032936948411,2,NINO3,NINO34,0.3,main
main_NINO34_NINO3_r300_s02_n410_893509d3,multiscale_weighted,6,0.24136619508836218,0.14207868595004916,2,NINO3,NINO34,0.3,main
main_NINO34_NINO3_r300_s03_n410_52f7d92d,multiscale_equal,1,0.3333333333333333,,3,NINO3,NINO34,0.3,main
main_NINO34_NINO3_r300_s03_n410_52f7d92d,multiscale_equal,3,0.3333333333333333,,3,NINO3,NINO34,0.3,main
main_NINO34_NINO3_r300_s03_n410_52f7d92d,multiscale_equal,6,0.3333333333333333,,3,NINO3,NINO34,0.3,main
main_NINO34_NINO3_r300_s03_n410_52f7d92d,multiscale_weighted,1,0.3929687197552272,0.10438852844941494,3,NINO3,NINO34,0.3,main
main_NINO34_NINO3_r300_s03_n410_52f7d92d,multiscale_weighted,3,0.3275901329287398,0.12522180283313936,3,NINO3,NINO34,0.3,main
main_NINO34_NINO3_r300_s03_n410_52f7d92d,multiscale_weighted,6,0.279441147316033,0.1467980929479272,3,NINO3,NINO34,0.3,main
main_NINO34_NINO3_r300_s04_n410_a51dc63a,multiscale_equal,1,0.3333333333333333,,4,NINO3,NINO34,0.3,main
main_NINO34_NINO3_r300_s04_n410_a51dc63a,multiscale_equal,3,0.3333333333333333,,4,NINO3,NINO34,0.3,main
main_NINO34_NINO3_r300_s04_n410_a51dc63a,multiscale_equal,6,0.3333333333333333,,4,NINO3,NINO34,0.3,main
main_NINO34_NINO3_r300_s04_n410_a51dc63a,multiscale_weighted,1,0.4014456382639751,0.10939038848424085,4,NINO3,NINO34,0.3,main
main_NINO34_NINO3_r300_s04_n410_a51dc63a,multiscale_weighted,3,0.33706207526820975,0.13028548208484164,4,NINO3,NINO34,0.3,main
main_NINO34_NINO3_r300_s04_n410_a51dc63a,multiscale_weighted,6,0.2614922864678151,0.16793725091366632,4,NINO3,NINO34,0.3,main
main_NINO34_NINO3_r300_s05_n410_4edf084c,multiscale_equal,1,0.3333333333333333,,5,NINO3,NINO34,0.3,main
main_NINO34_NINO3_r300_s05_n410_4edf084c,multiscale_equal,3,0.3333333333333333,,5,NINO3,NINO34,0.3,main
main_NINO34_NINO3_r300_s05_n410_4edf084c,multiscale_equal,6,0.3333333333333333,,5,NINO3,NINO34,0.3,main
main_NINO34_NINO3_r300_s05_n410_4edf084c,multiscale_weighted,1,0.39413008899250007,0.1017353147799263,5,NINO3,NINO34,0.3,main
main_NINO34_NINO3_r300_s05_n410_4edf084c,multiscale_weighted,3,0.35425749728682027,0.11318588702769011,5,NINO3,NINO34,0.3,main
main_NINO34_NINO3_r300_s05_n410_4edf084c,multiscale_weighted,6,0.25161241372067966,0.15935998347673574,5,NINO3,NINO34,0.3,main
main_NINO34_NINO3_r300_s06_n410_3910bfb8,multiscale_equal,1,0.3333333333333333,,6,NINO3,NINO34,0.3,main
main_NINO34_NINO3_r300_s06_n410_3910bfb8,multiscale_equal,3,0.3333333333333333,,6,NINO3,NINO34,0.3,main
main_NINO34_NINO3_r300_s06_n410_3910bfb8,multiscale_equal,6,0.3333333333333333,,6,NINO3,NINO34,0.3,main
main_NINO34_NINO3_r300_s06_n410_3910bfb8,multiscale_weighted,1,0.35506531111149103,0.0993093997608635,6,NINO3,NINO34,0.3,main
main_NINO34_NINO3_r300_s06_n410_3910bfb8,multiscale_weighted,3,0.34172536737494785,0.10318614426155974,6,NINO3,NINO34,0.3,main
main_NINO34_NINO3_r300_s06_n410_3910bfb8,multiscale_weighted,6,0.303209321513561,0.11629366559355356,6,NINO3,NINO34,0.3,main
main_NINO34_NINO3_r300_s07_n410_65a17388,multiscale_equal,1,0.3333333333333333,,7,NINO3,NINO34,0.3,main
main_NINO34_NINO3_r300_s07_n410_65a17388,multiscale_equal,3,0.3333333333333333,,7,NINO3,NINO34,0.3,main
main_NINO34_NINO3_r300_s07_n410_65a17388,multiscale_equal,6,0.3333333333333333,,7,NINO3,NINO34,0.3,main
main_NINO34_NINO3_r300_s07_n410_65a17388,multiscale_weighted,1,0.37257020777385447,0.10457856053550475,7,NINO3,NINO34,0.3,main
main_NINO34_NINO3_r300_s07_n410_65a17388,multiscale_weighted,3,0.3005193747004595,0.12965172973206104,7,NINO3,NINO34,0.3,main
main_NINO34_NINO3_r300_s07_n410_65a17388,multiscale_weighted,6,0.3269104175256861,0.11918511737528256,7,NINO3,NINO34,0.3,main
main_NINO34_NINO3_r300_s08_n410_ea015b0a,multiscale_equal,1,0.3333333333333333,,8,NINO3,NINO34,0.3,main
main_NINO34_NINO3_r300_s08_n410_ea015b0a,multiscale_equal,3,0.3333333333333333,,8,NINO3,NINO34,0.3,main
main_NINO34_NINO3_r300_s08_n410_ea015b0a,multiscale_equal,6,0.3333333333333333,,8,NINO3,NINO34,0.3,main
main_NINO34_NINO3_r300_s08_n410_ea015b0a,multiscale_weighted,1,0.3980556397533044,0.10974037042334242,8,NINO3,NINO34,0.3,main
main_NINO34_NINO3_r300_s08_n410_ea015b0a,multiscale_weighted,3,0.32322423522172444,0.13514696406962437,8,NINO3,NINO34,0.3,main
main_NINO34_NINO3_r300_s08_n410_ea015b0a,multiscale_weighted,6,0.2787201250249712,0.15672630221829037,8,NINO3,NINO34,0.3,main
main_NINO34_NINO3_r300_s09_n410_35e08e40,multiscale_equal,1,0.3333333333333333,,9,NINO3,NINO34,0.3,main
main_NINO34_NINO3_r300_s09_n410_35e08e40,multiscale_equal,3,0.3333333333333333,,9,NINO3,NINO34,0.3,main
main_NINO34_NINO3_r300_s09_n410_35e08e40,multiscale_equal,6,0.3333333333333333,,9,NINO3,NINO34,0.3,main
main_NINO34_NINO3_r300_s09_n410_35e08e40,multiscale_weighted,1,0.38134712609919613,0.09906814353131628,9,NINO3,NINO34,0.3,main
main_NINO34_NINO3_r300_s09_n410_35e08e40,multiscale_weighted,3,0.3150726342993316,0.1199068036181878,9,NINO3,NINO34,0.3,main
main_NINO34_NINO3_r300_s09_n410_35e08e40,multiscale_weighted,6,0.3035802396014723,0.12444602010629606,9,NINO3,NINO34,0.3,main
main_NINO34_NINO3_r300_s10_n410_458ef39b,multiscale_equal,1,0.3333333333333333,,10,NINO3,NINO34,0.3,main
main_NINO34_NINO3_r300_s10_n410_458ef39b,multiscale_equal,3,0.3333333333333333,,10,NINO3,NINO34,0.3,main
main_NINO34_NINO3_r300_s10_n410_458ef39b,multiscale_equal,6,0.3333333333333333,,10,NINO3,NINO34,0.3,main
main_NINO34_NINO3_r300_s10_n410_458ef39b,multiscale_weighted,1,0.35741533746999293,0.09770074373280431,10,NINO3,NINO34,0.3,main
main_NINO34_NINO3_r300_s10_n410_458ef39b,multiscale_weighted,3,0.3514995753891899,0.0993450541521226,10,NINO3,NINO34,0.3,main
main_NINO34_NINO3_r300_s10_n410_458ef39b,multiscale_weighted,6,0.2910850871408172,0.11996404659074494,10,NINO3,NINO34,0.3,main
main_NINO34_NINO3_r300_s11_n410_4fb707e2,multiscale_equal,1,0.3333333333333333,,11,NINO3,NINO34,0.3,main
main_NINO34_NINO3_r300_s11_n410_4fb707e2,multiscale_equal,3,0.3333333333333333,,11,NINO3,NINO34,0.3,main
main_NINO34_NINO3_r300_s11_n410_4fb707e2,multiscale_equal,6,0.3333333333333333,,11,NINO3,NINO34,0.3,main
main_NINO34_NINO3_r300_s11_n410_4fb707e2,multiscale_weighted,1,0.39295590526151364,0.11738054793491516,11,NINO3,NINO34,0.3,main
main_NINO34_NINO3_r300_s11_n410_4fb707e2,multiscale_weighted,3,0.35022148440735695,0.13170345611222117,11,NINO3,NINO34,0.3,main
main_NINO34_NINO3_r300_s11_n410_4fb707e2,multiscale_weighted,6,0.25682261033112946,0.179600155826308,11,NINO3,NINO34,0.3,main
main_NINO34_NINO3_r300_s12_n410_d230e9c2,multiscale_equal,1,0.3333333333333333,,12,NINO3,NINO34,0.3,main
main_NINO34_NINO3_r300_s12_n410_d230e9c2,multiscale_equal,3,0.3333333333333333,,12,NINO3,NINO34,0.3,main
main_NINO34_NINO3_r300_s12_n410_d230e9c2,multiscale_equal,6,0.3333333333333333,,12,NINO3,NINO34,0.3,main
main_NINO34_NINO3_r300_s12_n410_d230e9c2,multiscale_weighted,1,0.4023686620776457,0.09228403399445566,12,NINO3,NINO34,0.3,main
main_NINO34_NINO3_r300_s12_n410_d230e9c2,multiscale_weighted,3,0.3386006393760234,0.10966371473953776,12,NINO3,NINO34,0.3,main
main_NINO34_NINO3_r300_s12_n410_d230e9c2,multiscale_weighted,6,0.2590306985463309,0.1433505948570616,12,NINO3,NINO34,0.3,main
main_NINO34_NINO3_r300_s13_n410_e2fba049,multiscale_equal,1,0.3333333333333333,,13,NINO3,NINO34,0.3,main
main_NINO34_NINO3_r300_s13_n410_e2fba049,multiscale_equal,3,0.3333333333333333,,13,NINO3,NINO34,0.3,main
main_NINO34_NINO3_r300_s13_n410_e2fba049,multiscale_equal,6,0.3333333333333333,,13,NINO3,NINO34,0.3,main
main_NINO34_NINO3_r300_s13_n410_e2fba049,multiscale_weighted,1,0.403692132213284,0.09257615752078502,13,NINO3,NINO34,0.3,main
main_NINO34_NINO3_r300_s13_n410_e2fba049,multiscale_weighted,3,0.34656132680372653,0.1078373843315536,13,NINO3,NINO34,0.3,main
main_NINO34_NINO3_r300_s13_n410_e2fba049,multiscale_weighted,6,0.2497465409829894,0.14964078306766196,13,NINO3,NINO34,0.3,main
main_NINO34_NINO3_r300_s14_n410_ad4e3545,multiscale_equal,1,0.3333333333333333,,14,NINO3,NINO34,0.3,main
main_NINO34_NINO3_r300_s14_n410_ad4e3545,multiscale_equal,3,0.3333333333333333,,14,NINO3,NINO34,0.3,main
main_NINO34_NINO3_r300_s14_n410_ad4e3545,multiscale_equal,6,0.3333333333333333,,14,NINO3,NINO34,0.3,main
main_NINO34_NINO3_r300_s14_n410_ad4e3545,multiscale_weighted,1,0.3492763773271788,0.09578893662392164,14,NINO3,NINO34,0.3,main
main_NINO34_NINO3_r300_s14_n410_ad4e3545,multiscale_weighted,3,0.3361128252064844,0.09954042331799762,14,NINO3,NINO34,0.3,main
main_NINO34_NINO3_r300_s14_n410_ad4e3545,multiscale_weighted,6,0.31461079746633686,0.10634349929538489,14,NINO3,NINO34,0.3,main
main_NINO34_NINO3_r300_s15_n410_9bf3098d,multiscale_equal,1,0.3333333333333333,,15,NINO3,NINO34,0.3,main
main_NINO34_NINO3_r300_s15_n410_9bf3098d,multiscale_equal,3,0.3333333333333333,,15,NINO3,NINO34,0.3,main
main_NINO34_NINO3_r300_s15_n410_9bf3098d,multiscale_equal,6,0.3333333333333333,,15,NINO3,NINO34,0.3,main
main_NINO34_NINO3_r300_s15_n410_9bf3098d,multiscale_weighted,1,0.37254499184181034,0.09568845860701022,15,NINO3,NINO34,0.3,main
main_NINO34_NINO3_r300_s15_n410_9bf3098d,multiscale_weighted,3,0.3265942436536334,0.10915151501695772,15,NINO3,NINO34,0.3,main
main_NINO34_NINO3_r300_s15_n410_9bf3098d,multiscale_weighted,6,0.3008607645045564,0.11848755621774147,15,NINO3,NINO34,0.3,main
main_NINO34_NINO3_r300_s16_n410_fe76092b,multiscale_equal,1,0.3333333333333333,,16,NINO3,NINO34,0.3,main
main_NINO34_NINO3_r300_s16_n410_fe76092b,multiscale_equal,3,0.3333333333333333,,16,NINO3,NINO34,0.3,main
main_NINO34_NINO3_r300_s16_n410_fe76092b,multiscale_equal,6,0.3333333333333333,,16,NINO3,NINO34,0.3,main
main_NINO34_NINO3_r300_s16_n410_fe76092b,multiscale_weighted,1,0.36058609896144106,0.0946365239150396,16,NINO3,NINO34,0.3,main
main_NINO34_NINO3_r300_s16_n410_fe76092b,multiscale_weighted,3,0.3100646145563428,0.11005646526881965,16,NINO3,NINO34,0.3,main
main_NINO34_NINO3_r300_s16_n410_fe76092b,multiscale_weighted,6,0.3293492864822161,0.10361223385254247,16,NINO3,NINO34,0.3,main
main_NINO34_NINO3_r300_s17_n410_605a7366,multiscale_equal,1,0.3333333333333333,,17,NINO3,NINO34,0.3,main
main_NINO34_NINO3_r300_s17_n410_605a7366,multiscale_equal,3,0.3333333333333333,,17,NINO3,NINO34,0.3,main
main_NINO34_NINO3_r300_s17_n410_605a7366,multiscale_equal,6,0.3333333333333333,,17,NINO3,NINO34,0.3,main
main_NINO34_NINO3_r300_s17_n410_605a7366,multiscale_weighted,1,0.3475602028462438,0.08967798325247489,17,NINO3,NINO34,0.3,main
main_NINO34_NINO3_r300_s17_n410_605a7366,multiscale_weighted,3,0.32608128209542664,0.09558505800937102,17,NINO3,NINO34,0.3,main
main_NINO34_NINO3_r300_s17_n410_605a7366,multiscale_weighted,6,0.3263585150583297,0.09550386101161905,17,NINO3,NINO34,0.3,main
main_NINO34_NINO3_r300_s18_n410_3a449fcf,multiscale_equal,1,0.3333333333333333,,18,NINO3,NINO34,0.3,main
main_NINO34_NINO3_r300_s18_n410_3a449fcf,multiscale_equal,3,0.3333333333333333,,18,NINO3,NINO34,0.3,main
main_NINO34_NINO3_r300_s18_n410_3a449fcf,multiscale_equal,6,0.3333333333333333,,18,NINO3,NINO34,0.3,main
main_NINO34_NINO3_r300_s18_n410_3a449fcf,multiscale_weighted,1,0.37939088180354025,0.10799112497883284,18,NINO3,NINO34,0.3,main
main_NINO34_NINO3_r300_s18_n410_3a449fcf,multiscale_weighted,3,0.34751325304181063,0.11789722576860297,18,NINO3,NINO34,0.3,main
main_NINO34_NINO3_r300_s18_n410_3a449fcf,multiscale_weighted,6,0.2730958651546492,0.1500236891994862,18,NINO3,NINO34,0.3,main
main_NINO34_NINO3_r300_s19_n410_5256a98c,multiscale_equal,1,0.3333333333333333,,19,NINO3,NINO34,0.3,main
main_NINO34_NINO3_r300_s19_n410_5256a98c,multiscale_equal,3,0.3333333333333333,,19,NINO3,NINO34,0.3,main
main_NINO34_NINO3_r300_s19_n410_5256a98c,multiscale_equal,6,0.3333333333333333,,19,NINO3,NINO34,0.3,main
main_NINO34_NINO3_r300_s19_n410_5256a98c,multiscale_weighted,1,0.36451652365202664,0.09541086661665692,19,NINO3,NINO34,0.3,main
main_NINO34_NINO3_r300_s19_n410_5256a98c,multiscale_weighted,3,0.3294922543331704,0.10555282350524268,19,NINO3,NINO34,0.3,main
main_NINO34_NINO3_r300_s19_n410_5256a98c,multiscale_weighted,6,0.30599122201480305,0.1136595938078952,19,NINO3,NINO34,0.3,main
main_NINO34_NINO3_r500_s00_n410_6141ea34,multiscale_equal,1,0.3333333333333333,,0,NINO3,NINO34,0.5,main
main_NINO34_NINO3_r500_s00_n410_6141ea34,multiscale_equal,3,0.3333333333333333,,0,NINO3,NINO34,0.5,main
main_NINO34_NINO3_r500_s00_n410_6141ea34,multiscale_equal,6,0.3333333333333333,,0,NINO3,NINO34,0.5,main
main_NINO34_NINO3_r500_s00_n410_6141ea34,multiscale_weighted,1,0.36144518703804035,0.10570581774696257,0,NINO3,NINO34,0.5,main
main_NINO34_NINO3_r500_s00_n410_6141ea34,multiscale_weighted,3,0.3237955142047503,0.11799687693911882,0,NINO3,NINO34,0.5,main
main_NINO34_NINO3_r500_s00_n410_6141ea34,multiscale_weighted,6,0.3147592987572095,0.12138437111873777,0,NINO3,NINO34,0.5,main
main_NINO34_NINO3_r500_s01_n410_4bdd8be3,multiscale_equal,1,0.3333333333333333,,1,NINO3,NINO34,0.5,main
main_NINO34_NINO3_r500_s01_n410_4bdd8be3,multiscale_equal,3,0.3333333333333333,,1,NINO3,NINO34,0.5,main
main_NINO34_NINO3_r500_s01_n410_4bdd8be3,multiscale_equal,6,0.3333333333333333,,1,NINO3,NINO34,0.5,main
main_NINO34_NINO3_r500_s01_n410_4bdd8be3,multiscale_weighted,1,0.33078555502173657,0.1099950837949545,1,NINO3,NINO34,0.5,main
main_NINO34_NINO3_r500_s01_n410_4bdd8be3,multiscale_weighted,3,0.33677587895402344,0.10803857121798337,1,NINO3,NINO34,0.5,main
main_NINO34_NINO3_r500_s01_n410_4bdd8be3,multiscale_weighted,6,0.3324385660242401,0.10944814634892061,1,NINO3,NINO34,0.5,main
main_NINO34_NINO3_r500_s02_n410_630105c0,multiscale_equal,1,0.3333333333333333,,2,NINO3,NINO34,0.5,main
main_NINO34_NINO3_r500_s02_n410_630105c0,multiscale_equal,3,0.3333333333333333,,2,NINO3,NINO34,0.5,main
main_NINO34_NINO3_r500_s02_n410_630105c0,multiscale_equal,6,0.3333333333333333,,2,NINO3,NINO34,0.5,main
main_NINO34_NINO3_r500_s02_n410_630105c0,multiscale_weighted,1,0.3350283438126109,0.09722678402393388,2,NINO3,NINO34,0.5,main
main_NINO34_NINO3_r500_s02_n410_630105c0,multiscale_weighted,3,0.34066255251320365,0.09561875271911603,2,NINO3,NINO34,0.5,main
main_NINO34_NINO3_r500_s02_n410_630105c0,multiscale_weighted,6,0.32430910367418553,0.10044037667743769,2,NINO3,NINO34,0.5,main
main_NINO34_NINO3_r500_s03_n410_2a70190c,multiscale_equal,1,0.3333333333333333,,3,NINO3,NINO34,0.5,main
main_NINO34_NINO3_r500_s03_n410_2a70190c,multiscale_equal,3,0.3333333333333333,,3,NINO3,NINO34,0.5,main
main_NINO34_NINO3_r500_s03_n410_2a70190c,multiscale_equal,6,0.3333333333333333,,3,NINO3,NINO34,0.5,main
main_NINO34_NINO3_r500_s03_n410_2a70190c,multiscale_weighted,1,0.3928615227435655,0.10328715665123574,3,NINO3,NINO34,0.5,main
main_NINO34_NINO3_r500_s03_n410_2a70190c,multiscale_weighted,3,0.3260832990932969,0.12443921667398888,3,NINO3,NINO34,0.5,main
main_NINO34_NINO3_r500_s03_n410_2a70190c,multiscale_weighted,6,0.2810551781631377,0.14437574509432444,3,NINO3,NINO34,0.5,main
main_NINO34_NINO3_r500_s04_n410_b766022c,multiscale_equal,1,0.3333333333333333,,4,NINO3,NINO34,0.5,main
main_NINO34_NINO3_r500_s04_n410_b766022c,multiscale_equal,3,0.3333333333333333,,4,NINO3,NINO34,0.5,main
main_NINO34_NINO3_r500_s04_n410_b766022c,multiscale_equal,6,0.3333333333333333,,4,NINO3,NINO34,0.5,main
main_NINO34_NINO3_r500_s04_n410_b766022c,multiscale_weighted,1,0.36545279027324173,0.10542029734613648,4,NINO3,NINO34,0.5,main
main_NINO34_NINO3_r500_s04_n410_b766022c,multiscale_weighted,3,0.3537272452650061,0.10891482759540547,4,NINO3,NINO34,0.5,main
main_NINO34_NINO3_r500_s04_n410_b766022c,multiscale_weighted,6,0.28081996446175206,0.13719160864061697,4,NINO3,NINO34,0.5,main
main_NINO34_NINO3_r500_s05_n410_8ba0f78d,multiscale_equal,1,0.3333333333333333,,5,NINO3,NINO34,0.5,main
main_NINO34_NINO3_r500_s05_n410_8ba0f78d,multiscale_equal,3,0.3333333333333333,,5,NINO3,NINO34,0.5,main
main_NINO34_NINO3_r500_s05_n410_8ba0f78d,multiscale_equal,6,0.3333333333333333,,5,NINO3,NINO34,0.5,main
main_NINO34_NINO3_r500_s05_n410_8ba0f78d,multiscale_weighted,1,0.37215445343628645,0.10432590290996427,5,NINO3,NINO34,0.5,main
main_NINO34_NINO3_r500_s05_n410_8ba0f78d,multiscale_weighted,3,0.3144658360779178,0.1234644450978482,5,NINO3,NINO34,0.5,main
main_NINO34_NINO3_r500_s05_n410_8ba0f78d,multiscale_weighted,6,0.3133797104857957,0.12389235379746154,5,NINO3,NINO34,0.5,main
main_NINO34_NINO3_r500_s06_n410_a3f945ca,multiscale_equal,1,0.3333333333333333,,6,NINO3,NINO34,0.5,main
main_NINO34_NINO3_r500_s06_n410_a3f945ca,multiscale_equal,3,0.3333333333333333,,6,NINO3,NINO34,0.5,main
main_NINO34_NINO3_r500_s06_n410_a3f945ca,multiscale_equal,6,0.3333333333333333,,6,NINO3,NINO34,0.5,main
main_NINO34_NINO3_r500_s06_n410_a3f945ca,multiscale_weighted,1,0.36487347229510936,0.1029889109378523,6,NINO3,NINO34,0.5,main
main_NINO34_NINO3_r500_s06_n410_a3f945ca,multiscale_weighted,3,0.3669342264759916,0.1024105106849091,6,NINO3,NINO34,0.5,main
main_NINO34_NINO3_r500_s06_n410_a3f945ca,multiscale_weighted,6,0.26819230122889903,0.1401155899569441,6,NINO3,NINO34,0.5,main
main_NINO34_NINO3_r500_s07_n410_6a48ec00,multiscale_equal,1,0.3333333333333333,,7,NINO3,NINO34,0.5,main
main_NINO34_NINO3_r500_s07_n410_6a48ec00,multiscale_equal,3,0.3333333333333333,,7,NINO3,NINO34,0.5,main
main_NINO34_NINO3_r500_s07_n410_6a48ec00,multiscale_equal,6,0.3333333333333333,,7,NINO3,NINO34,0.5,main
main_NINO34_NINO3_r500_s07_n410_6a48ec00,multiscale_weighted,1,0.36319771280858576,0.08930193025860464,7,NINO3,NINO34,0.5,main
main_NINO34_NINO3_r500_s07_n410_6a48ec00,multiscale_weighted,3,0.3327656675745549,0.09746876040440897,7,NINO3,NINO34,0.5,main
main_NINO34_NINO3_r500_s07_n410_6a48ec00,multiscale_weighted,6,0.30403661961685935,0.10667878577192758,7,NINO3,NINO34,0.5,main
main_NINO34_NINO3_r500_s08_n410_c26abc55,multiscale_equal,1,0.3333333333333333,,8,NINO3,NINO34,0.5,main
main_NINO34_NINO3_r500_s08_n410_c26abc55,multiscale_equal,3,0.3333333333333333,,8,NINO3,NINO34,0.5,main
main_NINO34_NINO3_r500_s08_n410_c26abc55,multiscale_equal,6,0.3333333333333333,,8,NINO3,NINO34,0.5,main
main_NINO34_NINO3_r500_s08_n410_c26abc55,multiscale_weighted,1,0.360456607767484,0.08531681345876413,8,NINO3,NINO34,0.5,main
main_NINO34_NINO3_r500_s08_n410_c26abc55,multiscale_weighted,3,0.3307671183652422,0.09297480842038813,8,NINO3,NINO34,0.5,main
main_NINO34_NINO3_r500_s08_n410_c26abc55,multiscale_weighted,6,0.3087762738672739,0.09959641424683985,8,NINO3,NINO34,0.5,main
main_NINO34_NINO3_r500_s09_n410_7d841ea5,multiscale_equal,1,0.3333333333333333,,9,NINO3,NINO34,0.5,main
main_NINO34_NINO3_r500_s09_n410_7d841ea5,multiscale_equal,3,0.3333333333333333,,9,NINO3,NINO34,0.5,main
main_NINO34_NINO3_r500_s09_n410_7d841ea5,multiscale_equal,6,0.3333333333333333,,9,NINO3,NINO34,0.5,main
main_NINO34_NINO3_r500_s09_n410_7d841ea5,multiscale_weighted,1,0.3409432210712302,0.09207153685423639,9,NINO3,NINO34,0.5,main
main_NINO34_NINO3_r500_s09_n410_7d841ea5,multiscale_weighted,3,0.33703171162887047,0.09314009720765971,9,NINO3,NINO34,0.5,main
main_NINO34_NINO3_r500_s09_n410_7d841ea5,multiscale_weighted,6,0.3220250672998994,0.09748050608746252,9,NINO3,NINO34,0.5,main
main_NINO34_NINO3_r500_s10_n410_141f5fd2,multiscale_equal,1,0.3333333333333333,,10,NINO3,NINO34,0.5,main
main_NINO34_NINO3_r500_s10_n410_141f5fd2,multiscale_equal,3,0.3333333333333333,,10,NINO3,NINO34,0.5,main
main_NINO34_NINO3_r500_s10_n410_141f5fd2,multiscale_equal,6,0.3333333333333333,,10,NINO3,NINO34,0.5,main
main_NINO34_NINO3_r500_s10_n410_141f5fd2,multiscale_weighted,1,0.33347449149960123,0.10449370455139892,10,NINO3,NINO34,0.5,main
main_NINO34_NINO3_r500_s10_n410_141f5fd2,multiscale_weighted,3,0.3484935813220776,0.09999032036056867,10,NINO3,NINO34,0.5,main
main_NINO34_NINO3_r500_s10_n410_141f5fd2,multiscale_weighted,6,0.3180319271783211,0.1095675690606835,10,NINO3,NINO34,0.5,main
main_NINO34_NINO3_r500_s11_n410_0b84888f,multiscale_equal,1,0.3333333333333333,,11,NINO3,NINO34,0.5,main
main_NINO34_NINO3_r500_s11_n410_0b84888f,multiscale_equal,3,0.3333333333333333,,11,NINO3,NINO34,0.5,main
main_NINO34_NINO3_r500_s11_n410_0b84888f,multiscale_equal,6,0.3333333333333333,,11,NINO3,NINO34,0.5,main
main_NINO34_NINO3_r500_s11_n410_0b84888f,multiscale_weighted,1,0.3429243076403408,0.11792252899391387,11,NINO3,NINO34,0.5,main
main_NINO34_NINO3_r500_s11_n410_0b84888f,multiscale_weighted,3,0.3091296295260474,0.1308140601416382,11,NINO3,NINO34,0.5,main
main_NINO34_NINO3_r500_s11_n410_0b84888f,multiscale_weighted,6,0.34794606283361185,0.11622060393755944,11,NINO3,NINO34,0.5,main
main_NINO34_NINO3_r500_s12_n410_d1b6b2b2,multiscale_equal,1,0.3333333333333333,,12,NINO3,NINO34,0.5,main
main_NINO34_NINO3_r500_s12_n410_d1b6b2b2,multiscale_equal,3,0.3333333333333333,,12,NINO3,NINO34,0.5,main
main_NINO34_NINO3_r500_s12_n410_d1b6b2b2,multiscale_equal,6,0.3333333333333333,,12,NINO3,NINO34,0.5,main
main_NINO34_NINO3_r500_s12_n410_d1b6b2b2,multiscale_weighted,1,0.37085974195521415,0.105464254898644,12,NINO3,NINO34,0.5,main
main_NINO34_NINO3_r500_s12_n410_d1b6b2b2,multiscale_weighted,3,0.37366825012458454,0.10467158051583056,12,NINO3,NINO34,0.5,main
main_NINO34_NINO3_r500_s12_n410_d1b6b2b2,multiscale_weighted,6,0.25547200792020136,0.15309875954513363,12,NINO3,NINO34,0.5,main
main_NINO34_NINO3_r500_s13_n410_548e6a01,multiscale_equal,1,0.3333333333333333,,13,NINO3,NINO34,0.5,main
main_NINO34_NINO3_r500_s13_n410_548e6a01,multiscale_equal,3,0.3333333333333333,,13,NINO3,NINO34,0.5,main
main_NINO34_NINO3_r500_s13_n410_548e6a01,multiscale_equal,6,0.3333333333333333,,13,NINO3,NINO34,0.5,main
main_NINO34_NINO3_r500_s13_n410_548e6a01,multiscale_weighted,1,0.3661968815073236,0.09280465651290223,13,NINO3,NINO34,0.5,main
main_NINO34_NINO3_r500_s13_n410_548e6a01,multiscale_weighted,3,0.326548372180441,0.10407271662064582,13,NINO3,NINO34,0.5,main
main_NINO34_NINO3_r500_s13_n410_548e6a01,multiscale_weighted,6,0.3072547463122353,0.11060781583262773,13,NINO3,NINO34,0.5,main
main_NINO34_NINO3_r500_s14_n410_df2922c5,multiscale_equal,1,0.3333333333333333,,14,NINO3,NINO34,0.5,main
main_NINO34_NINO3_r500_s14_n410_df2922c5,multiscale_equal,3,0.3333333333333333,,14,NINO3,NINO34,0.5,main
main_NINO34_NINO3_r500_s14_n410_df2922c5,multiscale_equal,6,0.3333333333333333,,14,NINO3,NINO34,0.5,main
main_NINO34_NINO3_r500_s14_n410_df2922c5,multiscale_weighted,1,0.3606890115735881,0.08953782408322473,14,NINO3,NINO34,0.5,main
main_NINO34_NINO3_r500_s14_n410_df2922c5,multiscale_weighted,3,0.3601027791433692,0.08968358797373403,14,NINO3,NINO34,0.5,main
main_NINO34_NINO3_r500_s14_n410_df2922c5,multiscale_weighted,6,0.2792082092830427,0.11566748042532421,14,NINO3,NINO34,0.5,main
main_NINO34_NINO3_r500_s15_n410_d7b50ecd,multiscale_equal,1,0.3333333333333333,,15,NINO3,NINO34,0.5,main
main_NINO34_NINO3_r500_s15_n410_d7b50ecd,multiscale_equal,3,0.3333333333333333,,15,NINO3,NINO34,0.5,main
main_NINO34_NINO3_r500_s15_n410_d7b50ecd,multiscale_equal,6,0.3333333333333333,,15,NINO3,NINO34,0.5,main
main_NINO34_NINO3_r500_s15_n410_d7b50ecd,multiscale_weighted,1,0.388432011750498,0.09205564861629896,15,NINO3,NINO34,0.5,main
main_NINO34_NINO3_r500_s15_n410_d7b50ecd,multiscale_weighted,3,0.34676957299707756,0.10311562485890795,15,NINO3,NINO34,0.5,main
main_NINO34_NINO3_r500_s15_n410_d7b50ecd,multiscale_weighted,6,0.2647984152524245,0.13503616321599013,15,NINO3,NINO34,0.5,main
main_NINO34_NINO3_r500_s16_n410_8b87da9a,multiscale_equal,1,0.3333333333333333,,16,NINO3,NINO34,0.5,main
main_NINO34_NINO3_r500_s16_n410_8b87da9a,multiscale_equal,3,0.3333333333333333,,16,NINO3,NINO34,0.5,main
main_NINO34_NINO3_r500_s16_n410_8b87da9a,multiscale_equal,6,0.3333333333333333,,16,NINO3,NINO34,0.5,main
main_NINO34_NINO3_r500_s16_n410_8b87da9a,multiscale_weighted,1,0.36913045640026576,0.10231557695458493,16,NINO3,NINO34,0.5,main
main_NINO34_NINO3_r500_s16_n410_8b87da9a,multiscale_weighted,3,0.3299757934487962,0.11445626242735188,16,NINO3,NINO34,0.5,main
main_NINO34_NINO3_r500_s16_n410_8b87da9a,multiscale_weighted,6,0.3008937501509381,0.12551871310561935,16,NINO3,NINO34,0.5,main
main_NINO34_NINO3_r500_s17_n410_5a73840e,multiscale_equal,1,0.3333333333333333,,17,NINO3,NINO34,0.5,main
main_NINO34_NINO3_r500_s17_n410_5a73840e,multiscale_equal,3,0.3333333333333333,,17,NINO3,NINO34,0.5,main
main_NINO34_NINO3_r500_s17_n410_5a73840e,multiscale_equal,6,0.3333333333333333,,17,NINO3,NINO34,0.5,main
main_NINO34_NINO3_r500_s17_n410_5a73840e,multiscale_weighted,1,0.3267852421999961,0.07895021267907223,17,NINO3,NINO34,0.5,main
main_NINO34_NINO3_r500_s17_n410_5a73840e,multiscale_weighted,3,0.3435842303434463,0.07509007086353332,17,NINO3,NINO34,0.5,main
main_NINO34_NINO3_r500_s17_n410_5a73840e,multiscale_weighted,6,0.3296305274565574,0.07826873482468691,17,NINO3,NINO34,0.5,main
main_NINO34_NINO3_r500_s18_n410_148fefc0,multiscale_equal,1,0.3333333333333333,,18,NINO3,NINO34,0.5,main
main_NINO34_NINO3_r500_s18_n410_148fefc0,multiscale_equal,3,0.3333333333333333,,18,NINO3,NINO34,0.5,main
main_NINO34_NINO3_r500_s18_n410_148fefc0,multiscale_equal,6,0.3333333333333333,,18,NINO3,NINO34,0.5,main
main_NINO34_NINO3_r500_s18_n410_148fefc0,multiscale_weighted,1,0.34274409850570825,0.10693432029934229,18,NINO3,NINO34,0.5,main
main_NINO34_NINO3_r500_s18_n410_148fefc0,multiscale_weighted,3,0.3183853440251993,0.11511556088148782,18,NINO3,NINO34,0.5,main
main_NINO34_NINO3_r500_s18_n410_148fefc0,multiscale_weighted,6,0.3388705574690924,0.10815665876312375,18,NINO3,NINO34,0.5,main
main_NINO34_NINO3_r500_s19_n410_f83031a7,multiscale_equal,1,0.3333333333333333,,19,NINO3,NINO34,0.5,main
main_NINO34_NINO3_r500_s19_n410_f83031a7,multiscale_equal,3,0.3333333333333333,,19,NINO3,NINO34,0.5,main
main_NINO34_NINO3_r500_s19_n410_f83031a7,multiscale_equal,6,0.3333333333333333,,19,NINO3,NINO34,0.5,main
main_NINO34_NINO3_r500_s19_n410_f83031a7,multiscale_weighted,1,0.32740511810677686,0.10411876071843343,19,NINO3,NINO34,0.5,main
main_NINO34_NINO3_r500_s19_n410_f83031a7,multiscale_weighted,3,0.33584728850690443,0.10150153427553255,19,NINO3,NINO34,0.5,main
main_NINO34_NINO3_r500_s19_n410_f83031a7,multiscale_weighted,6,0.33674759338631866,0.10123016682592317,19,NINO3,NINO34,0.5,main
main_NINO34_NINO3_r700_s00_n410_fd200c11,multiscale_equal,1,0.3333333333333333,,0,NINO3,NINO34,0.7,main
main_NINO34_NINO3_r700_s00_n410_fd200c11,multiscale_equal,3,0.3333333333333333,,0,NINO3,NINO34,0.7,main
main_NINO34_NINO3_r700_s00_n410_fd200c11,multiscale_equal,6,0.3333333333333333,,0,NINO3,NINO34,0.7,main
main_NINO34_NINO3_r700_s00_n410_fd200c11,multiscale_weighted,1,0.341658514544392,0.09702982483989755,0,NINO3,NINO34,0.7,main
main_NINO34_NINO3_r700_s00_n410_fd200c11,multiscale_weighted,3,0.3374249900377949,0.09824721595990762,0,NINO3,NINO34,0.7,main
main_NINO34_NINO3_r700_s00_n410_fd200c11,multiscale_weighted,6,0.32091649541781314,0.10330122170769393,0,NINO3,NINO34,0.7,main
main_NINO34_NINO3_r700_s01_n410_9fe10fe9,multiscale_equal,1,0.3333333333333333,,1,NINO3,NINO34,0.7,main
main_NINO34_NINO3_r700_s01_n410_9fe10fe9,multiscale_equal,3,0.3333333333333333,,1,NINO3,NINO34,0.7,main
main_NINO34_NINO3_r700_s01_n410_9fe10fe9,multiscale_equal,6,0.3333333333333333,,1,NINO3,NINO34,0.7,main
main_NINO34_NINO3_r700_s01_n410_9fe10fe9,multiscale_weighted,1,0.35250725656247606,0.0981773019028805,1,NINO3,NINO34,0.7,main
main_NINO34_NINO3_r700_s01_n410_9fe10fe9,multiscale_weighted,3,0.35064651948214176,0.09869828857907803,1,NINO3,NINO34,0.7,main
main_NINO34_NINO3_r700_s01_n410_9fe10fe9,multiscale_weighted,6,0.29684622395538224,0.11658633027551164,1,NINO3,NINO34,0.7,main
main_NINO34_NINO3_r700_s02_n410_f4460f0b,multiscale_equal,1,0.3333333333333333,,2,NINO3,NINO34,0.7,main
main_NINO34_NINO3_r700_s02_n410_f4460f0b,multiscale_equal,3,0.3333333333333333,,2,NINO3,NINO34,0.7,main
main_NINO34_NINO3_r700_s02_n410_f4460f0b,multiscale_equal,6,0.3333333333333333,,2,NINO3,NINO34,0.7,main
main_NINO34_NINO3_r700_s02_n410_f4460f0b,multiscale_weighted,1,0.342132558073321,0.08660383462481358,2,NINO3,NINO34,0.7,main
main_NINO34_NINO3_r700_s02_n410_f4460f0b,multiscale_weighted,3,0.3283934452837124,0.09022711032170237,2,NINO3,NINO34,0.7,main
main_NINO34_NINO3_r700_s02_n410_f4460f0b,multiscale_weighted,6,0.32947399664296667,0.08993119914662147,2,NINO3,NINO34,0.7,main
main_NINO34_NINO3_r700_s03_n410_8b58605c,multiscale_equal,1,0.3333333333333333,,3,NINO3,NINO34,0.7,main
main_NINO34_NINO3_r700_s03_n410_8b58605c,multiscale_equal,3,0.3333333333333333,,3,NINO3,NINO34,0.7,main
main_NINO34_NINO3_r700_s03_n410_8b58605c,multiscale_equal,6,0.3333333333333333,,3,NINO3,NINO34,0.7,main
main_NINO34_NINO3_r700_s03_n410_8b58605c,multiscale_weighted,1,0.3443814667853387,0.10718991828011848,3,NINO3,NINO34,0.7,main
main_NINO34_NINO3_r700_s03_n410_8b58605c,multiscale_weighted,3,0.32986326265393057,0.11190764661118886,3,NINO3,NINO34,0.7,main
main_NINO34_NINO3_r700_s03_n410_8b58605c,multiscale_weighted,6,0.32575527056073067,0.11331887709638093,3,NINO3,NINO34,0.7,main
main_NINO34_NINO3_r700_s04_n410_c2a47438,multiscale_equal,1,0.3333333333333333,,4,NINO3,NINO34,0.7,main
main_NINO34_NINO3_r700_s04_n410_c2a47438,multiscale_equal,3,0.3333333333333333,,4,NINO3,NINO34,0.7,main
main_NINO34_NINO3_r700_s04_n410_c2a47438,multiscale_equal,6,0.3333333333333333,,4,NINO3,NINO34,0.7,main
main_NINO34_NINO3_r700_s04_n410_c2a47438,multiscale_weighted,1,0.3294112916458715,0.09592659191691255,4,NINO3,NINO34,0.7,main
main_NINO34_NINO3_r700_s04_n410_c2a47438,multiscale_weighted,3,0.34761872133897753,0.090902188014346,4,NINO3,NINO34,0.7,main
main_NINO34_NINO3_r700_s04_n410_c2a47438,multiscale_weighted,6,0.3229699870151509,0.09783974945469863,4,NINO3,NINO34,0.7,main
main_NINO34_NINO3_r700_s05_n410_53f41443,multiscale_equal,1,0.3333333333333333,,5,NINO3,NINO34,0.7,main
main_NINO34_NINO3_r700_s05_n410_53f41443,multiscale_equal,3,0.3333333333333333,,5,NINO3,NINO34,0.7,main
main_NINO34_NINO3_r700_s05_n410_53f41443,multiscale_equal,6,0.3333333333333333,,5,NINO3,NINO34,0.7,main
main_NINO34_NINO3_r700_s05_n410_53f41443,multiscale_weighted,1,0.3426833465720767,0.11909957543111441,5,NINO3,NINO34,0.7,main
main_NINO34_NINO3_r700_s05_n410_53f41443,multiscale_weighted,3,0.3259605054393776,0.12520977409904863,5,NINO3,NINO34,0.7,main
main_NINO34_NINO3_r700_s05_n410_53f41443,multiscale_weighted,6,0.3313561479885457,0.12317091879861725,5,NINO3,NINO34,0.7,main
main_NINO34_NINO3_r700_s06_n410_ced6a378,multiscale_equal,1,0.3333333333333333,,6,NINO3,NINO34,0.7,main
main_NINO34_NINO3_r700_s06_n410_ced6a378,multiscale_equal,3,0.3333333333333333,,6,NINO3,NINO34,0.7,main
main_NINO34_NINO3_r700_s06_n410_ced6a378,multiscale_equal,6,0.3333333333333333,,6,NINO3,NINO34,0.7,main
main_NINO34_NINO3_r700_s06_n410_ced6a378,multiscale_weighted,1,0.33879150346030723,0.10075255574096685,6,NINO3,NINO34,0.7,main
main_NINO34_NINO3_r700_s06_n410_ced6a378,multiscale_weighted,3,0.34448273924881234,0.09908801194066182,6,NINO3,NINO34,0.7,main
main_NINO34_NINO3_r700_s06_n410_ced6a378,multiscale_weighted,6,0.3167257572908805,0.10777181606439197,6,NINO3,NINO34,0.7,main
main_NINO34_NINO3_r700_s07_n410_345cc623,multiscale_equal,1,0.3333333333333333,,7,NINO3,NINO34,0.7,main
main_NINO34_NINO3_r700_s07_n410_345cc623,multiscale_equal,3,0.3333333333333333,,7,NINO3,NINO34,0.7,main
main_NINO34_NINO3_r700_s07_n410_345cc623,multiscale_equal,6,0.3333333333333333,,7,NINO3,NINO34,0.7,main
main_NINO34_NINO3_r700_s07_n410_345cc623,multiscale_weighted,1,0.35693064597502894,0.10910626380502221,7,NINO3,NINO34,0.7,main
main_NINO34_NINO3_r700_s07_n410_345cc623,multiscale_weighted,3,0.35946293248986827,0.10833764951723716,7,NINO3,NINO34,0.7,main
main_NINO34_NINO3_r700_s07_n410_345cc623,multiscale_weighted,6,0.28360642153510285,0.1373148384380662,7,NINO3,NINO34,0.7,main
main_NINO34_NINO3_r700_s08_n410_49321ced,multiscale_equal,1,0.3333333333333333,,8,NINO3,NINO34,0.7,main
main_NINO34_NINO3_r700_s08_n410_49321ced,multiscale_equal,3,0.3333333333333333,,8,NINO3,NINO34,0.7,main
main_NINO34_NINO3_r700_s08_n410_49321ced,multiscale_equal,6,0.3333333333333333,,8,NINO3,NINO34,0.7,main
main_NINO34_NINO3_r700_s08_n410_49321ced,multiscale_weighted,1,0.35340791871727445,0.08340876470612936,8,NINO3,NINO34,0.7,main
main_NINO34_NINO3_r700_s08_n410_49321ced,multiscale_weighted,3,0.331556247071445,0.08890593501541495,8,NINO3,NINO34,0.7,main
main_NINO34_NINO3_r700_s08_n410_49321ced,multiscale_weighted,6,0.31503583421128056,0.09356814406555336,8,NINO3,NINO34,0.7,main
main_NINO34_NINO3_r700_s09_n410_595f9cc2,multiscale_equal,1,0.3333333333333333,,9,NINO3,NINO34,0.7,main
main_NINO34_NINO3_r700_s09_n410_595f9cc2,multiscale_equal,3,0.3333333333333333,,9,NINO3,NINO34,0.7,main
main_NINO34_NINO3_r700_s09_n410_595f9cc2,multiscale_equal,6,0.3333333333333333,,9,NINO3,NINO34,0.7,main
main_NINO34_NINO3_r700_s09_n410_595f9cc2,multiscale_weighted,1,0.3606868289105276,0.08678657810600567,9,NINO3,NINO34,0.7,main
main_NINO34_NINO3_r700_s09_n410_595f9cc2,multiscale_weighted,3,0.32023015435457847,0.09775086957912589,9,NINO3,NINO34,0.7,main
main_NINO34_NINO3_r700_s09_n410_595f9cc2,multiscale_weighted,6,0.31908301673489387,0.09810229446055617,9,NINO3,NINO34,0.7,main
main_NINO34_NINO3_r700_s10_n410_8819ee28,multiscale_equal,1,0.3333333333333333,,10,NINO3,NINO34,0.7,main
main_NINO34_NINO3_r700_s10_n410_8819ee28,multiscale_equal,3,0.3333333333333333,,10,NINO3,NINO34,0.7,main
main_NINO34_NINO3_r700_s10_n410_8819ee28,multiscale_equal,6,0.3333333333333333,,10,NINO3,NINO34,0.7,main
main_NINO34_NINO3_r700_s10_n410_8819ee28,multiscale_weighted,1,0.3406861691175469,0.08277676032306672,10,NINO3,NINO34,0.7,main
main_NINO34_NINO3_r700_s10_n410_8819ee28,multiscale_weighted,3,0.33679691945502954,0.08373264651871301,10,NINO3,NINO34,0.7,main
main_NINO34_NINO3_r700_s10_n410_8819ee28,multiscale_weighted,6,0.32251691142742356,0.08744005833153223,10,NINO3,NINO34,0.7,main
main_NINO34_NINO3_r700_s11_n410_8aa1798c,multiscale_equal,1,0.3333333333333333,,11,NINO3,NINO34,0.7,main
main_NINO34_NINO3_r700_s11_n410_8aa1798c,multiscale_equal,3,0.3333333333333333,,11,NINO3,NINO34,0.7,main
main_NINO34_NINO3_r700_s11_n410_8aa1798c,multiscale_equal,6,0.3333333333333333,,11,NINO3,NINO34,0.7,main
main_NINO34_NINO3_r700_s11_n410_8aa1798c,multiscale_weighted,1,0.3338465401965968,0.10732969863484002,11,NINO3,NINO34,0.7,main
main_NINO34_NINO3_r700_s11_n410_8aa1798c,multiscale_weighted,3,0.34429085802981807,0.10407377253693527,11,NINO3,NINO34,0.7,main
main_NINO34_NINO3_r700_s11_n410_8aa1798c,multiscale_weighted,6,0.32186260177358517,0.11132591507052428,11,NINO3,NINO34,0.7,main
main_NINO34_NINO3_r700_s12_n410_822c8645,multiscale_equal,1,0.3333333333333333,,12,NINO3,NINO34,0.7,main
main_NINO34_NINO3_r700_s12_n410_822c8645,multiscale_equal,3,0.3333333333333333,,12,NINO3,NINO34,0.7,main
main_NINO34_NINO3_r700_s12_n410_822c8645,multiscale_equal,6,0.3333333333333333,,12,NINO3,NINO34,0.7,main
main_NINO34_NINO3_r700_s12_n410_822c8645,multiscale_weighted,1,0.32841936130083577,0.11288239601829196,12,NINO3,NINO34,0.7,main
main_NINO34_NINO3_r700_s12_n410_822c8645,multiscale_weighted,3,0.33922310230280783,0.10928726269741205,12,NINO3,NINO34,0.7,main
main_NINO34_NINO3_r700_s12_n410_822c8645,multiscale_weighted,6,0.3323575363963564,0.11154482839481093,12,NINO3,NINO34,0.7,main
main_NINO34_NINO3_r700_s13_n410_8afefe3a,multiscale_equal,1,0.3333333333333333,,13,NINO3,NINO34,0.7,main
main_NINO34_NINO3_r700_s13_n410_8afefe3a,multiscale_equal,3,0.3333333333333333,,13,NINO3,NINO34,0.7,main
main_NINO34_NINO3_r700_s13_n410_8afefe3a,multiscale_equal,6,0.3333333333333333,,13,NINO3,NINO34,0.7,main
main_NINO34_NINO3_r700_s13_n410_8afefe3a,multiscale_weighted,1,0.37200743175756057,0.0929920080059861,13,NINO3,NINO34,0.7,main
main_NINO34_NINO3_r700_s13_n410_8afefe3a,multiscale_weighted,3,0.33524161666154884,0.1031904057271877,13,NINO3,NINO34,0.7,main
main_NINO34_NINO3_r700_s13_n410_8afefe3a,multiscale_weighted,6,0.29275095158089054,0.11816774182300667,13,NINO3,NINO34,0.7,main
main_NINO34_NINO3_r700_s14_n410_faefff92,multiscale_equal,1,0.3333333333333333,,14,NINO3,NINO34,0.7,main
main_NINO34_NINO3_r700_s14_n410_faefff92,multiscale_equal,3,0.3333333333333333,,14,NINO3,NINO34,0.7,main
main_NINO34_NINO3_r700_s14_n410_faefff92,multiscale_equal,6,0.3333333333333333,,14,NINO3,NINO34,0.7,main
main_NINO34_NINO3_r700_s14_n410_faefff92,multiscale_weighted,1,0.3617835175597998,0.10002446191534627,14,NINO3,NINO34,0.7,main
main_NINO34_NINO3_r700_s14_n410_faefff92,multiscale_weighted,3,0.3490322664788457,0.1036786717925575,14,NINO3,NINO34,0.7,main
main_NINO34_NINO3_r700_s14_n410_faefff92,multiscale_weighted,6,0.28918421596135446,0.1251354686819738,14,NINO3,NINO34,0.7,main
main_NINO34_NINO3_r700_s15_n410_75456e11,multiscale_equal,1,0.3333333333333333,,15,NINO3,NINO34,0.7,main
main_NINO34_NINO3_r700_s15_n410_75456e11,multiscale_equal,3,0.3333333333333333,,15,NINO3,NINO34,0.7,main
main_NINO34_NINO3_r700_s15_n410_75456e11,multiscale_equal,6,0.3333333333333333,,15,NINO3,NINO34,0.7,main
main_NINO34_NINO3_r700_s15_n410_75456e11,multiscale_weighted,1,0.33343328580479087,0.08707833162177904,15,NINO3,NINO34,0.7,main
main_NINO34_NINO3_r700_s15_n410_75456e11,multiscale_weighted,3,0.3237366918784262,0.08968651086024713,15,NINO3,NINO34,0.7,main
main_NINO34_NINO3_r700_s15_n410_75456e11,multiscale_weighted,6,0.34283002231678306,0.08469157381512168,15,NINO3,NINO34,0.7,main
main_NINO34_NINO3_r700_s16_n410_2605b382,multiscale_equal,1,0.3333333333333333,,16,NINO3,NINO34,0.7,main
main_NINO34_NINO3_r700_s16_n410_2605b382,multiscale_equal,3,0.3333333333333333,,16,NINO3,NINO34,0.7,main
main_NINO34_NINO3_r700_s16_n410_2605b382,multiscale_equal,6,0.3333333333333333,,16,NINO3,NINO34,0.7,main
main_NINO34_NINO3_r700_s16_n410_2605b382,multiscale_weighted,1,0.3294161769597024,0.11466038796937045,16,NINO3,NINO34,0.7,main
main_NINO34_NINO3_r700_s16_n410_2605b382,multiscale_weighted,3,0.3140243333028386,0.12028044581844281,16,NINO3,NINO34,0.7,main
main_NINO34_NINO3_r700_s16_n410_2605b382,multiscale_weighted,6,0.3565594897374591,0.10593179390615733,16,NINO3,NINO34,0.7,main
main_NINO34_NINO3_r700_s17_n410_5576c207,multiscale_equal,1,0.3333333333333333,,17,NINO3,NINO34,0.7,main
main_NINO34_NINO3_r700_s17_n410_5576c207,multiscale_equal,3,0.3333333333333333,,17,NINO3,NINO34,0.7,main
main_NINO34_NINO3_r700_s17_n410_5576c207,multiscale_equal,6,0.3333333333333333,,17,NINO3,NINO34,0.7,main
main_NINO34_NINO3_r700_s17_n410_5576c207,multiscale_weighted,1,0.3475458787263759,0.05544573525518853,17,NINO3,NINO34,0.7,main
main_NINO34_NINO3_r700_s17_n410_5576c207,multiscale_weighted,3,0.33665899979131814,0.0572387397981577,17,NINO3,NINO34,0.7,main
main_NINO34_NINO3_r700_s17_n410_5576c207,multiscale_weighted,6,0.3157951214823061,0.061020376147519935,17,NINO3,NINO34,0.7,main
main_NINO34_NINO3_r700_s18_n410_78f701d5,multiscale_equal,1,0.3333333333333333,,18,NINO3,NINO34,0.7,main
main_NINO34_NINO3_r700_s18_n410_78f701d5,multiscale_equal,3,0.3333333333333333,,18,NINO3,NINO34,0.7,main
main_NINO34_NINO3_r700_s18_n410_78f701d5,multiscale_equal,6,0.3333333333333333,,18,NINO3,NINO34,0.7,main
main_NINO34_NINO3_r700_s18_n410_78f701d5,multiscale_weighted,1,0.3248154983473205,0.12814162802721524,18,NINO3,NINO34,0.7,main
main_NINO34_NINO3_r700_s18_n410_78f701d5,multiscale_weighted,3,0.3256352157727724,0.12781905869480278,18,NINO3,NINO34,0.7,main
main_NINO34_NINO3_r700_s18_n410_78f701d5,multiscale_weighted,6,0.34954928587990713,0.11907444295914209,18,NINO3,NINO34,0.7,main
main_NINO34_NINO3_r700_s19_n410_b037d0f0,multiscale_equal,1,0.3333333333333333,,19,NINO3,NINO34,0.7,main
main_NINO34_NINO3_r700_s19_n410_b037d0f0,multiscale_equal,3,0.3333333333333333,,19,NINO3,NINO34,0.7,main
main_NINO34_NINO3_r700_s19_n410_b037d0f0,multiscale_equal,6,0.3333333333333333,,19,NINO3,NINO34,0.7,main
main_NINO34_NINO3_r700_s19_n410_b037d0f0,multiscale_weighted,1,0.3374854663391865,0.11863287127749796,19,NINO3,NINO34,0.7,main
main_NINO34_NINO3_r700_s19_n410_b037d0f0,multiscale_weighted,3,0.33408264248317127,0.11984121540312619,19,NINO3,NINO34,0.7,main
main_NINO34_NINO3_r700_s19_n410_b037d0f0,multiscale_weighted,6,0.3284318911776422,0.12190311310275194,19,NINO3,NINO34,0.7,main
main_NINO34_NINO3_r900_s00_n410_a5443138,multiscale_equal,1,0.3333333333333333,,0,NINO3,NINO34,0.9,main
main_NINO34_NINO3_r900_s00_n410_a5443138,multiscale_equal,3,0.3333333333333333,,0,NINO3,NINO34,0.9,main
main_NINO34_NINO3_r900_s00_n410_a5443138,multiscale_equal,6,0.3333333333333333,,0,NINO3,NINO34,0.9,main
main_NINO34_NINO3_r900_s00_n410_a5443138,multiscale_weighted,1,0.3491864705233879,0.13562473464570088,0,NINO3,NINO34,0.9,main
main_NINO34_NINO3_r900_s00_n410_a5443138,multiscale_weighted,3,0.23607275283874382,0.20060901975455828,0,NINO3,NINO34,0.9,main
main_NINO34_NINO3_r900_s00_n410_a5443138,multiscale_weighted,6,0.41474077663786835,0.11418776358325451,0,NINO3,NINO34,0.9,main
main_NINO34_NINO3_r900_s01_n410_d80f4a2c,multiscale_equal,1,0.3333333333333333,,1,NINO3,NINO34,0.9,main
main_NINO34_NINO3_r900_s01_n410_d80f4a2c,multiscale_equal,3,0.3333333333333333,,1,NINO3,NINO34,0.9,main
main_NINO34_NINO3_r900_s01_n410_d80f4a2c,multiscale_equal,6,0.3333333333333333,,1,NINO3,NINO34,0.9,main
main_NINO34_NINO3_r900_s01_n410_d80f4a2c,multiscale_weighted,1,0.2810987050724703,0.14736801062211374,1,NINO3,NINO34,0.9,main
main_NINO34_NINO3_r900_s01_n410_d80f4a2c,multiscale_weighted,3,0.33355511649423086,0.12419223804991339,1,NINO3,NINO34,0.9,main
main_NINO34_NINO3_r900_s01_n410_d80f4a2c,multiscale_weighted,6,0.38534617843329877,0.10750062730848625,1,NINO3,NINO34,0.9,main
main_NINO34_NINO3_r900_s02_n410_98862635,multiscale_equal,1,0.3333333333333333,,2,NINO3,NINO34,0.9,main
main_NINO34_NINO3_r900_s02_n410_98862635,multiscale_equal,3,0.3333333333333333,,2,NINO3,NINO34,0.9,main
main_NINO34_NINO3_r900_s02_n410_98862635,multiscale_equal,6,0.3333333333333333,,2,NINO3,NINO34,0.9,main
main_NINO34_NINO3_r900_s02_n410_98862635,multiscale_weighted,1,0.3383452695007118,0.13691358922141872,2,NINO3,NINO34,0.9,main
main_NINO34_NINO3_r900_s02_n410_98862635,multiscale_weighted,3,0.39981441307943255,0.11586391864151198,2,NINO3,NINO34,0.9,main
main_NINO34_NINO3_r900_s02_n410_98862635,multiscale_weighted,6,0.2618403174198556,0.17691723896820863,2,NINO3,NINO34,0.9,main
main_NINO34_NINO3_r900_s03_n410_970569ff,multiscale_equal,1,0.3333333333333333,,3,NINO3,NINO34,0.9,main
main_NINO34_NINO3_r900_s03_n410_970569ff,multiscale_equal,3,0.3333333333333333,,3,NINO3,NINO34,0.9,main
main_NINO34_NINO3_r900_s03_n410_970569ff,multiscale_equal,6,0.3333333333333333,,3,NINO3,NINO34,0.9,main
main_NINO34_NINO3_r900_s03_n410_970569ff,multiscale_weighted,1,0.3254635842789184,0.09276858068081892,3,NINO3,NINO34,0.9,main
main_NINO34_NINO3_r900_s03_n410_970569ff,multiscale_weighted,3,0.3165611575077548,0.09537744650536283,3,NINO3,NINO34,0.9,main
main_NINO34_NINO3_r900_s03_n410_970569ff,multiscale_weighted,6,0.3579752582133267,0.08434324372702302,3,NINO3,NINO34,0.9,main
main_NINO34_NINO3_r900_s04_n410_60537bf3,multiscale_equal,1,0.3333333333333333,,4,NINO3,NINO34,0.9,main
main_NINO34_NINO3_r900_s04_n410_60537bf3,multiscale_equal,3,0.3333333333333333,,4,NINO3,NINO34,0.9,main
main_NINO34_NINO3_r900_s04_n410_60537bf3,multiscale_equal,6,0.3333333333333333,,4,NINO3,NINO34,0.9,main
main_NINO34_NINO3_r900_s04_n410_60537bf3,multiscale_weighted,1,0.31740551788664245,0.095473801378746,4,NINO3,NINO34,0.9,main
main_NINO34_NINO3_r900_s04_n410_60537bf3,multiscale_weighted,3,0.3028140675603594,0.10007431874379942,4,NINO3,NINO34,0.9,main
main_NINO34_NINO3_r900_s04_n410_60537bf3,multiscale_weighted,6,0.37978041455299816,0.0797932425850503,4,NINO3,NINO34,0.9,main
main_NINO34_NINO3_r900_s05_n410_a8656ce4,multiscale_equal,1,0.3333333333333333,,5,NINO3,NINO34,0.9,main
main_NINO34_NINO3_r900_s05_n410_a8656ce4,multiscale_equal,3,0.3333333333333333,,5,NINO3,NINO34,0.9,main
main_NINO34_NINO3_r900_s05_n410_a8656ce4,multiscale_equal,6,0.3333333333333333,,5,NINO3,NINO34,0.9,main
main_NINO34_NINO3_r900_s05_n410_a8656ce4,multiscale_weighted,1,0.38881722615967523,0.05916210125883667,5,NINO3,NINO34,0.9,main
main_NINO34_NINO3_r900_s05_n410_a8656ce4,multiscale_weighted,3,0.27091750879205184,0.0849086697526533,5,NINO3,NINO34,0.9,main
main_NINO34_NINO3_r900_s05_n410_a8656ce4,multiscale_weighted,6,0.3402652650482728,0.06760385779457943,5,NINO3,NINO34,0.9,main
main_NINO34_NINO3_r900_s06_n410_f38cc225,multiscale_equal,1,0.3333333333333333,,6,NINO3,NINO34,0.9,main
main_NINO34_NINO3_r900_s06_n410_f38cc225,multiscale_equal,3,0.3333333333333333,,6,NINO3,NINO34,0.9,main
main_NINO34_NINO3_r900_s06_n410_f38cc225,multiscale_equal,6,0.3333333333333333,,6,NINO3,NINO34,0.9,main
main_NINO34_NINO3_r900_s06_n410_f38cc225,multiscale_weighted,1,0.4052664391711135,0.2083908722910743,6,NINO3,NINO34,0.9,main
main_NINO34_NINO3_r900_s06_n410_f38cc225,multiscale_weighted,3,0.31295924024759975,0.2698556771336157,6,NINO3,NINO34,0.9,main
main_NINO34_NINO3_r900_s06_n410_f38cc225,multiscale_weighted,6,0.2817743205812867,0.29972152121549966,6,NINO3,NINO34,0.9,main
main_NINO34_NINO3_r900_s07_n410_902041a4,multiscale_equal,1,0.3333333333333333,,7,NINO3,NINO34,0.9,main
main_NINO34_NINO3_r900_s07_n410_902041a4,multiscale_equal,3,0.3333333333333333,,7,NINO3,NINO34,0.9,main
main_NINO34_NINO3_r900_s07_n410_902041a4,multiscale_equal,6,0.3333333333333333,,7,NINO3,NINO34,0.9,main
main_NINO34_NINO3_r900_s07_n410_902041a4,multiscale_weighted,1,0.31982606509914,0.13189505860743717,7,NINO3,NINO34,0.9,main
main_NINO34_NINO3_r900_s07_n410_902041a4,multiscale_weighted,3,0.35590441467615486,0.11852473726137187,7,NINO3,NINO34,0.9,main
main_NINO34_NINO3_r900_s07_n410_902041a4,multiscale_weighted,6,0.32426952022470507,0.1300877045945335,7,NINO3,NINO34,0.9,main
main_NINO34_NINO3_r900_s08_n410_f679aa7a,multiscale_equal,1,0.3333333333333333,,8,NINO3,NINO34,0.9,main
main_NINO34_NINO3_r900_s08_n410_f679aa7a,multiscale_equal,3,0.3333333333333333,,8,NINO3,NINO34,0.9,main
main_NINO34_NINO3_r900_s08_n410_f679aa7a,multiscale_equal,6,0.3333333333333333,,8,NINO3,NINO34,0.9,main
main_NINO34_NINO3_r900_s08_n410_f679aa7a,multiscale_weighted,1,0.3742784608832437,0.1310260518220843,8,NINO3,NINO34,0.9,main
main_NINO34_NINO3_r900_s08_n410_f679aa7a,multiscale_weighted,3,0.2965099634458068,0.16539150731852523,8,NINO3,NINO34,0.9,main
main_NINO34_NINO3_r900_s08_n410_f679aa7a,multiscale_weighted,6,0.32921157567094955,0.1489626522466601,8,NINO3,NINO34,0.9,main
main_NINO34_NINO3_r900_s09_n410_103f7f36,multiscale_equal,1,0.3333333333333333,,9,NINO3,NINO34,0.9,main
main_NINO34_NINO3_r900_s09_n410_103f7f36,multiscale_equal,3,0.3333333333333333,,9,NINO3,NINO34,0.9,main
main_NINO34_NINO3_r900_s09_n410_103f7f36,multiscale_equal,6,0.3333333333333333,,9,NINO3,NINO34,0.9,main
main_NINO34_NINO3_r900_s09_n410_103f7f36,multiscale_weighted,1,0.41474458456804936,0.18635157734265267,9,NINO3,NINO34,0.9,main
main_NINO34_NINO3_r900_s09_n410_103f7f36,multiscale_weighted,3,0.26441366764979546,0.292300733615077,9,NINO3,NINO34,0.9,main
main_NINO34_NINO3_r900_s09_n410_103f7f36,multiscale_weighted,6,0.32084174778215524,0.2408923059479301,9,NINO3,NINO34,0.9,main
main_NINO34_NINO3_r900_s10_n410_8dc0f758,multiscale_equal,1,0.3333333333333333,,10,NINO3,NINO34,0.9,main
main_NINO34_NINO3_r900_s10_n410_8dc0f758,multiscale_equal,3,0.3333333333333333,,10,NINO3,NINO34,0.9,main
main_NINO34_NINO3_r900_s10_n410_8dc0f758,multiscale_equal,6,0.3333333333333333,,10,NINO3,NINO34,0.9,main
main_NINO34_NINO3_r900_s10_n410_8dc0f758,multiscale_weighted,1,0.09356085278697318,0.6148642472838131,10,NINO3,NINO34,0.9,main
main_NINO34_NINO3_r900_s10_n410_8dc0f758,multiscale_weighted,3,0.46874761254695546,0.12272536015629026,10,NINO3,NINO34,0.9,main
main_NINO34_NINO3_r900_s10_n410_8dc0f758,multiscale_weighted,6,0.43769153466607136,0.13143324767904507,10,NINO3,NINO34,0.9,main
main_NINO34_NINO3_r900_s11_n410_17358fea,multiscale_equal,1,0.3333333333333333,,11,NINO3,NINO34,0.9,main
main_NINO34_NINO3_r900_s11_n410_17358fea,multiscale_equal,3,0.3333333333333333,,11,NINO3,NINO34,0.9,main
main_NINO34_NINO3_r900_s11_n410_17358fea,multiscale_equal,6,0.3333333333333333,,11,NINO3,NINO34,0.9,main
main_NINO34_NINO3_r900_s11_n410_17358fea,multiscale_weighted,1,0.21458349781184072,0.31475270451934423,11,NINO3,NINO34,0.9,main
main_NINO34_NINO3_r900_s11_n410_17358fea,multiscale_weighted,3,0.22269448954664878,0.30328876272549027,11,NINO3,NINO34,0.9,main
main_NINO34_NINO3_r900_s11_n410_17358fea,multiscale_weighted,6,0.5627220126415106,0.12002504128648725,11,NINO3,NINO34,0.9,main
main_NINO34_NINO3_r900_s12_n410_b73eafc2,multiscale_equal,1,0.3333333333333333,,12,NINO3,NINO34,0.9,main
main_NINO34_NINO3_r900_s12_n410_b73eafc2,multiscale_equal,3,0.3333333333333333,,12,NINO3,NINO34,0.9,main
main_NINO34_NINO3_r900_s12_n410_b73eafc2,multiscale_equal,6,0.3333333333333333,,12,NINO3,NINO34,0.9,main
main_NINO34_NINO3_r900_s12_n410_b73eafc2,multiscale_weighted,1,0.23961588228633038,0.24110839127519978,12,NINO3,NINO34,0.9,main
main_NINO34_NINO3_r900_s12_n410_b73eafc2,multiscale_weighted,3,0.33603430319469235,0.17192708717117983,12,NINO3,NINO34,0.9,main
main_NINO34_NINO3_r900_s12_n410_b73eafc2,multiscale_weighted,6,0.42434981451897724,0.13614568942417143,12,NINO3,NINO34,0.9,main
main_NINO34_NINO3_r900_s13_n410_52370ac3,multiscale_equal,1,0.3333333333333333,,13,NINO3,NINO34,0.9,main
main_NINO34_NINO3_r900_s13_n410_52370ac3,multiscale_equal,3,0.3333333333333333,,13,NINO3,NINO34,0.9,main
main_NINO34_NINO3_r900_s13_n410_52370ac3,multiscale_equal,6,0.3333333333333333,,13,NINO3,NINO34,0.9,main
main_NINO34_NINO3_r900_s13_n410_52370ac3,multiscale_weighted,1,0.39152215204448493,0.16514248432503756,13,NINO3,NINO34,0.9,main
main_NINO34_NINO3_r900_s13_n410_52370ac3,multiscale_weighted,3,0.3759067774662417,0.17200259456370287,13,NINO3,NINO34,0.9,main
main_NINO34_NINO3_r900_s13_n410_52370ac3,multiscale_weighted,6,0.23257107048927333,0.2780093954377272,13,NINO3,NINO34,0.9,main
main_NINO34_NINO3_r900_s14_n410_b9d335ba,multiscale_equal,1,0.3333333333333333,,14,NINO3,NINO34,0.9,main
main_NINO34_NINO3_r900_s14_n410_b9d335ba,multiscale_equal,3,0.3333333333333333,,14,NINO3,NINO34,0.9,main
main_NINO34_NINO3_r900_s14_n410_b9d335ba,multiscale_equal,6,0.3333333333333333,,14,NINO3,NINO34,0.9,main
main_NINO34_NINO3_r900_s14_n410_b9d335ba,multiscale_weighted,1,0.3587626764565318,0.08082535504689242,14,NINO3,NINO34,0.9,main
main_NINO34_NINO3_r900_s14_n410_b9d335ba,multiscale_weighted,3,0.3559277087314637,0.08146912987996581,14,NINO3,NINO34,0.9,main
main_NINO34_NINO3_r900_s14_n410_b9d335ba,multiscale_weighted,6,0.28530961481200456,0.10163387397865964,14,NINO3,NINO34,0.9,main
main_NINO34_NINO3_r900_s15_n410_cc319aa4,multiscale_equal,1,0.3333333333333333,,15,NINO3,NINO34,0.9,main
main_NINO34_NINO3_r900_s15_n410_cc319aa4,multiscale_equal,3,0.3333333333333333,,15,NINO3,NINO34,0.9,main
main_NINO34_NINO3_r900_s15_n410_cc319aa4,multiscale_equal,6,0.3333333333333333,,15,NINO3,NINO34,0.9,main
main_NINO34_NINO3_r900_s15_n410_cc319aa4,multiscale_weighted,1,0.30096989543355673,0.08505908130567003,15,NINO3,NINO34,0.9,main
main_NINO34_NINO3_r900_s15_n410_cc319aa4,multiscale_weighted,3,0.23844583498618938,0.10736284587636122,15,NINO3,NINO34,0.9,main
main_NINO34_NINO3_r900_s15_n410_cc319aa4,multiscale_weighted,6,0.4605842695802539,0.055582057184515914,15,NINO3,NINO34,0.9,main
main_NINO34_NINO3_r900_s16_n410_6d99790d,multiscale_equal,1,0.3333333333333333,,16,NINO3,NINO34,0.9,main
main_NINO34_NINO3_r900_s16_n410_6d99790d,multiscale_equal,3,0.3333333333333333,,16,NINO3,NINO34,0.9,main
main_NINO34_NINO3_r900_s16_n410_6d99790d,multiscale_equal,6,0.3333333333333333,,16,NINO3,NINO34,0.9,main
main_NINO34_NINO3_r900_s16_n410_6d99790d,multiscale_weighted,1,0.290706634212455,0.1851897300495023,16,NINO3,NINO34,0.9,main
main_NINO34_NINO3_r900_s16_n410_6d99790d,multiscale_weighted,3,0.2522420207542079,0.2134294806911231,16,NINO3,NINO34,0.9,main
main_NINO34_NINO3_r900_s16_n410_6d99790d,multiscale_weighted,6,0.457051345033337,0.11778957011061873,16,NINO3,NINO34,0.9,main
main_NINO34_NINO3_r900_s17_n410_c13af40a,multiscale_equal,1,0.3333333333333333,,17,NINO3,NINO34,0.9,main
main_NINO34_NINO3_r900_s17_n410_c13af40a,multiscale_equal,3,0.3333333333333333,,17,NINO3,NINO34,0.9,main
main_NINO34_NINO3_r900_s17_n410_c13af40a,multiscale_equal,6,0.3333333333333333,,17,NINO3,NINO34,0.9,main
main_NINO34_NINO3_r900_s17_n410_c13af40a,multiscale_weighted,1,0.39483525391189156,0.0554967528622905,17,NINO3,NINO34,0.9,main
main_NINO34_NINO3_r900_s17_n410_c13af40a,multiscale_weighted,3,0.301908578141351,0.07257851224974361,17,NINO3,NINO34,0.9,main
main_NINO34_NINO3_r900_s17_n410_c13af40a,multiscale_weighted,6,0.30325616794675736,0.07225599258810764,17,NINO3,NINO34,0.9,main
main_NINO34_NINO3_r900_s18_n410_0b8559d5,multiscale_equal,1,0.3333333333333333,,18,NINO3,NINO34,0.9,main
main_NINO34_NINO3_r900_s18_n410_0b8559d5,multiscale_equal,3,0.3333333333333333,,18,NINO3,NINO34,0.9,main
main_NINO34_NINO3_r900_s18_n410_0b8559d5,multiscale_equal,6,0.3333333333333333,,18,NINO3,NINO34,0.9,main
main_NINO34_NINO3_r900_s18_n410_0b8559d5,multiscale_weighted,1,0.3564825710877767,0.13166774954782698,18,NINO3,NINO34,0.9,main
main_NINO34_NINO3_r900_s18_n410_0b8559d5,multiscale_weighted,3,0.2999131523642914,0.1565028353104437,18,NINO3,NINO34,0.9,main
main_NINO34_NINO3_r900_s18_n410_0b8559d5,multiscale_weighted,6,0.3436042765479319,0.13660265973023053,18,NINO3,NINO34,0.9,main
main_NINO34_NINO3_r900_s19_n410_e6c6ea70,multiscale_equal,1,0.3333333333333333,,19,NINO3,NINO34,0.9,main
main_NINO34_NINO3_r900_s19_n410_e6c6ea70,multiscale_equal,3,0.3333333333333333,,19,NINO3,NINO34,0.9,main
main_NINO34_NINO3_r900_s19_n410_e6c6ea70,multiscale_equal,6,0.3333333333333333,,19,NINO3,NINO34,0.9,main
main_NINO34_NINO3_r900_s19_n410_e6c6ea70,multiscale_weighted,1,0.3133331117259433,0.11810604983989578,19,NINO3,NINO34,0.9,main
main_NINO34_NINO3_r900_s19_n410_e6c6ea70,multiscale_weighted,3,0.3755870148387655,0.09852985866228968,19,NINO3,NINO34,0.9,main
main_NINO34_NINO3_r900_s19_n410_e6c6ea70,multiscale_weighted,6,0.31107987343529125,0.11896152497382356,19,NINO3,NINO34,0.9,main
main_NINO34_NINO12_r100_s00_n410_11b5ea77,multiscale_equal,1,0.3333333333333333,,0,NINO12,NINO34,0.1,main
main_NINO34_NINO12_r100_s00_n410_11b5ea77,multiscale_equal,3,0.3333333333333333,,0,NINO12,NINO34,0.1,main
main_NINO34_NINO12_r100_s00_n410_11b5ea77,multiscale_equal,6,0.3333333333333333,,0,NINO12,NINO34,0.1,main
main_NINO34_NINO12_r100_s00_n410_11b5ea77,multiscale_weighted,1,0.3505293265768065,0.7982132178313794,0,NINO12,NINO34,0.1,main
main_NINO34_NINO12_r100_s00_n410_11b5ea77,multiscale_weighted,3,0.34017710980595917,0.8225043184151579,0,NINO12,NINO34,0.1,main
main_NINO34_NINO12_r100_s00_n410_11b5ea77,multiscale_weighted,6,0.3092935636172342,0.9046329285281283,0,NINO12,NINO34,0.1,main
main_NINO34_NINO12_r100_s01_n410_6e76a268,multiscale_equal,1,0.3333333333333333,,1,NINO12,NINO34,0.1,main
main_NINO34_NINO12_r100_s01_n410_6e76a268,multiscale_equal,3,0.3333333333333333,,1,NINO12,NINO34,0.1,main
main_NINO34_NINO12_r100_s01_n410_6e76a268,multiscale_equal,6,0.3333333333333333,,1,NINO12,NINO34,0.1,main
main_NINO34_NINO12_r100_s01_n410_6e76a268,multiscale_weighted,1,0.3675307692623663,0.8248466182712179,1,NINO12,NINO34,0.1,main
main_NINO34_NINO12_r100_s01_n410_6e76a268,multiscale_weighted,3,0.3041441049007451,0.9967528814271526,1,NINO12,NINO34,0.1,main
main_NINO34_NINO12_r100_s01_n410_6e76a268,multiscale_weighted,6,0.32832512583688866,0.9233424090037167,1,NINO12,NINO34,0.1,main
main_NINO34_NINO12_r100_s02_n410_72468cff,multiscale_equal,1,0.3333333333333333,,2,NINO12,NINO34,0.1,main
main_NINO34_NINO12_r100_s02_n410_72468cff,multiscale_equal,3,0.3333333333333333,,2,NINO12,NINO34,0.1,main
main_NINO34_NINO12_r100_s02_n410_72468cff,multiscale_equal,6,0.3333333333333333,,2,NINO12,NINO34,0.1,main
main_NINO34_NINO12_r100_s02_n410_72468cff,multiscale_weighted,1,0.369260682070656,0.8608569222046674,2,NINO12,NINO34,0.1,main
main_NINO34_NINO12_r100_s02_n410_72468cff,multiscale_weighted,3,0.3026918075170481,1.0501791168453245,2,NINO12,NINO34,0.1,main
main_NINO34_NINO12_r100_s02_n410_72468cff,multiscale_weighted,6,0.3280475104122959,0.9690078561383153,2,NINO12,NINO34,0.1,main
main_NINO34_NINO12_r100_s03_n410_b31e4dd9,multiscale_equal,1,0.3333333333333333,,3,NINO12,NINO34,0.1,main
main_NINO34_NINO12_r100_s03_n410_b31e4dd9,multiscale_equal,3,0.3333333333333333,,3,NINO12,NINO34,0.1,main
main_NINO34_NINO12_r100_s03_n410_b31e4dd9,multiscale_equal,6,0.3333333333333333,,3,NINO12,NINO34,0.1,main
main_NINO34_NINO12_r100_s03_n410_b31e4dd9,multiscale_weighted,1,0.37739655422172375,0.7882664488458011,3,NINO12,NINO34,0.1,main
main_NINO34_NINO12_r100_s03_n410_b31e4dd9,multiscale_weighted,3,0.3056671156725141,0.9732451650153563,3,NINO12,NINO34,0.1,main
main_NINO34_NINO12_r100_s03_n410_b31e4dd9,multiscale_weighted,6,0.3169363301057621,0.9386397646583358,3,NINO12,NINO34,0.1,main
main_NINO34_NINO12_r100_s04_n410_df81d5d3,multiscale_equal,1,0.3333333333333333,,4,NINO12,NINO34,0.1,main
main_NINO34_NINO12_r100_s04_n410_df81d5d3,multiscale_equal,3,0.3333333333333333,,4,NINO12,NINO34,0.1,main
main_NINO34_NINO12_r100_s04_n410_df81d5d3,multiscale_equal,6,0.3333333333333333,,4,NINO12,NINO34,0.1,main
main_NINO34_NINO12_r100_s04_n410_df81d5d3,multiscale_weighted,1,0.35537833216093534,0.8090854535248804,4,NINO12,NINO34,0.1,main
main_NINO34_NINO12_r100_s04_n410_df81d5d3,multiscale_weighted,3,0.3377767098246634,0.8512470839678556,4,NINO12,NINO34,0.1,main
main_NINO34_NINO12_r100_s04_n410_df81d5d3,multiscale_weighted,6,0.3068449580144013,0.9370577294792894,4,NINO12,NINO34,0.1,main
main_NINO34_NINO12_r100_s05_n410_670c0418,multiscale_equal,1,0.3333333333333333,,5,NINO12,NINO34,0.1,main
main_NINO34_NINO12_r100_s05_n410_670c0418,multiscale_equal,3,0.3333333333333333,,5,NINO12,NINO34,0.1,main
main_NINO34_NINO12_r100_s05_n410_670c0418,multiscale_equal,6,0.3333333333333333,,5,NINO12,NINO34,0.1,main
main_NINO34_NINO12_r100_s05_n410_670c0418,multiscale_weighted,1,0.3574305370478409,0.8136933481037827,5,NINO12,NINO34,0.1,main
main_NINO34_NINO12_r100_s05_n410_670c0418,multiscale_weighted,3,0.3427994712285669,0.8484226931385525,5,NINO12,NINO34,0.1,main
main_NINO34_NINO12_r100_s05_n410_670c0418,multiscale_weighted,6,0.29976999172359226,0.9702066889582199,5,NINO12,NINO34,0.1,main
main_NINO34_NINO12_r100_s06_n410_c9c8c58f,multiscale_equal,1,0.3333333333333333,,6,NINO12,NINO34,0.1,main
main_NINO34_NINO12_r100_s06_n410_c9c8c58f,multiscale_equal,3,0.3333333333333333,,6,NINO12,NINO34,0.1,main
main_NINO34_NINO12_r100_s06_n410_c9c8c58f,multiscale_equal,6,0.3333333333333333,,6,NINO12,NINO34,0.1,main
main_NINO34_NINO12_r100_s06_n410_c9c8c58f,multiscale_weighted,1,0.35674098909971574,0.8169695317983707,6,NINO12,NINO34,0.1,main
main_NINO34_NINO12_r100_s06_n410_c9c8c58f,multiscale_weighted,3,0.3460417353060991,0.8422293880643663,6,NINO12,NINO34,0.1,main
main_NINO34_NINO12_r100_s06_n410_c9c8c58f,multiscale_weighted,6,0.29721727559418515,0.9805840491545058,6,NINO12,NINO34,0.1,main
main_NINO34_NINO12_r100_s07_n410_b56ce610,multiscale_equal,1,0.3333333333333333,,7,NINO12,NINO34,0.1,main
main_NINO34_NINO12_r100_s07_n410_b56ce610,multiscale_equal,3,0.3333333333333333,,7,NINO12,NINO34,0.1,main
main_NINO34_NINO12_r100_s07_n410_b56ce610,multiscale_equal,6,0.3333333333333333,,7,NINO12,NINO34,0.1,main
main_NINO34_NINO12_r100_s07_n410_b56ce610,multiscale_weighted,1,0.3404076809003324,0.7824527841956903,7,NINO12,NINO34,0.1,main
main_NINO34_NINO12_r100_s07_n410_b56ce610,multiscale_weighted,3,0.3480356070956104,0.7653036992920801,7,NINO12,NINO34,0.1,main
main_NINO34_NINO12_r100_s07_n410_b56ce610,multiscale_weighted,6,0.3115567120040572,0.8549099658154318,7,NINO12,NINO34,0.1,main
main_NINO34_NINO12_r100_s08_n410_2c209a13,multiscale_equal,1,0.3333333333333333,,8,NINO12,NINO34,0.1,main
main_NINO34_NINO12_r100_s08_n410_2c209a13,multiscale_equal,3,0.3333333333333333,,8,NINO12,NINO34,0.1,main
main_NINO34_NINO12_r100_s08_n410_2c209a13,multiscale_equal,6,0.3333333333333333,,8,NINO12,NINO34,0.1,main
main_NINO34_NINO12_r100_s08_n410_2c209a13,multiscale_weighted,1,0.36688663283001666,0.8370315464346044,8,NINO12,NINO34,0.1,main
main_NINO34_NINO12_r100_s08_n410_2c209a13,multiscale_weighted,3,0.30376988891111095,1.010948410726141,8,NINO12,NINO34,0.1,main
main_NINO34_NINO12_r100_s08_n410_2c209a13,multiscale_weighted,6,0.32934347825887245,0.9324480561440882,8,NINO12,NINO34,0.1,main
main_NINO34_NINO12_r100_s09_n410_c361f28c,multiscale_equal,1,0.3333333333333333,,9,NINO12,NINO34,0.1,main
main_NINO34_NINO12_r100_s09_n410_c361f28c,multiscale_equal,3,0.3333333333333333,,9,NINO12,NINO34,0.1,main
main_NINO34_NINO12_r100_s09_n410_c361f28c,multiscale_equal,6,0.3333333333333333,,9,NINO12,NINO34,0.1,main
main_NINO34_NINO12_r100_s09_n410_c361f28c,multiscale_weighted,1,0.3330470097516407,0.8314875446685872,9,NINO12,NINO34,0.1,main
main_NINO34_NINO12_r100_s09_n410_c361f28c,multiscale_weighted,3,0.332962233634961,0.8316992512197297,9,NINO12,NINO34,0.1,main
main_NINO34_NINO12_r100_s09_n410_c361f28c,multiscale_weighted,6,0.3339907566133983,0.8291380372139635,9,NINO12,NINO34,0.1,main
main_NINO34_NINO12_r100_s10_n410_c6af176a,multiscale_equal,1,0.3333333333333333,,10,NINO12,NINO34,0.1,main
main_NINO34_NINO12_r100_s10_n410_c6af176a,multiscale_equal,3,0.3333333333333333,,10,NINO12,NINO34,0.1,main
main_NINO34_NINO12_r100_s10_n410_c6af176a,multiscale_equal,6,0.3333333333333333,,10,NINO12,NINO34,0.1,main
main_NINO34_NINO12_r100_s10_n410_c6af176a,multiscale_weighted,1,0.3489611616015259,0.8179351570098545,10,NINO12,NINO34,0.1,main
main_NINO34_NINO12_r100_s10_n410_c6af176a,multiscale_weighted,3,0.3368913364703657,0.847239366987001,10,NINO12,NINO34,0.1,main
main_NINO34_NINO12_r100_s10_n410_c6af176a,multiscale_weighted,6,0.3141475019281084,0.9085782989988944,10,NINO12,NINO34,0.1,main
main_NINO34_NINO12_r100_s11_n410_4b3a374d,multiscale_equal,1,0.3333333333333333,,11,NINO12,NINO34,0.1,main
main_NINO34_NINO12_r100_s11_n410_4b3a374d,multiscale_equal,3,0.3333333333333333,,11,NINO12,NINO34,0.1,main
main_NINO34_NINO12_r100_s11_n410_4b3a374d,multiscale_equal,6,0.3333333333333333,,11,NINO12,NINO34,0.1,main
main_NINO34_NINO12_r100_s11_n410_4b3a374d,multiscale_weighted,1,0.3747188079763925,0.7851410252058444,11,NINO12,NINO34,0.1,main
main_NINO34_NINO12_r100_s11_n410_4b3a374d,multiscale_weighted,3,0.2894958960508766,1.0162738542622065,11,NINO12,NINO34,0.1,main
main_NINO34_NINO12_r100_s11_n410_4b3a374d,multiscale_weighted,6,0.3357852959727309,0.8761762740966723,11,NINO12,NINO34,0.1,main
main_NINO34_NINO12_r100_s12_n410_851a3ea0,multiscale_equal,1,0.3333333333333333,,12,NINO12,NINO34,0.1,main
main_NINO34_NINO12_r100_s12_n410_851a3ea0,multiscale_equal,3,0.3333333333333333,,12,NINO12,NINO34,0.1,main
main_NINO34_NINO12_r100_s12_n410_851a3ea0,multiscale_equal,6,0.3333333333333333,,12,NINO12,NINO34,0.1,main
main_NINO34_NINO12_r100_s12_n410_851a3ea0,multiscale_weighted,1,0.3760907696853667,0.7458307675237801,12,NINO12,NINO34,0.1,main
main_NINO34_NINO12_r100_s12_n410_851a3ea0,multiscale_weighted,3,0.29406231969733626,0.9538796695592416,12,NINO12,NINO34,0.1,main
main_NINO34_NINO12_r100_s12_n410_851a3ea0,multiscale_weighted,6,0.3298469106172971,0.8503947101162986,12,NINO12,NINO34,0.1,main
main_NINO34_NINO12_r100_s13_n410_ea8c2908,multiscale_equal,1,0.3333333333333333,,13,NINO12,NINO34,0.1,main
main_NINO34_NINO12_r100_s13_n410_ea8c2908,multiscale_equal,3,0.3333333333333333,,13,NINO12,NINO34,0.1,main
main_NINO34_NINO12_r100_s13_n410_ea8c2908,multiscale_equal,6,0.3333333333333333,,13,NINO12,NINO34,0.1,main
main_NINO34_NINO12_r100_s13_n410_ea8c2908,multiscale_weighted,1,0.39372544126933995,0.8021964531635616,13,NINO12,NINO34,0.1,main
main_NINO34_NINO12_r100_s13_n410_ea8c2908,multiscale_weighted,3,0.2958002069793347,1.0677651545583362,13,NINO12,NINO34,0.1,main
main_NINO34_NINO12_r100_s13_n410_ea8c2908,multiscale_weighted,6,0.3104743517513253,1.0172986971698788,13,NINO12,NINO34,0.1,main
main_NINO34_NINO12_r100_s14_n410_d88fcb7a,multiscale_equal,1,0.3333333333333333,,14,NINO12,NINO34,0.1,main
main_NINO34_NINO12_r100_s14_n410_d88fcb7a,multiscale_equal,3,0.3333333333333333,,14,NINO12,NINO34,0.1,main
main_NINO34_NINO12_r100_s14_n410_d88fcb7a,multiscale_equal,6,0.3333333333333333,,14,NINO12,NINO34,0.1,main
main_NINO34_NINO12_r100_s14_n410_d88fcb7a,multiscale_weighted,1,0.3771466557205625,0.8246227807726184,14,NINO12,NINO34,0.1,main
main_NINO34_NINO12_r100_s14_n410_d88fcb7a,multiscale_weighted,3,0.30051104510496757,1.0349161205382962,14,NINO12,NINO34,0.1,main
main_NINO34_NINO12_r100_s14_n410_d88fcb7a,multiscale_weighted,6,0.3223422991744699,0.9648244288645516,14,NINO12,NINO34,0.1,main
main_NINO34_NINO12_r100_s15_n410_61807276,multiscale_equal,1,0.3333333333333333,,15,NINO12,NINO34,0.1,main
main_NINO34_NINO12_r100_s15_n410_61807276,multiscale_equal,3,0.3333333333333333,,15,NINO12,NINO34,0.1,main
main_NINO34_NINO12_r100_s15_n410_61807276,multiscale_equal,6,0.3333333333333333,,15,NINO12,NINO34,0.1,main
main_NINO34_NINO12_r100_s15_n410_61807276,multiscale_weighted,1,0.3513585722279618,0.8038158154748553,15,NINO12,NINO34,0.1,main
main_NINO34_NINO12_r100_s15_n410_61807276,multiscale_weighted,3,0.3463070019433957,0.8155410538559837,15,NINO12,NINO34,0.1,main
main_NINO34_NINO12_r100_s15_n410_61807276,multiscale_weighted,6,0.3023344258286425,0.9341561983820146,15,NINO12,NINO34,0.1,main
main_NINO34_NINO12_r100_s16_n410_b2b8cecb,multiscale_equal,1,0.3333333333333333,,16,NINO12,NINO34,0.1,main
main_NINO34_NINO12_r100_s16_n410_b2b8cecb,multiscale_equal,3,0.3333333333333333,,16,NINO12,NINO34,0.1,main
main_NINO34_NINO12_r100_s16_n410_b2b8cecb,multiscale_equal,6,0.3333333333333333,,16,NINO12,NINO34,0.1,main
main_NINO34_NINO12_r100_s16_n410_b2b8cecb,multiscale_weighted,1,0.36874365393289527,0.8585521762244838,16,NINO12,NINO34,0.1,main
main_NINO34_NINO12_r100_s16_n410_b2b8cecb,multiscale_weighted,3,0.292984797686697,1.0805532233766604,16,NINO12,NINO34,0.1,main
main_NINO34_NINO12_r100_s16_n410_b2b8cecb,multiscale_weighted,6,0.33827154838040785,0.9358920916230814,16,NINO12,NINO34,0.1,main
main_NINO34_NINO12_r100_s17_n410_74ec652b,multiscale_equal,1,0.3333333333333333,,17,NINO12,NINO34,0.1,main
main_NINO34_NINO12_r100_s17_n410_74ec652b,multiscale_equal,3,0.3333333333333333,,17,NINO12,NINO34,0.1,main
main_NINO34_NINO12_r100_s17_n410_74ec652b,multiscale_equal,6,0.3333333333333333,,17,NINO12,NINO34,0.1,main
main_NINO34_NINO12_r100_s17_n410_74ec652b,multiscale_weighted,1,0.35729168762801305,0.7617463764653113,17,NINO12,NINO34,0.1,main
main_NINO34_NINO12_r100_s17_n410_74ec652b,multiscale_weighted,3,0.3450870411780074,0.7886869573550805,17,NINO12,NINO34,0.1,main
main_NINO34_NINO12_r100_s17_n410_74ec652b,multiscale_weighted,6,0.2976212711939794,0.9144697486587156,17,NINO12,NINO34,0.1,main
main_NINO34_NINO12_r100_s18_n410_012a11b1,multiscale_equal,1,0.3333333333333333,,18,NINO12,NINO34,0.1,main
main_NINO34_NINO12_r100_s18_n410_012a11b1,multiscale_equal,3,0.3333333333333333,,18,NINO12,NINO34,0.1,main
main_NINO34_NINO12_r100_s18_n410_012a11b1,multiscale_equal,6,0.3333333333333333,,18,NINO12,NINO34,0.1,main
main_NINO34_NINO12_r100_s18_n410_012a11b1,multiscale_weighted,1,0.37926244406873055,0.8671973193305206,18,NINO12,NINO34,0.1,main
main_NINO34_NINO12_r100_s18_n410_012a11b1,multiscale_weighted,3,0.2986938915940061,1.1011118242370246,18,NINO12,NINO34,0.1,main
main_NINO34_NINO12_r100_s18_n410_012a11b1,multiscale_weighted,6,0.32204366433726334,1.0212757212170969,18,NINO12,NINO34,0.1,main
main_NINO34_NINO12_r100_s19_n410_739ebf81,multiscale_equal,1,0.3333333333333333,,19,NINO12,NINO34,0.1,main
main_NINO34_NINO12_r100_s19_n410_739ebf81,multiscale_equal,3,0.3333333333333333,,19,NINO12,NINO34,0.1,main
main_NINO34_NINO12_r100_s19_n410_739ebf81,multiscale_equal,6,0.3333333333333333,,19,NINO12,NINO34,0.1,main
main_NINO34_NINO12_r100_s19_n410_739ebf81,multiscale_weighted,1,0.3724653879467349,0.7996495388368635,19,NINO12,NINO34,0.1,main
main_NINO34_NINO12_r100_s19_n410_739ebf81,multiscale_weighted,3,0.2950144616217221,1.0095836490557875,19,NINO12,NINO34,0.1,main
main_NINO34_NINO12_r100_s19_n410_739ebf81,multiscale_weighted,6,0.332520150431543,0.895710457923385,19,NINO12,NINO34,0.1,main
main_NINO34_NINO12_r300_s00_n410_bebb30e2,multiscale_equal,1,0.3333333333333333,,0,NINO12,NINO34,0.3,main
main_NINO34_NINO12_r300_s00_n410_bebb30e2,multiscale_equal,3,0.3333333333333333,,0,NINO12,NINO34,0.3,main
main_NINO34_NINO12_r300_s00_n410_bebb30e2,multiscale_equal,6,0.3333333333333333,,0,NINO12,NINO34,0.3,main
main_NINO34_NINO12_r300_s00_n410_bebb30e2,multiscale_weighted,1,0.4075457297972811,0.7926553339392571,0,NINO12,NINO34,0.3,main
main_NINO34_NINO12_r300_s00_n410_bebb30e2,multiscale_weighted,3,0.24913993907456977,1.2966339311678756,0,NINO12,NINO34,0.3,main
main_NINO34_NINO12_r300_s00_n410_bebb30e2,multiscale_weighted,6,0.34331433112814913,0.9409548862229438,0,NINO12,NINO34,0.3,main
main_NINO34_NINO12_r300_s01_n410_d0f7df73,multiscale_equal,1,0.3333333333333333,,1,NINO12,NINO34,0.3,main
main_NINO34_NINO12_r300_s01_n410_d0f7df73,multiscale_equal,3,0.3333333333333333,,1,NINO12,NINO34,0.3,main
main_NINO34_NINO12_r300_s01_n410_d0f7df73,multiscale_equal,6,0.3333333333333333,,1,NINO12,NINO34,0.3,main
main_NINO34_NINO12_r300_s01_n410_d0f7df73,multiscale_weighted,1,0.3515337135770663,0.8665233076970345,1,NINO12,NINO34,0.3,main
main_NINO34_NINO12_r300_s01_n410_d0f7df73,multiscale_weighted,3,0.2964392425717716,1.0275702849285269,1,NINO12,NINO34,0.3,main
main_NINO34_NINO12_r300_s01_n410_d0f7df73,multiscale_weighted,6,0.35202704385116207,0.8653089629624173,1,NINO12,NINO34,0.3,main
main_NINO34_NINO12_r300_s02_n410_9b91521d,multiscale_equal,1,0.3333333333333333,,2,NINO12,NINO34,0.3,main
main_NINO34_NINO12_r300_s02_n410_9b91521d,multiscale_equal,3,0.3333333333333333,,2,NINO12,NINO34,0.3,main
main_NINO34_NINO12_r300_s02_n410_9b91521d,multiscale_equal,6,0.3333333333333333,,2,NINO12,NINO34,0.3,main
main_NINO34_NINO12_r300_s02_n410_9b91521d,multiscale_weighted,1,0.31436908511991624,0.8290321188871108,2,NINO12,NINO34,0.3,main
main_NINO34_NINO12_r300_s02_n410_9b91521d,multiscale_weighted,3,0.34044700139685874,0.7655290467964202,2,NINO12,NINO34,0.3,main
main_NINO34_NINO12_r300_s02_n410_9b91521d,multiscale_weighted,6,0.345183913483225,0.7550237952349925,2,NINO12,NINO34,0.3,main
main_NINO34_NINO12_r300_s03_n410_76aa581f,multiscale_equal,1,0.3333333333333333,,3,NINO12,NINO34,0.3,main
main_NINO34_NINO12_r300_s03_n410_76aa581f,multiscale_equal,3,0.3333333333333333,,3,NINO12,NINO34,0.3,main
main_NINO34_NINO12_r300_s03_n410_76aa581f,multiscale_equal,6,0.3333333333333333,,3,NINO12,NINO34,0.3,main
main_NINO34_NINO12_r300_s03_n410_76aa581f,multiscale_weighted,1,0.35918064166117364,0.7899472731440474,3,NINO12,NINO34,0.3,main
main_NINO34_NINO12_r300_s03_n410_76aa581f,multiscale_weighted,3,0.3257895410231962,0.8709112267144992,3,NINO12,NINO34,0.3,main
main_NINO34_NINO12_r300_s03_n410_76aa581f,multiscale_weighted,6,0.3150298173156302,0.9006568691256234,3,NINO12,NINO34,0.3,main
main_NINO34_NINO12_r300_s04_n410_75225a07,multiscale_equal,1,0.3333333333333333,,4,NINO12,NINO34,0.3,main
main_NINO34_NINO12_r300_s04_n410_75225a07,multiscale_equal,3,0.3333333333333333,,4,NINO12,NINO34,0.3,main
main_NINO34_NINO12_r300_s04_n410_75225a07,multiscale_equal,6,0.3333333333333333,,4,NINO12,NINO34,0.3,main
main_NINO34_NINO12_r300_s04_n410_75225a07,multiscale_weighted,1,0.32401188339048936,0.7512774291995331,4,NINO12,NINO34,0.3,main
main_NINO34_NINO12_r300_s04_n410_75225a07,multiscale_weighted,3,0.3473745173226638,0.7007503497819435,4,NINO12,NINO34,0.3,main
main_NINO34_NINO12_r300_s04_n410_75225a07,multiscale_weighted,6,0.3286135992868469,0.7407569718961038,4,NINO12,NINO34,0.3,main
main_NINO34_NINO12_r300_s05_n410_4c80ec1c,multiscale_equal,1,0.3333333333333333,,5,NINO12,NINO34,0.3,main
main_NINO34_NINO12_r300_s05_n410_4c80ec1c,multiscale_equal,3,0.3333333333333333,,5,NINO12,NINO34,0.3,main
main_NINO34_NINO12_r300_s05_n410_4c80ec1c,multiscale_equal,6,0.3333333333333333,,5,NINO12,NINO34,0.3,main
main_NINO34_NINO12_r300_s05_n410_4c80ec1c,multiscale_weighted,1,0.35088772091492915,0.8213589741850242,5,NINO12,NINO34,0.3,main
main_NINO34_NINO12_r300_s05_n410_4c80ec1c,multiscale_weighted,3,0.3528934634081626,0.8166906116525892,5,NINO12,NINO34,0.3,main
main_NINO34_NINO12_r300_s05_n410_4c80ec1c,multiscale_weighted,6,0.29621881567690833,0.9729455522576098,5,NINO12,NINO34,0.3,main
main_NINO34_NINO12_r300_s06_n410_606bd36f,multiscale_equal,1,0.3333333333333333,,6,NINO12,NINO34,0.3,main
main_NINO34_NINO12_r300_s06_n410_606bd36f,multiscale_equal,3,0.3333333333333333,,6,NINO12,NINO34,0.3,main
main_NINO34_NINO12_r300_s06_n410_606bd36f,multiscale_equal,6,0.3333333333333333,,6,NINO12,NINO34,0.3,main
main_NINO34_NINO12_r300_s06_n410_606bd36f,multiscale_weighted,1,0.3602151497622425,0.8130649947626809,6,NINO12,NINO34,0.3,main
main_NINO34_NINO12_r300_s06_n410_606bd36f,multiscale_weighted,3,0.36935569168763177,0.7929438623185977,6,NINO12,NINO34,0.3,main
main_NINO34_NINO12_r300_s06_n410_606bd36f,multiscale_weighted,6,0.2704291585501258,1.0830131321317389,6,NINO12,NINO34,0.3,main
main_NINO34_NINO12_r300_s07_n410_4d951d76,multiscale_equal,1,0.3333333333333333,,7,NINO12,NINO34,0.3,main
main_NINO34_NINO12_r300_s07_n410_4d951d76,multiscale_equal,3,0.3333333333333333,,7,NINO12,NINO34,0.3,main
main_NINO34_NINO12_r300_s07_n410_4d951d76,multiscale_equal,6,0.3333333333333333,,7,NINO12,NINO34,0.3,main
main_NINO34_NINO12_r300_s07_n410_4d951d76,multiscale_weighted,1,0.3277697270530649,0.7928655580644633,7,NINO12,NINO34,0.3,main
main_NINO34_NINO12_r300_s07_n410_4d951d76,multiscale_weighted,3,0.3317612113555925,0.783326436651637,7,NINO12,NINO34,0.3,main
main_NINO34_NINO12_r300_s07_n410_4d951d76,multiscale_weighted,6,0.34046906159134266,0.7632920483143124,7,NINO12,NINO34,0.3,main
main_NINO34_NINO12_r300_s08_n410_0462a7aa,multiscale_equal,1,0.3333333333333333,,8,NINO12,NINO34,0.3,main
main_NINO34_NINO12_r300_s08_n410_0462a7aa,multiscale_equal,3,0.3333333333333333,,8,NINO12,NINO34,0.3,main
main_NINO34_NINO12_r300_s08_n410_0462a7aa,multiscale_equal,6,0.3333333333333333,,8,NINO12,NINO34,0.3,main
main_NINO34_NINO12_r300_s08_n410_0462a7aa,multiscale_weighted,1,0.33564224714979957,0.8769692657439123,8,NINO12,NINO34,0.3,main
main_NINO34_NINO12_r300_s08_n410_0462a7aa,multiscale_weighted,3,0.35112518712408625,0.8382991184773928,8,NINO12,NINO34,0.3,main
main_NINO34_NINO12_r300_s08_n410_0462a7aa,multiscale_weighted,6,0.31323256572611413,0.9397105139257632,8,NINO12,NINO34,0.3,main
main_NINO34_NINO12_r300_s09_n410_f1ee91d3,multiscale_equal,1,0.3333333333333333,,9,NINO12,NINO34,0.3,main
main_NINO34_NINO12_r300_s09_n410_f1ee91d3,multiscale_equal,3,0.3333333333333333,,9,NINO12,NINO34,0.3,main
main_NINO34_NINO12_r300_s09_n410_f1ee91d3,multiscale_equal,6,0.3333333333333333,,9,NINO12,NINO34,0.3,main
main_NINO34_NINO12_r300_s09_n410_f1ee91d3,multiscale_weighted,1,0.35926997985323644,0.7651565947033189,9,NINO12,NINO34,0.3,main
main_NINO34_NINO12_r300_s09_n410_f1ee91d3,multiscale_weighted,3,0.35951091788235,0.7646437999162984,9,NINO12,NINO34,0.3,main
main_NINO34_NINO12_r300_s09_n410_f1ee91d3,multiscale_weighted,6,0.2812191022644135,0.9775217722302293,9,NINO12,NINO34,0.3,main
main_NINO34_NINO12_r300_s10_n410_dc78d9e0,multiscale_equal,1,0.3333333333333333,,10,NINO12,NINO34,0.3,main
main_NINO34_NINO12_r300_s10_n410_dc78d9e0,multiscale_equal,3,0.3333333333333333,,10,NINO12,NINO34,0.3,main
main_NINO34_NINO12_r300_s10_n410_dc78d9e0,multiscale_equal,6,0.3333333333333333,,10,NINO12,NINO34,0.3,main
main_NINO34_NINO12_r300_s10_n410_dc78d9e0,multiscale_weighted,1,0.3514902012651739,0.8538980654176264,10,NINO12,NINO34,0.3,main
main_NINO34_NINO12_r300_s10_n410_dc78d9e0,multiscale_weighted,3,0.3135390131027503,0.9572550489176632,10,NINO12,NINO34,0.3,main
main_NINO34_NINO12_r300_s10_n410_dc78d9e0,multiscale_weighted,6,0.3349707856320759,0.896008893742325,10,NINO12,NINO34,0.3,main
main_NINO34_NINO12_r300_s11_n410_51bb8029,multiscale_equal,1,0.3333333333333333,,11,NINO12,NINO34,0.3,main
main_NINO34_NINO12_r300_s11_n410_51bb8029,multiscale_equal,3,0.3333333333333333,,11,NINO12,NINO34,0.3,main
main_NINO34_NINO12_r300_s11_n410_51bb8029,multiscale_equal,6,0.3333333333333333,,11,NINO12,NINO34,0.3,main
main_NINO34_NINO12_r300_s11_n410_51bb8029,multiscale_weighted,1,0.3602824496691748,0.8203630374642311,11,NINO12,NINO34,0.3,main
main_NINO34_NINO12_r300_s11_n410_51bb8029,multiscale_weighted,3,0.3197035967661382,0.9244888334806133,11,NINO12,NINO34,0.3,main
main_NINO34_NINO12_r300_s11_n410_51bb8029,multiscale_weighted,6,0.3200139535646871,0.9235922432066119,11,NINO12,NINO34,0.3,main
main_NINO34_NINO12_r300_s12_n410_201ba0ed,multiscale_equal,1,0.3333333333333333,,12,NINO12,NINO34,0.3,main
main_NINO34_NINO12_r300_s12_n410_201ba0ed,multiscale_equal,3,0.3333333333333333,,12,NINO12,NINO34,0.3,main
main_NINO34_NINO12_r300_s12_n410_201ba0ed,multiscale_equal,6,0.3333333333333333,,12,NINO12,NINO34,0.3,main
main_NINO34_NINO12_r300_s12_n410_201ba0ed,multiscale_weighted,1,0.3789980558427461,0.7668753410538112,12,NINO12,NINO34,0.3,main
main_NINO34_NINO12_r300_s12_n410_201ba0ed,multiscale_weighted,3,0.29891072753229614,0.9723447084147776,12,NINO12,NINO34,0.3,main
main_NINO34_NINO12_r300_s12_n410_201ba0ed,multiscale_weighted,6,0.3220912166249577,0.9023663141074573,12,NINO12,NINO34,0.3,main
main_NINO34_NINO12_r300_s13_n410_0a58ce9f,multiscale_equal,1,0.3333333333333333,,13,NINO12,NINO34,0.3,main
main_NINO34_NINO12_r300_s13_n410_0a58ce9f,multiscale_equal,3,0.3333333333333333,,13,NINO12,NINO34,0.3,main
main_NINO34_NINO12_r300_s13_n410_0a58ce9f,multiscale_equal,6,0.3333333333333333,,13,NINO12,NINO34,0.3,main
main_NINO34_NINO12_r300_s13_n410_0a58ce9f,multiscale_weighted,1,0.4155084074060356,0.8272764619901557,13,NINO12,NINO34,0.3,main
main_NINO34_NINO12_r300_s13_n410_0a58ce9f,multiscale_weighted,3,0.3065886920391118,1.1211774458219992,13,NINO12,NINO34,0.3,main
main_NINO34_NINO12_r300_s13_n410_0a58ce9f,multiscale_weighted,6,0.27790290055485256,1.2369080220267639,13,NINO12,NINO34,0.3,main
main_NINO34_NINO12_r300_s14_n410_d855219a,multiscale_equal,1,0.3333333333333333,,14,NINO12,NINO34,0.3,main
main_NINO34_NINO12_r300_s14_n410_d855219a,multiscale_equal,3,0.3333333333333333,,14,NINO12,NINO34,0.3,main
main_NINO34_NINO12_r300_s14_n410_d855219a,multiscale_equal,6,0.3333333333333333,,14,NINO12,NINO34,0.3,main
main_NINO34_NINO12_r300_s14_n410_d855219a,multiscale_weighted,1,0.37187845223302,0.9004415048225891,14,NINO12,NINO34,0.3,main
main_NINO34_NINO12_r300_s14_n410_d855219a,multiscale_weighted,3,0.3099568583104109,1.0803271002974422,14,NINO12,NINO34,0.3,main
main_NINO34_NINO12_r300_s14_n410_d855219a,multiscale_weighted,6,0.31816468945656906,1.0524574377488825,14,NINO12,NINO34,0.3,main
main_NINO34_NINO12_r300_s15_n410_bd4c7844,multiscale_equal,1,0.3333333333333333,,15,NINO12,NINO34,0.3,main
main_NINO34_NINO12_r300_s15_n410_bd4c7844,multiscale_equal,3,0.3333333333333333,,15,NINO12,NINO34,0.3,main
main_NINO34_NINO12_r300_s15_n410_bd4c7844,multiscale_equal,6,0.3333333333333333,,15,NINO12,NINO34,0.3,main
main_NINO34_NINO12_r300_s15_n410_bd4c7844,multiscale_weighted,1,0.3188067106905398,0.8424756494385729,15,NINO12,NINO34,0.3,main
main_NINO34_NINO12_r300_s15_n410_bd4c7844,multiscale_weighted,3,0.3342511198986356,0.8035482140282724,15,NINO12,NINO34,0.3,main
main_NINO34_NINO12_r300_s15_n410_bd4c7844,multiscale_weighted,6,0.3469421694108246,0.7741546400107329,15,NINO12,NINO34,0.3,main
main_NINO34_NINO12_r300_s16_n410_16e5ace1,multiscale_equal,1,0.3333333333333333,,16,NINO12,NINO34,0.3,main
main_NINO34_NINO12_r300_s16_n410_16e5ace1,multiscale_equal,3,0.3333333333333333,,16,NINO12,NINO34,0.3,main
main_NINO34_NINO12_r300_s16_n410_16e5ace1,multiscale_equal,6,0.3333333333333333,,16,NINO12,NINO34,0.3,main
main_NINO34_NINO12_r300_s16_n410_16e5ace1,multiscale_weighted,1,0.41546375216595227,0.8842011039972321,16,NINO12,NINO34,0.3,main
main_NINO34_NINO12_r300_s16_n410_16e5ace1,multiscale_weighted,3,0.33352494681530914,1.1014273834030408,16,NINO12,NINO34,0.3,main
main_NINO34_NINO12_r300_s16_n410_16e5ace1,multiscale_weighted,6,0.25101130101873864,1.463493910919238,16,NINO12,NINO34,0.3,main
main_NINO34_NINO12_r300_s17_n410_ab68d606,multiscale_equal,1,0.3333333333333333,,17,NINO12,NINO34,0.3,main
main_NINO34_NINO12_r300_s17_n410_ab68d606,multiscale_equal,3,0.3333333333333333,,17,NINO12,NINO34,0.3,main
main_NINO34_NINO12_r300_s17_n410_ab68d606,multiscale_equal,6,0.3333333333333333,,17,NINO12,NINO34,0.3,main
main_NINO34_NINO12_r300_s17_n410_ab68d606,multiscale_weighted,1,0.33797767308234744,0.785085411485826,17,NINO12,NINO34,0.3,main
main_NINO34_NINO12_r300_s17_n410_ab68d606,multiscale_weighted,3,0.3565650104773004,0.7441597816262495,17,NINO12,NINO34,0.3,main
main_NINO34_NINO12_r300_s17_n410_ab68d606,multiscale_weighted,6,0.3054573164403522,0.8686691286654072,17,NINO12,NINO34,0.3,main
main_NINO34_NINO12_r300_s18_n410_1e1aaa55,multiscale_equal,1,0.3333333333333333,,18,NINO12,NINO34,0.3,main
main_NINO34_NINO12_r300_s18_n410_1e1aaa55,multiscale_equal,3,0.3333333333333333,,18,NINO12,NINO34,0.3,main
main_NINO34_NINO12_r300_s18_n410_1e1aaa55,multiscale_equal,6,0.3333333333333333,,18,NINO12,NINO34,0.3,main
main_NINO34_NINO12_r300_s18_n410_1e1aaa55,multiscale_weighted,1,0.3609660483294406,0.7404352424884294,18,NINO12,NINO34,0.3,main
main_NINO34_NINO12_r300_s18_n410_1e1aaa55,multiscale_weighted,3,0.3497992950322655,0.7640723907864071,18,NINO12,NINO34,0.3,main
main_NINO34_NINO12_r300_s18_n410_1e1aaa55,multiscale_weighted,6,0.2892346566382938,0.9240662493196926,18,NINO12,NINO34,0.3,main
main_NINO34_NINO12_r300_s19_n410_693115fd,multiscale_equal,1,0.3333333333333333,,19,NINO12,NINO34,0.3,main
main_NINO34_NINO12_r300_s19_n410_693115fd,multiscale_equal,3,0.3333333333333333,,19,NINO12,NINO34,0.3,main
main_NINO34_NINO12_r300_s19_n410_693115fd,multiscale_equal,6,0.3333333333333333,,19,NINO12,NINO34,0.3,main
main_NINO34_NINO12_r300_s19_n410_693115fd,multiscale_weighted,1,0.38037642908286123,0.7242349909726304,19,NINO12,NINO34,0.3,main
main_NINO34_NINO12_r300_s19_n410_693115fd,multiscale_weighted,3,0.27235308832918964,1.0114881482409965,19,NINO12,NINO34,0.3,main
main_NINO34_NINO12_r300_s19_n410_693115fd,multiscale_weighted,6,0.3472704825879491,0.793277672286176,19,NINO12,NINO34,0.3,main
main_NINO34_NINO12_r500_s00_n410_833c280e,multiscale_equal,1,0.3333333333333333,,0,NINO12,NINO34,0.5,main
main_NINO34_NINO12_r500_s00_n410_833c280e,multiscale_equal,3,0.3333333333333333,,0,NINO12,NINO34,0.5,main
main_NINO34_NINO12_r500_s00_n410_833c280e,multiscale_equal,6,0.3333333333333333,,0,NINO12,NINO34,0.5,main
main_NINO34_NINO12_r500_s00_n410_833c280e,multiscale_weighted,1,0.34894143910367975,0.9000310239092644,0,NINO12,NINO34,0.5,main
main_NINO34_NINO12_r500_s00_n410_833c280e,multiscale_weighted,3,0.3638106992790497,0.8632459713666496,0,NINO12,NINO34,0.5,main
main_NINO34_NINO12_r500_s00_n410_833c280e,multiscale_weighted,6,0.2872478616172705,1.0933349334584477,0,NINO12,NINO34,0.5,main
main_NINO34_NINO12_r500_s01_n410_4bfb6657,multiscale_equal,1,0.3333333333333333,,1,NINO12,NINO34,0.5,main
main_NINO34_NINO12_r500_s01_n410_4bfb6657,multiscale_equal,3,0.3333333333333333,,1,NINO12,NINO34,0.5,main
main_NINO34_NINO12_r500_s01_n410_4bfb6657,multiscale_equal,6,0.3333333333333333,,1,NINO12,NINO34,0.5,main
main_NINO34_NINO12_r500_s01_n410_4bfb6657,multiscale_weighted,1,0.3639544649480571,0.9063548804690695,1,NINO12,NINO34,0.5,main
main_NINO34_NINO12_r500_s01_n410_4bfb6657,multiscale_weighted,3,0.2977316741573074,1.1079503294197597,1,NINO12,NINO34,0.5,main
main_NINO34_NINO12_r500_s01_n410_4bfb6657,multiscale_weighted,6,0.33831386089463544,0.975046972788358,1,NINO12,NINO34,0.5,main
main_NINO34_NINO12_r500_s02_n410_14adb6dc,multiscale_equal,1,0.3333333333333333,,2,NINO12,NINO34,0.5,main
main_NINO34_NINO12_r500_s02_n410_14adb6dc,multiscale_equal,3,0.3333333333333333,,2,NINO12,NINO34,0.5,main
main_NINO34_NINO12_r500_s02_n410_14adb6dc,multiscale_equal,6,0.3333333333333333,,2,NINO12,NINO34,0.5,main
main_NINO34_NINO12_r500_s02_n410_14adb6dc,multiscale_weighted,1,0.3495154431590662,0.8142032679113332,2,NINO12,NINO34,0.5,main
main_NINO34_NINO12_r500_s02_n410_14adb6dc,multiscale_weighted,3,0.35155401729742947,0.8094819059946441,2,NINO12,NINO34,0.5,main
main_NINO34_NINO12_r500_s02_n410_14adb6dc,multiscale_weighted,6,0.2989305395435043,0.9519824137927868,2,NINO12,NINO34,0.5,main
main_NINO34_NINO12_r500_s03_n410_924271e2,multiscale_equal,1,0.3333333333333333,,3,NINO12,NINO34,0.5,main
main_NINO34_NINO12_r500_s03_n410_924271e2,multiscale_equal,3,0.3333333333333333,,3,NINO12,NINO34,0.5,main
main_NINO34_NINO12_r500_s03_n410_924271e2,multiscale_equal,6,0.3333333333333333,,3,NINO12,NINO34,0.5,main
main_NINO34_NINO12_r500_s03_n410_924271e2,multiscale_weighted,1,0.38678693161811284,0.705518531601559,3,NINO12,NINO34,0.5,main
main_NINO34_NINO12_r500_s03_n410_924271e2,multiscale_weighted,3,0.2874902222053472,0.9491987135532224,3,NINO12,NINO34,0.5,main
main_NINO34_NINO12_r500_s03_n410_924271e2,multiscale_weighted,6,0.32572284617653996,0.8377838763224531,3,NINO12,NINO34,0.5,main
main_NINO34_NINO12_r500_s04_n410_bdfa6802,multiscale_equal,1,0.3333333333333333,,4,NINO12,NINO34,0.5,main
main_NINO34_NINO12_r500_s04_n410_bdfa6802,multiscale_equal,3,0.3333333333333333,,4,NINO12,NINO34,0.5,main
main_NINO34_NINO12_r500_s04_n410_bdfa6802,multiscale_equal,6,0.3333333333333333,,4,NINO12,NINO34,0.5,main
main_NINO34_NINO12_r500_s04_n410_bdfa6802,multiscale_weighted,1,0.35795750938280313,0.7757502975263157,4,NINO12,NINO34,0.5,main
main_NINO34_NINO12_r500_s04_n410_bdfa6802,multiscale_weighted,3,0.39164957894006786,0.7090155561005043,4,NINO12,NINO34,0.5,main
main_NINO34_NINO12_r500_s04_n410_bdfa6802,multiscale_weighted,6,0.2503929116771291,1.1089996270751674,4,NINO12,NINO34,0.5,main
main_NINO34_NINO12_r500_s05_n410_409861ba,multiscale_equal,1,0.3333333333333333,,5,NINO12,NINO34,0.5,main
main_NINO34_NINO12_r500_s05_n410_409861ba,multiscale_equal,3,0.3333333333333333,,5,NINO12,NINO34,0.5,main
main_NINO34_NINO12_r500_s05_n410_409861ba,multiscale_equal,6,0.3333333333333333,,5,NINO12,NINO34,0.5,main
main_NINO34_NINO12_r500_s05_n410_409861ba,multiscale_weighted,1,0.33822651732597836,0.7391219275570432,5,NINO12,NINO34,0.5,main
main_NINO34_NINO12_r500_s05_n410_409861ba,multiscale_weighted,3,0.3341392638049044,0.7481630043886129,5,NINO12,NINO34,0.5,main
main_NINO34_NINO12_r500_s05_n410_409861ba,multiscale_weighted,6,0.3276342188691172,0.7630174785888967,5,NINO12,NINO34,0.5,main
main_NINO34_NINO12_r500_s06_n410_753fe6b6,multiscale_equal,1,0.3333333333333333,,6,NINO12,NINO34,0.5,main
main_NINO34_NINO12_r500_s06_n410_753fe6b6,multiscale_equal,3,0.3333333333333333,,6,NINO12,NINO34,0.5,main
main_NINO34_NINO12_r500_s06_n410_753fe6b6,multiscale_equal,6,0.3333333333333333,,6,NINO12,NINO34,0.5,main
main_NINO34_NINO12_r500_s06_n410_753fe6b6,multiscale_weighted,1,0.42970453244768775,0.7252237136478881,6,NINO12,NINO34,0.5,main
main_NINO34_NINO12_r500_s06_n410_753fe6b6,multiscale_weighted,3,0.24385843832342236,1.2779214090545452,6,NINO12,NINO34,0.5,main
main_NINO34_NINO12_r500_s06_n410_753fe6b6,multiscale_weighted,6,0.32643702922888995,0.9546463488464992,6,NINO12,NINO34,0.5,main
main_NINO34_NINO12_r500_s07_n410_ffe09d40,multiscale_equal,1,0.3333333333333333,,7,NINO12,NINO34,0.5,main
main_NINO34_NINO12_r500_s07_n410_ffe09d40,multiscale_equal,3,0.3333333333333333,,7,NINO12,NINO34,0.5,main
main_NINO34_NINO12_r500_s07_n410_ffe09d40,multiscale_equal,6,0.3333333333333333,,7,NINO12,NINO34,0.5,main
main_NINO34_NINO12_r500_s07_n410_ffe09d40,multiscale_weighted,1,0.35789439868336775,0.8262326573811409,7,NINO12,NINO34,0.5,main
main_NINO34_NINO12_r500_s07_n410_ffe09d40,multiscale_weighted,3,0.2812749779411362,1.0512987795765596,7,NINO12,NINO34,0.5,main
main_NINO34_NINO12_r500_s07_n410_ffe09d40,multiscale_weighted,6,0.36083062337549604,0.8195092680420749,7,NINO12,NINO34,0.5,main
main_NINO34_NINO12_r500_s08_n410_5b011503,multiscale_equal,1,0.3333333333333333,,8,NINO12,NINO34,0.5,main
main_NINO34_NINO12_r500_s08_n410_5b011503,multiscale_equal,3,0.3333333333333333,,8,NINO12,NINO34,0.5,main
main_NINO34_NINO12_r500_s08_n410_5b011503,multiscale_equal,6,0.3333333333333333,,8,NINO12,NINO34,0.5,main
main_NINO34_NINO12_r500_s08_n410_5b011503,multiscale_weighted,1,0.42003939784152516,0.5821864023535633,8,NINO12,NINO34,0.5,main
main_NINO34_NINO12_r500_s08_n410_5b011503,multiscale_weighted,3,0.3037769702955307,0.8050025214249651,8,NINO12,NINO34,0.5,main
main_NINO34_NINO12_r500_s08_n410_5b011503,multiscale_weighted,6,0.2761836318629442,0.8854298340027101,8,NINO12,NINO34,0.5,main
main_NINO34_NINO12_r500_s09_n410_580dd92f,multiscale_equal,1,0.3333333333333333,,9,NINO12,NINO34,0.5,main
main_NINO34_NINO12_r500_s09_n410_580dd92f,multiscale_equal,3,0.3333333333333333,,9,NINO12,NINO34,0.5,main
main_NINO34_NINO12_r500_s09_n410_580dd92f,multiscale_equal,6,0.3333333333333333,,9,NINO12,NINO34,0.5,main
main_NINO34_NINO12_r500_s09_n410_580dd92f,multiscale_weighted,1,0.40285483443234704,0.6603060943935385,9,NINO12,NINO34,0.5,main
main_NINO34_NINO12_r500_s09_n410_580dd92f,multiscale_weighted,3,0.35842518285985137,0.7421562867790041,9,NINO12,NINO34,0.5,main
main_NINO34_NINO12_r500_s09_n410_580dd92f,multiscale_weighted,6,0.2387199827078015,1.1143076546937378,9,NINO12,NINO34,0.5,main
main_NINO34_NINO12_r500_s10_n410_7d790431,multiscale_equal,1,0.3333333333333333,,10,NINO12,NINO34,0.5,main
main_NINO34_NINO12_r500_s10_n410_7d790431,multiscale_equal,3,0.3333333333333333,,10,NINO12,NINO34,0.5,main
main_NINO34_NINO12_r500_s10_n410_7d790431,multiscale_equal,6,0.3333333333333333,,10,NINO12,NINO34,0.5,main
main_NINO34_NINO12_r500_s10_n410_7d790431,multiscale_weighted,1,0.34309123578446293,1.0216107959721057,10,NINO12,NINO34,0.5,main
main_NINO34_NINO12_r500_s10_n410_7d790431,multiscale_weighted,3,0.37270927572960355,0.9404265815631164,10,NINO12,NINO34,0.5,main
main_NINO34_NINO12_r500_s10_n410_7d790431,multiscale_weighted,6,0.28419948848593346,1.2333087336741035,10,NINO12,NINO34,0.5,main
main_NINO34_NINO12_r500_s11_n410_019059d4,multiscale_equal,1,0.3333333333333333,,11,NINO12,NINO34,0.5,main
main_NINO34_NINO12_r500_s11_n410_019059d4,multiscale_equal,3,0.3333333333333333,,11,NINO12,NINO34,0.5,main
main_NINO34_NINO12_r500_s11_n410_019059d4,multiscale_equal,6,0.3333333333333333,,11,NINO12,NINO34,0.5,main
main_NINO34_NINO12_r500_s11_n410_019059d4,multiscale_weighted,1,0.40375340648814007,0.8530832472120784,11,NINO12,NINO34,0.5,main
main_NINO34_NINO12_r500_s11_n410_019059d4,multiscale_weighted,3,0.26694957178560796,1.2902634252500869,11,NINO12,NINO34,0.5,main
main_NINO34_NINO12_r500_s11_n410_019059d4,multiscale_weighted,6,0.32929702172625197,1.0459714037002694,11,NINO12,NINO34,0.5,main
main_NINO34_NINO12_r500_s12_n410_2fd6c916,multiscale_equal,1,0.3333333333333333,,12,NINO12,NINO34,0.5,main
main_NINO34_NINO12_r500_s12_n410_2fd6c916,multiscale_equal,3,0.3333333333333333,,12,NINO12,NINO34,0.5,main
main_NINO34_NINO12_r500_s12_n410_2fd6c916,multiscale_equal,6,0.3333333333333333,,12,NINO12,NINO34,0.5,main
main_NINO34_NINO12_r500_s12_n410_2fd6c916,multiscale_weighted,1,0.40492802873017336,0.7889499300345775,12,NINO12,NINO34,0.5,main
main_NINO34_NINO12_r500_s12_n410_2fd6c916,multiscale_weighted,3,0.30675415289118424,1.04144618116617,12,NINO12,NINO34,0.5,main
main_NINO34_NINO12_r500_s12_n410_2fd6c916,multiscale_weighted,6,0.2883178183786423,1.1080409219860878,12,NINO12,NINO34,0.5,main
main_NINO34_NINO12_r500_s13_n410_514f3208,multiscale_equal,1,0.3333333333333333,,13,NINO12,NINO34,0.5,main
main_NINO34_NINO12_r500_s13_n410_514f3208,multiscale_equal,3,0.3333333333333333,,13,NINO12,NINO34,0.5,main
main_NINO34_NINO12_r500_s13_n410_514f3208,multiscale_equal,6,0.3333333333333333,,13,NINO12,NINO34,0.5,main
main_NINO34_NINO12_r500_s13_n410_514f3208,multiscale_weighted,1,0.3555942123633972,0.7928585413704551,13,NINO12,NINO34,0.5,main
main_NINO34_NINO12_r500_s13_n410_514f3208,multiscale_weighted,3,0.3520909805249932,0.8007473186693523,13,NINO12,NINO34,0.5,main
main_NINO34_NINO12_r500_s13_n410_514f3208,multiscale_weighted,6,0.2923148071116095,0.9644941089441325,13,NINO12,NINO34,0.5,main
main_NINO34_NINO12_r500_s14_n410_e9b99360,multiscale_equal,1,0.3333333333333333,,14,NINO12,NINO34,0.5,main
main_NINO34_NINO12_r500_s14_n410_e9b99360,multiscale_equal,3,0.3333333333333333,,14,NINO12,NINO34,0.5,main
main_NINO34_NINO12_r500_s14_n410_e9b99360,multiscale_equal,6,0.3333333333333333,,14,NINO12,NINO34,0.5,main
main_NINO34_NINO12_r500_s14_n410_e9b99360,multiscale_weighted,1,0.3702515079091344,0.8409889481788272,14,NINO12,NINO34,0.5,main
main_NINO34_NINO12_r500_s14_n410_e9b99360,multiscale_weighted,3,0.36963112667857606,0.8424004466411189,14,NINO12,NINO34,0.5,main
main_NINO34_NINO12_r500_s14_n410_e9b99360,multiscale_weighted,6,0.2601173654122895,1.1970651293871175,14,NINO12,NINO34,0.5,main
main_NINO34_NINO12_r500_s15_n410_282d76f8,multiscale_equal,1,0.3333333333333333,,15,NINO12,NINO34,0.5,main
main_NINO34_NINO12_r500_s15_n410_282d76f8,multiscale_equal,3,0.3333333333333333,,15,NINO12,NINO34,0.5,main
main_NINO34_NINO12_r500_s15_n410_282d76f8,multiscale_equal,6,0.3333333333333333,,15,NINO12,NINO34,0.5,main
main_NINO34_NINO12_r500_s15_n410_282d76f8,multiscale_weighted,1,0.3147000723198246,0.7569215642452952,15,NINO12,NINO34,0.5,main
main_NINO34_NINO12_r500_s15_n410_282d76f8,multiscale_weighted,3,0.33587438964620364,0.709203434534223,15,NINO12,NINO34,0.5,main
main_NINO34_NINO12_r500_s15_n410_282d76f8,multiscale_weighted,6,0.3494255380339718,0.681699660127581,15,NINO12,NINO34,0.5,main
main_NINO34_NINO12_r500_s16_n410_9abd42f4,multiscale_equal,1,0.3333333333333333,,16,NINO12,NINO34,0.5,main
main_NINO34_NINO12_r500_s16_n410_9abd42f4,multiscale_equal,3,0.3333333333333333,,16,NINO12,NINO34,0.5,main
main_NINO34_NINO12_r500_s16_n410_9abd42f4,multiscale_equal,6,0.3333333333333333,,16,NINO12,NINO34,0.5,main
main_NINO34_NINO12_r500_s16_n410_9abd42f4,multiscale_weighted,1,0.41165361962378805,0.8397973002799042,16,NINO12,NINO34,0.5,main
main_NINO34_NINO12_r500_s16_n410_9abd42f4,multiscale_weighted,3,0.3187113159591615,1.0846982282133726,16,NINO12,NINO34,0.5,main
main_NINO34_NINO12_r500_s16_n410_9abd42f4,multiscale_weighted,6,0.26963506441705043,1.2821240485835748,16,NINO12,NINO34,0.5,main
main_NINO34_NINO12_r500_s17_n410_f3e3be1b,multiscale_equal,1,0.3333333333333333,,17,NINO12,NINO34,0.5,main
main_NINO34_NINO12_r500_s17_n410_f3e3be1b,multiscale_equal,3,0.3333333333333333,,17,NINO12,NINO34,0.5,main
main_NINO34_NINO12_r500_s17_n410_f3e3be1b,multiscale_equal,6,0.3333333333333333,,17,NINO12,NINO34,0.5,main
main_NINO34_NINO12_r500_s17_n410_f3e3be1b,multiscale_weighted,1,0.3598596573926026,0.6602178985214062,17,NINO12,NINO34,0.5,main
main_NINO34_NINO12_r500_s17_n410_f3e3be1b,multiscale_weighted,3,0.3465922863469556,0.6854906940687994,17,NINO12,NINO34,0.5,main
main_NINO34_NINO12_r500_s17_n410_f3e3be1b,multiscale_weighted,6,0.29354805626044184,0.8093590895990379,17,NINO12,NINO34,0.5,main
main_NINO34_NINO12_r500_s18_n410_56adc352,multiscale_equal,1,0.3333333333333333,,18,NINO12,NINO34,0.5,main
main_NINO34_NINO12_r500_s18_n410_56adc352,multiscale_equal,3,0.3333333333333333,,18,NINO12,NINO34,0.5,main
main_NINO34_NINO12_r500_s18_n410_56adc352,multiscale_equal,6,0.3333333333333333,,18,NINO12,NINO34,0.5,main
main_NINO34_NINO12_r500_s18_n410_56adc352,multiscale_weighted,1,0.345492450843462,0.7965622341747659,18,NINO12,NINO34,0.5,main
main_NINO34_NINO12_r500_s18_n410_56adc352,multiscale_weighted,3,0.35293318371124444,0.7797686676728859,18,NINO12,NINO34,0.5,main
main_NINO34_NINO12_r500_s18_n410_56adc352,multiscale_weighted,6,0.3015743654452935,0.9125650938027091,18,NINO12,NINO34,0.5,main
main_NINO34_NINO12_r500_s19_n410_79424e69,multiscale_equal,1,0.3333333333333333,,19,NINO12,NINO34,0.5,main
main_NINO34_NINO12_r500_s19_n410_79424e69,multiscale_equal,3,0.3333333333333333,,19,NINO12,NINO34,0.5,main
main_NINO34_NINO12_r500_s19_n410_79424e69,multiscale_equal,6,0.3333333333333333,,19,NINO12,NINO34,0.5,main
main_NINO34_NINO12_r500_s19_n410_79424e69,multiscale_weighted,1,0.39019763012757963,0.7307842108855078,19,NINO12,NINO34,0.5,main
main_NINO34_NINO12_r500_s19_n410_79424e69,multiscale_weighted,3,0.25892084174012264,1.1013028805569314,19,NINO12,NINO34,0.5,main
main_NINO34_NINO12_r500_s19_n410_79424e69,multiscale_weighted,6,0.3508815281322977,0.8126682223082724,19,NINO12,NINO34,0.5,main
main_NINO34_NINO12_r700_s00_n410_0c5dcf29,multiscale_equal,1,0.3333333333333333,,0,NINO12,NINO34,0.7,main
main_NINO34_NINO12_r700_s00_n410_0c5dcf29,multiscale_equal,3,0.3333333333333333,,0,NINO12,NINO34,0.7,main
main_NINO34_NINO12_r700_s00_n410_0c5dcf29,multiscale_equal,6,0.3333333333333333,,0,NINO12,NINO34,0.7,main
main_NINO34_NINO12_r700_s00_n410_0c5dcf29,multiscale_weighted,1,0.36595132154823995,1.006548864162293,0,NINO12,NINO34,0.7,main
main_NINO34_NINO12_r700_s00_n410_0c5dcf29,multiscale_weighted,3,0.3281562543427565,1.1224771211721438,0,NINO12,NINO34,0.7,main
main_NINO34_NINO12_r700_s00_n410_0c5dcf29,multiscale_weighted,6,0.30589242410900347,1.2041746019408366,0,NINO12,NINO34,0.7,main
main_NINO34_NINO12_r700_s01_n410_b05d5402,multiscale_equal,1,0.3333333333333333,,1,NINO12,NINO34,0.7,main
main_NINO34_NINO12_r700_s01_n410_b05d5402,multiscale_equal,3,0.3333333333333333,,1,NINO12,NINO34,0.7,main
main_NINO34_NINO12_r700_s01_n410_b05d5402,multiscale_equal,6,0.3333333333333333,,1,NINO12,NINO34,0.7,main
main_NINO34_NINO12_r700_s01_n410_b05d5402,multiscale_weighted,1,0.391259748208796,1.0094603654539294,1,NINO12,NINO34,0.7,main
main_NINO34_NINO12_r700_s01_n410_b05d5402,multiscale_weighted,3,0.3671953811587137,1.0756159501306168,1,NINO12,NINO34,0.7,main
main_NINO34_NINO12_r700_s01_n410_b05d5402,multiscale_weighted,6,0.24154487063249028,1.6351463382723985,1,NINO12,NINO34,0.7,main
main_NINO34_NINO12_r700_s02_n410_ba5d2f25,multiscale_equal,1,0.3333333333333333,,2,NINO12,NINO34,0.7,main
main_NINO34_NINO12_r700_s02_n410_ba5d2f25,multiscale_equal,3,0.3333333333333333,,2,NINO12,NINO34,0.7,main
main_NINO34_NINO12_r700_s02_n410_ba5d2f25,multiscale_equal,6,0.3333333333333333,,2,NINO12,NINO34,0.7,main
main_NINO34_NINO12_r700_s02_n410_ba5d2f25,multiscale_weighted,1,0.3409692486432993,0.7837764730287625,2,NINO12,NINO34,0.7,main
main_NINO34_NINO12_r700_s02_n410_ba5d2f25,multiscale_weighted,3,0.33083010933161766,0.8077973186055938,2,NINO12,NINO34,0.7,main
main_NINO34_NINO12_r700_s02_n410_ba5d2f25,multiscale_weighted,6,0.32820064202508314,0.8142692031740618,2,NINO12,NINO34,0.7,main
main_NINO34_NINO12_r700_s03_n410_02aa45bc,multiscale_equal,1,0.3333333333333333,,3,NINO12,NINO34,0.7,main
main_NINO34_NINO12_r700_s03_n410_02aa45bc,multiscale_equal,3,0.3333333333333333,,3,NINO12,NINO34,0.7,main
main_NINO34_NINO12_r700_s03_n410_02aa45bc,multiscale_equal,6,0.3333333333333333,,3,NINO12,NINO34,0.7,main
main_NINO34_NINO12_r700_s03_n410_02aa45bc,multiscale_weighted,1,0.3496952839140893,0.901243958335081,3,NINO12,NINO34,0.7,main
main_NINO34_NINO12_r700_s03_n410_02aa45bc,multiscale_weighted,3,0.3099349726267059,1.0168609228331105,3,NINO12,NINO34,0.7,main
main_NINO34_NINO12_r700_s03_n410_02aa45bc,multiscale_weighted,6,0.34036974345920473,0.9259364794769811,3,NINO12,NINO34,0.7,main
main_NINO34_NINO12_r700_s04_n410_a83c29a3,multiscale_equal,1,0.3333333333333333,,4,NINO12,NINO34,0.7,main
main_NINO34_NINO12_r700_s04_n410_a83c29a3,multiscale_equal,3,0.3333333333333333,,4,NINO12,NINO34,0.7,main
main_NINO34_NINO12_r700_s04_n410_a83c29a3,multiscale_equal,6,0.3333333333333333,,4,NINO12,NINO34,0.7,main
main_NINO34_NINO12_r700_s04_n410_a83c29a3,multiscale_weighted,1,0.3859786338524569,0.7459165045958022,4,NINO12,NINO34,0.7,main
main_NINO34_NINO12_r700_s04_n410_a83c29a3,multiscale_weighted,3,0.30022041850748027,0.958988185300793,4,NINO12,NINO34,0.7,main
main_NINO34_NINO12_r700_s04_n410_a83c29a3,multiscale_weighted,6,0.3138009476400628,0.9174855472993345,4,NINO12,NINO34,0.7,main
main_NINO34_NINO12_r700_s05_n410_c1f9f9ad,multiscale_equal,1,0.3333333333333333,,5,NINO12,NINO34,0.7,main
main_NINO34_NINO12_r700_s05_n410_c1f9f9ad,multiscale_equal,3,0.3333333333333333,,5,NINO12,NINO34,0.7,main
main_NINO34_NINO12_r700_s05_n410_c1f9f9ad,multiscale_equal,6,0.3333333333333333,,5,NINO12,NINO34,0.7,main
main_NINO34_NINO12_r700_s05_n410_c1f9f9ad,multiscale_weighted,1,0.2700859956112248,0.689077605550751,5,NINO12,NINO34,0.7,main
main_NINO34_NINO12_r700_s05_n410_c1f9f9ad,multiscale_weighted,3,0.3402142559130597,0.5470382478168484,5,NINO12,NINO34,0.7,main
main_NINO34_NINO12_r700_s05_n410_c1f9f9ad,multiscale_weighted,6,0.3896997484757155,0.47757333860960705,5,NINO12,NINO34,0.7,main
main_NINO34_NINO12_r700_s06_n410_662875ab,multiscale_equal,1,0.3333333333333333,,6,NINO12,NINO34,0.7,main
main_NINO34_NINO12_r700_s06_n410_662875ab,multiscale_equal,3,0.3333333333333333,,6,NINO12,NINO34,0.7,main
main_NINO34_NINO12_r700_s06_n410_662875ab,multiscale_equal,6,0.3333333333333333,,6,NINO12,NINO34,0.7,main
main_NINO34_NINO12_r700_s06_n410_662875ab,multiscale_weighted,1,0.4661288653339098,0.7312139370832965,6,NINO12,NINO34,0.7,main
main_NINO34_NINO12_r700_s06_n410_662875ab,multiscale_weighted,3,0.2478518065869758,1.375176281780095,6,NINO12,NINO34,0.7,main
main_NINO34_NINO12_r700_s06_n410_662875ab,multiscale_weighted,6,0.28601932807911457,1.191667456805204,6,NINO12,NINO34,0.7,main
main_NINO34_NINO12_r700_s07_n410_bdf42f7c,multiscale_equal,1,0.3333333333333333,,7,NINO12,NINO34,0.7,main
main_NINO34_NINO12_r700_s07_n410_bdf42f7c,multiscale_equal,3,0.3333333333333333,,7,NINO12,NINO34,0.7,main
main_NINO34_NINO12_r700_s07_n410_bdf42f7c,multiscale_equal,6,0.3333333333333333,,7,NINO12,NINO34,0.7,main
main_NINO34_NINO12_r700_s07_n410_bdf42f7c,multiscale_weighted,1,0.406644243215094,0.8064611105810998,7,NINO12,NINO34,0.7,main
main_NINO34_NINO12_r700_s07_n410_bdf42f7c,multiscale_weighted,3,0.31014461959140627,1.0573866143999526,7,NINO12,NINO34,0.7,main
main_NINO34_NINO12_r700_s07_n410_bdf42f7c,multiscale_weighted,6,0.2832111371934998,1.1579444681935345,7,NINO12,NINO34,0.7,main
main_NINO34_NINO12_r700_s08_n410_54614f4d,multiscale_equal,1,0.3333333333333333,,8,NINO12,NINO34,0.7,main
main_NINO34_NINO12_r700_s08_n410_54614f4d,multiscale_equal,3,0.3333333333333333,,8,NINO12,NINO34,0.7,main
main_NINO34_NINO12_r700_s08_n410_54614f4d,multiscale_equal,6,0.3333333333333333,,8,NINO12,NINO34,0.7,main
main_NINO34_NINO12_r700_s08_n410_54614f4d,multiscale_weighted,1,0.33294894315571627,0.654709069159424,8,NINO12,NINO34,0.7,main
main_NINO34_NINO12_r700_s08_n410_54614f4d,multiscale_weighted,3,0.3200492788137984,0.6810972784936374,8,NINO12,NINO34,0.7,main
main_NINO34_NINO12_r700_s08_n410_54614f4d,multiscale_weighted,6,0.3470017780304853,0.6281947422391329,8,NINO12,NINO34,0.7,main
main_NINO34_NINO12_r700_s09_n410_0a6fa577,multiscale_equal,1,0.3333333333333333,,9,NINO12,NINO34,0.7,main
main_NINO34_NINO12_r700_s09_n410_0a6fa577,multiscale_equal,3,0.3333333333333333,,9,NINO12,NINO34,0.7,main
main_NINO34_NINO12_r700_s09_n410_0a6fa577,multiscale_equal,6,0.3333333333333333,,9,NINO12,NINO34,0.7,main
main_NINO34_NINO12_r700_s09_n410_0a6fa577,multiscale_weighted,1,0.3934759740667196,0.674099310836749,9,NINO12,NINO34,0.7,main
main_NINO34_NINO12_r700_s09_n410_0a6fa577,multiscale_weighted,3,0.32575693840715814,0.8142324916341863,9,NINO12,NINO34,0.7,main
main_NINO34_NINO12_r700_s09_n410_0a6fa577,multiscale_weighted,6,0.2807670875261222,0.9447043327384493,9,NINO12,NINO34,0.7,main
main_NINO34_NINO12_r700_s10_n410_5d194c09,multiscale_equal,1,0.3333333333333333,,10,NINO12,NINO34,0.7,main
main_NINO34_NINO12_r700_s10_n410_5d194c09,multiscale_equal,3,0.3333333333333333,,10,NINO12,NINO34,0.7,main
main_NINO34_NINO12_r700_s10_n410_5d194c09,multiscale_equal,6,0.3333333333333333,,10,NINO12,NINO34,0.7,main
main_NINO34_NINO12_r700_s10_n410_5d194c09,multiscale_weighted,1,0.3746582779511997,1.0409019876821195,10,NINO12,NINO34,0.7,main
main_NINO34_NINO12_r700_s10_n410_5d194c09,multiscale_weighted,3,0.29598718432551185,1.31756565138216,10,NINO12,NINO34,0.7,main
main_NINO34_NINO12_r700_s10_n410_5d194c09,multiscale_weighted,6,0.32935453772328843,1.1840812929061784,10,NINO12,NINO34,0.7,main
main_NINO34_NINO12_r700_s11_n410_2cdeeced,multiscale_equal,1,0.3333333333333333,,11,NINO12,NINO34,0.7,main
main_NINO34_NINO12_r700_s11_n410_2cdeeced,multiscale_equal,3,0.3333333333333333,,11,NINO12,NINO34,0.7,main
main_NINO34_NINO12_r700_s11_n410_2cdeeced,multiscale_equal,6,0.3333333333333333,,11,NINO12,NINO34,0.7,main
main_NINO34_NINO12_r700_s11_n410_2cdeeced,multiscale_weighted,1,0.33731550505701474,1.0581560789947912,11,NINO12,NINO34,0.7,main
main_NINO34_NINO12_r700_s11_n410_2cdeeced,multiscale_weighted,3,0.29011335124185267,1.2303206703600982,11,NINO12,NINO34,0.7,main
main_NINO34_NINO12_r700_s11_n410_2cdeeced,multiscale_weighted,6,0.3725711437011326,0.9580249512817581,11,NINO12,NINO34,0.7,main
main_NINO34_NINO12_r700_s12_n410_b9320009,multiscale_equal,1,0.3333333333333333,,12,NINO12,NINO34,0.7,main
main_NINO34_NINO12_r700_s12_n410_b9320009,multiscale_equal,3,0.3333333333333333,,12,NINO12,NINO34,0.7,main
main_NINO34_NINO12_r700_s12_n410_b9320009,multiscale_equal,6,0.3333333333333333,,12,NINO12,NINO34,0.7,main
main_NINO34_NINO12_r700_s12_n410_b9320009,multiscale_weighted,1,0.35636046254200576,0.7323732568471029,12,NINO12,NINO34,0.7,main
main_NINO34_NINO12_r700_s12_n410_b9320009,multiscale_weighted,3,0.3290532842072994,0.7931507916187455,12,NINO12,NINO34,0.7,main
main_NINO34_NINO12_r700_s12_n410_b9320009,multiscale_weighted,6,0.3145862532506947,0.8296258031326085,12,NINO12,NINO34,0.7,main
main_NINO34_NINO12_r700_s13_n410_2804c92d,multiscale_equal,1,0.3333333333333333,,13,NINO12,NINO34,0.7,main
main_NINO34_NINO12_r700_s13_n410_2804c92d,multiscale_equal,3,0.3333333333333333,,13,NINO12,NINO34,0.7,main
main_NINO34_NINO12_r700_s13_n410_2804c92d,multiscale_equal,6,0.3333333333333333,,13,NINO12,NINO34,0.7,main
main_NINO34_NINO12_r700_s13_n410_2804c92d,multiscale_weighted,1,0.42049528369640904,0.8433255557393506,13,NINO12,NINO34,0.7,main
main_NINO34_NINO12_r700_s13_n410_2804c92d,multiscale_weighted,3,0.29022770457017943,1.2218489654381801,13,NINO12,NINO34,0.7,main
main_NINO34_NINO12_r700_s13_n410_2804c92d,multiscale_weighted,6,0.28927701173341147,1.225864504263576,13,NINO12,NINO34,0.7,main
main_NINO34_NINO12_r700_s14_n410_c04d3ff1,multiscale_equal,1,0.3333333333333333,,14,NINO12,NINO34,0.7,main
main_NINO34_NINO12_r700_s14_n410_c04d3ff1,multiscale_equal,3,0.3333333333333333,,14,NINO12,NINO34,0.7,main
main_NINO34_NINO12_r700_s14_n410_c04d3ff1,multiscale_equal,6,0.3333333333333333,,14,NINO12,NINO34,0.7,main
main_NINO34_NINO12_r700_s14_n410_c04d3ff1,multiscale_weighted,1,0.4313770489880508,0.8144789471066621,14,NINO12,NINO34,0.7,main
main_NINO34_NINO12_r700_s14_n410_c04d3ff1,multiscale_weighted,3,0.31844023345255507,1.103338992149009,14,NINO12,NINO34,0.7,main
main_NINO34_NINO12_r700_s14_n410_c04d3ff1,multiscale_weighted,6,0.25018271755939403,1.4043637011161751,14,NINO12,NINO34,0.7,main
main_NINO34_NINO12_r700_s15_n410_722deedd,multiscale_equal,1,0.3333333333333333,,15,NINO12,NINO34,0.7,main
main_NINO34_NINO12_r700_s15_n410_722deedd,multiscale_equal,3,0.3333333333333333,,15,NINO12,NINO34,0.7,main
main_NINO34_NINO12_r700_s15_n410_722deedd,multiscale_equal,6,0.3333333333333333,,15,NINO12,NINO34,0.7,main
main_NINO34_NINO12_r700_s15_n410_722deedd,multiscale_weighted,1,0.41150863991469827,0.6911139616917081,15,NINO12,NINO34,0.7,main
main_NINO34_NINO12_r700_s15_n410_722deedd,multiscale_weighted,3,0.23042212669527243,1.2342537294552949,15,NINO12,NINO34,0.7,main
main_NINO34_NINO12_r700_s15_n410_722deedd,multiscale_weighted,6,0.3580692333900293,0.7942580392671542,15,NINO12,NINO34,0.7,main
main_NINO34_NINO12_r700_s16_n410_2755d6a2,multiscale_equal,1,0.3333333333333333,,16,NINO12,NINO34,0.7,main
main_NINO34_NINO12_r700_s16_n410_2755d6a2,multiscale_equal,3,0.3333333333333333,,16,NINO12,NINO34,0.7,main
main_NINO34_NINO12_r700_s16_n410_2755d6a2,multiscale_equal,6,0.3333333333333333,,16,NINO12,NINO34,0.7,main
main_NINO34_NINO12_r700_s16_n410_2755d6a2,multiscale_weighted,1,0.40203122589469226,0.854608057243564,16,NINO12,NINO34,0.7,main
main_NINO34_NINO12_r700_s16_n410_2755d6a2,multiscale_weighted,3,0.26052932351617386,1.318773343362492,16,NINO12,NINO34,0.7,main
main_NINO34_NINO12_r700_s16_n410_2755d6a2,multiscale_weighted,6,0.33743945058913377,1.0181948947397992,16,NINO12,NINO34,0.7,main
main_NINO34_NINO12_r700_s17_n410_1711b710,multiscale_equal,1,0.3333333333333333,,17,NINO12,NINO34,0.7,main
main_NINO34_NINO12_r700_s17_n410_1711b710,multiscale_equal,3,0.3333333333333333,,17,NINO12,NINO34,0.7,main
main_NINO34_NINO12_r700_s17_n410_1711b710,multiscale_equal,6,0.3333333333333333,,17,NINO12,NINO34,0.7,main
main_NINO34_NINO12_r700_s17_n410_1711b710,multiscale_weighted,1,0.3308758076670909,1.0777061906305605,17,NINO12,NINO34,0.7,main
main_NINO34_NINO12_r700_s17_n410_1711b710,multiscale_weighted,3,0.3375645447957479,1.056351775311132,17,NINO12,NINO34,0.7,main
main_NINO34_NINO12_r700_s17_n410_1711b710,multiscale_weighted,6,0.3315596475371613,1.075483427774522,17,NINO12,NINO34,0.7,main
main_NINO34_NINO12_r700_s18_n410_99000edc,multiscale_equal,1,0.3333333333333333,,18,NINO12,NINO34,0.7,main
main_NINO34_NINO12_r700_s18_n410_99000edc,multiscale_equal,3,0.3333333333333333,,18,NINO12,NINO34,0.7,main
main_NINO34_NINO12_r700_s18_n410_99000edc,multiscale_equal,6,0.3333333333333333,,18,NINO12,NINO34,0.7,main
main_NINO34_NINO12_r700_s18_n410_99000edc,multiscale_weighted,1,0.36348636737407136,0.894539104688263,18,NINO12,NINO34,0.7,main
main_NINO34_NINO12_r700_s18_n410_99000edc,multiscale_weighted,3,0.3516679008824057,0.9246017876408581,18,NINO12,NINO34,0.7,main
main_NINO34_NINO12_r700_s18_n410_99000edc,multiscale_weighted,6,0.28484573174352307,1.1415048026476582,18,NINO12,NINO34,0.7,main
main_NINO34_NINO12_r700_s19_n410_df1aeaae,multiscale_equal,1,0.3333333333333333,,19,NINO12,NINO34,0.7,main
main_NINO34_NINO12_r700_s19_n410_df1aeaae,multiscale_equal,3,0.3333333333333333,,19,NINO12,NINO34,0.7,main
main_NINO34_NINO12_r700_s19_n410_df1aeaae,multiscale_equal,6,0.3333333333333333,,19,NINO12,NINO34,0.7,main
main_NINO34_NINO12_r700_s19_n410_df1aeaae,multiscale_weighted,1,0.38383129548693545,0.8392249108868568,19,NINO12,NINO34,0.7,main
main_NINO34_NINO12_r700_s19_n410_df1aeaae,multiscale_weighted,3,0.377122953840103,0.8541532186413737,19,NINO12,NINO34,0.7,main
main_NINO34_NINO12_r700_s19_n410_df1aeaae,multiscale_weighted,6,0.2390457506729616,1.347527767818474,19,NINO12,NINO34,0.7,main
main_NINO34_NINO12_r900_s00_n410_fc3a2414,multiscale_equal,1,0.3333333333333333,,0,NINO12,NINO34,0.9,main
main_NINO34_NINO12_r900_s00_n410_fc3a2414,multiscale_equal,3,0.3333333333333333,,0,NINO12,NINO34,0.9,main
main_NINO34_NINO12_r900_s00_n410_fc3a2414,multiscale_equal,6,0.3333333333333333,,0,NINO12,NINO34,0.9,main
main_NINO34_NINO12_r900_s00_n410_fc3a2414,multiscale_weighted,1,0.34195292436088537,2.123678365798119,0,NINO12,NINO34,0.9,main
main_NINO34_NINO12_r900_s00_n410_fc3a2414,multiscale_weighted,3,0.31807648179014514,2.283092493992346,0,NINO12,NINO34,0.9,main
main_NINO34_NINO12_r900_s00_n410_fc3a2414,multiscale_weighted,6,0.33997059384896944,2.1360612969693036,0,NINO12,NINO34,0.9,main
main_NINO34_NINO12_r900_s01_n410_09de289e,multiscale_equal,1,0.3333333333333333,,1,NINO12,NINO34,0.9,main
main_NINO34_NINO12_r900_s01_n410_09de289e,multiscale_equal,3,0.3333333333333333,,1,NINO12,NINO34,0.9,main
main_NINO34_NINO12_r900_s01_n410_09de289e,multiscale_equal,6,0.3333333333333333,,1,NINO12,NINO34,0.9,main
main_NINO34_NINO12_r900_s01_n410_09de289e,multiscale_weighted,1,0.31472022226783825,1.3455064334249147,1,NINO12,NINO34,0.9,main
main_NINO34_NINO12_r900_s01_n410_09de289e,multiscale_weighted,3,0.3717859500646135,1.1389835548591003,1,NINO12,NINO34,0.9,main
main_NINO34_NINO12_r900_s01_n410_09de289e,multiscale_weighted,6,0.31349382766754824,1.3507700835987235,1,NINO12,NINO34,0.9,main
main_NINO34_NINO12_r900_s02_n410_2353c16c,multiscale_equal,1,0.3333333333333333,,2,NINO12,NINO34,0.9,main
main_NINO34_NINO12_r900_s02_n410_2353c16c,multiscale_equal,3,0.3333333333333333,,2,NINO12,NINO34,0.9,main
main_NINO34_NINO12_r900_s02_n410_2353c16c,multiscale_equal,6,0.3333333333333333,,2,NINO12,NINO34,0.9,main
main_NINO34_NINO12_r900_s02_n410_2353c16c,multiscale_weighted,1,0.32408201326426384,0.8653958472627763,2,NINO12,NINO34,0.9,main
main_NINO34_NINO12_r900_s02_n410_2353c16c,multiscale_weighted,3,0.31287268053724127,0.896400504208843,2,NINO12,NINO34,0.9,main
main_NINO34_NINO12_r900_s02_n410_2353c16c,multiscale_weighted,6,0.36304530619849495,0.7725185347192158,2,NINO12,NINO34,0.9,main
main_NINO34_NINO12_r900_s03_n410_0376557c,multiscale_equal,1,0.3333333333333333,,3,NINO12,NINO34,0.9,main
main_NINO34_NINO12_r900_s03_n410_0376557c,multiscale_equal,3,0.3333333333333333,,3,NINO12,NINO34,0.9,main
main_NINO34_NINO12_r900_s03_n410_0376557c,multiscale_equal,6,0.3333333333333333,,3,NINO12,NINO34,0.9,main
main_NINO34_NINO12_r900_s03_n410_0376557c,multiscale_weighted,1,0.36648188085274336,0.4815993692555799,3,NINO12,NINO34,0.9,main
main_NINO34_NINO12_r900_s03_n410_0376557c,multiscale_weighted,3,0.3589877160146905,0.4916531537530348,3,NINO12,NINO34,0.9,main
main_NINO34_NINO12_r900_s03_n410_0376557c,multiscale_weighted,6,0.27453040313256605,0.6429067293379777,3,NINO12,NINO34,0.9,main
main_NINO34_NINO12_r900_s04_n410_227de4aa,multiscale_equal,1,0.3333333333333333,,4,NINO12,NINO34,0.9,main
main_NINO34_NINO12_r900_s04_n410_227de4aa,multiscale_equal,3,0.3333333333333333,,4,NINO12,NINO34,0.9,main
main_NINO34_NINO12_r900_s04_n410_227de4aa,multiscale_equal,6,0.3333333333333333,,4,NINO12,NINO34,0.9,main
main_NINO34_NINO12_r900_s04_n410_227de4aa,multiscale_weighted,1,0.26320768010411916,1.4236984138059037,4,NINO12,NINO34,0.9,main
main_NINO34_NINO12_r900_s04_n410_227de4aa,multiscale_weighted,3,0.3014067131460369,1.2432647972446027,4,NINO12,NINO34,0.9,main
main_NINO34_NINO12_r900_s04_n410_227de4aa,multiscale_weighted,6,0.4353856067498439,0.8606815391706624,4,NINO12,NINO34,0.9,main
main_NINO34_NINO12_r900_s05_n410_a6d13202,multiscale_equal,1,0.3333333333333333,,5,NINO12,NINO34,0.9,main
main_NINO34_NINO12_r900_s05_n410_a6d13202,multiscale_equal,3,0.3333333333333333,,5,NINO12,NINO34,0.9,main
main_NINO34_NINO12_r900_s05_n410_a6d13202,multiscale_equal,6,0.3333333333333333,,5,NINO12,NINO34,0.9,main
main_NINO34_NINO12_r900_s05_n410_a6d13202,multiscale_weighted,1,0.29462303388103434,1.0554968212033882,5,NINO12,NINO34,0.9,main
main_NINO34_NINO12_r900_s05_n410_a6d13202,multiscale_weighted,3,0.37132895134669963,0.8374614309491938,5,NINO12,NINO34,0.9,main
main_NINO34_NINO12_r900_s05_n410_a6d13202,multiscale_weighted,6,0.334048014772266,0.9309250813314467,5,NINO12,NINO34,0.9,main
main_NINO34_NINO12_r900_s06_n410_40be2af1,multiscale_equal,1,0.3333333333333333,,6,NINO12,NINO34,0.9,main
main_NINO34_NINO12_r900_s06_n410_40be2af1,multiscale_equal,3,0.3333333333333333,,6,NINO12,NINO34,0.9,main
main_NINO34_NINO12_r900_s06_n410_40be2af1,multiscale_equal,6,0.3333333333333333,,6,NINO12,NINO34,0.9,main
main_NINO34_NINO12_r900_s06_n410_40be2af1,multiscale_weighted,1,0.30159949467591657,1.0653456103303283,6,NINO12,NINO34,0.9,main
main_NINO34_NINO12_r900_s06_n410_40be2af1,multiscale_weighted,3,0.3575832692208991,0.8985534972197581,6,NINO12,NINO34,0.9,main
main_NINO34_NINO12_r900_s06_n410_40be2af1,multiscale_weighted,6,0.34081723610318443,0.9427565957833376,6,NINO12,NINO34,0.9,main
main_NINO34_NINO12_r900_s07_n410_3b17c17b,multiscale_equal,1,0.3333333333333333,,7,NINO12,NINO34,0.9,main
main_NINO34_NINO12_r900_s07_n410_3b17c17b,multiscale_equal,3,0.3333333333333333,,7,NINO12,NINO34,0.9,main
main_NINO34_NINO12_r900_s07_n410_3b17c17b,multiscale_equal,6,0.3333333333333333,,7,NINO12,NINO34,0.9,main
main_NINO34_NINO12_r900_s07_n410_3b17c17b,multiscale_weighted,1,0.35325028630164645,1.4248883494842248,7,NINO12,NINO34,0.9,main
main_NINO34_NINO12_r900_s07_n410_3b17c17b,multiscale_weighted,3,0.35735524267610363,1.408520590258181,7,NINO12,NINO34,0.9,main
main_NINO34_NINO12_r900_s07_n410_3b17c17b,multiscale_weighted,6,0.28939447102224986,1.739294522506594,7,NINO12,NINO34,0.9,main
main_NINO34_NINO12_r900_s08_n410_14aaff15,multiscale_equal,1,0.3333333333333333,,8,NINO12,NINO34,0.9,main
main_NINO34_NINO12_r900_s08_n410_14aaff15,multiscale_equal,3,0.3333333333333333,,8,NINO12,NINO34,0.9,main
main_NINO34_NINO12_r900_s08_n410_14aaff15,multiscale_equal,6,0.3333333333333333,,8,NINO12,NINO34,0.9,main
main_NINO34_NINO12_r900_s08_n410_14aaff15,multiscale_weighted,1,0.3770467997104547,0.8618177647798133,8,NINO12,NINO34,0.9,main
main_NINO34_NINO12_r900_s08_n410_14aaff15,multiscale_weighted,3,0.2539629590992794,1.2795001011718918,8,NINO12,NINO34,0.9,main
main_NINO34_NINO12_r900_s08_n410_14aaff15,multiscale_weighted,6,0.36899024119026586,0.8806347539384326,8,NINO12,NINO34,0.9,main
main_NINO34_NINO12_r900_s09_n410_40debd9f,multiscale_equal,1,0.3333333333333333,,9,NINO12,NINO34,0.9,main
main_NINO34_NINO12_r900_s09_n410_40debd9f,multiscale_equal,3,0.3333333333333333,,9,NINO12,NINO34,0.9,main
main_NINO34_NINO12_r900_s09_n410_40debd9f,multiscale_equal,6,0.3333333333333333,,9,NINO12,NINO34,0.9,main
main_NINO34_NINO12_r900_s09_n410_40debd9f,multiscale_weighted,1,0.34258881671575353,0.8433807353354671,9,NINO12,NINO34,0.9,main
main_NINO34_NINO12_r900_s09_n410_40debd9f,multiscale_weighted,3,0.296281819397097,0.9751958771188307,9,NINO12,NINO34,0.9,main
main_NINO34_NINO12_r900_s09_n410_40debd9f,multiscale_weighted,6,0.3611293638871495,0.8000811809276086,9,NINO12,NINO34,0.9,main
main_NINO34_NINO12_r900_s10_n410_884665f9,multiscale_equal,1,0.3333333333333333,,10,NINO12,NINO34,0.9,main
main_NINO34_NINO12_r900_s10_n410_884665f9,multiscale_equal,3,0.3333333333333333,,10,NINO12,NINO34,0.9,main
main_NINO34_NINO12_r900_s10_n410_884665f9,multiscale_equal,6,0.3333333333333333,,10,NINO12,NINO34,0.9,main
main_NINO34_NINO12_r900_s10_n410_884665f9,multiscale_weighted,1,0.270912655515419,1.5760826096912737,10,NINO12,NINO34,0.9,main
main_NINO34_NINO12_r900_s10_n410_884665f9,multiscale_weighted,3,0.34878645980804013,1.2241895051398106,10,NINO12,NINO34,0.9,main
main_NINO34_NINO12_r900_s10_n410_884665f9,multiscale_weighted,6,0.38030088467654083,1.122744490588376,10,NINO12,NINO34,0.9,main
main_NINO34_NINO12_r900_s11_n410_632157ed,multiscale_equal,1,0.3333333333333333,,11,NINO12,NINO34,0.9,main
main_NINO34_NINO12_r900_s11_n410_632157ed,multiscale_equal,3,0.3333333333333333,,11,NINO12,NINO34,0.9,main
main_NINO34_NINO12_r900_s11_n410_632157ed,multiscale_equal,6,0.3333333333333333,,11,NINO12,NINO34,0.9,main
main_NINO34_NINO12_r900_s11_n410_632157ed,multiscale_weighted,1,0.38754560775241464,0.6069261923916984,11,NINO12,NINO34,0.9,main
main_NINO34_NINO12_r900_s11_n410_632157ed,multiscale_weighted,3,0.28375350898836144,0.8289292420305127,11,NINO12,NINO34,0.9,main
main_NINO34_NINO12_r900_s11_n410_632157ed,multiscale_weighted,6,0.32870088325922403,0.7155793995669053,11,NINO12,NINO34,0.9,main
main_NINO34_NINO12_r900_s12_n410_8a659a30,multiscale_equal,1,0.3333333333333333,,12,NINO12,NINO34,0.9,main
main_NINO34_NINO12_r900_s12_n410_8a659a30,multiscale_equal,3,0.3333333333333333,,12,NINO12,NINO34,0.9,main
main_NINO34_NINO12_r900_s12_n410_8a659a30,multiscale_equal,6,0.3333333333333333,,12,NINO12,NINO34,0.9,main
main_NINO34_NINO12_r900_s12_n410_8a659a30,multiscale_weighted,1,0.4041845724452461,0.7642685307514621,12,NINO12,NINO34,0.9,main
main_NINO34_NINO12_r900_s12_n410_8a659a30,multiscale_weighted,3,0.30444284228577,1.0146586072225487,12,NINO12,NINO34,0.9,main
main_NINO34_NINO12_r900_s12_n410_8a659a30,multiscale_weighted,6,0.291372585268984,1.0601736954013234,12,NINO12,NINO34,0.9,main
main_NINO34_NINO12_r900_s13_n410_6608ca36,multiscale_equal,1,0.3333333333333333,,13,NINO12,NINO34,0.9,main
main_NINO34_NINO12_r900_s13_n410_6608ca36,multiscale_equal,3,0.3333333333333333,,13,NINO12,NINO34,0.9,main
main_NINO34_NINO12_r900_s13_n410_6608ca36,multiscale_equal,6,0.3333333333333333,,13,NINO12,NINO34,0.9,main
main_NINO34_NINO12_r900_s13_n410_6608ca36,multiscale_weighted,1,0.43919199847441215,0.4660657111009398,13,NINO12,NINO34,0.9,main
main_NINO34_NINO12_r900_s13_n410_6608ca36,multiscale_weighted,3,0.23731420835631808,0.862537201271405,13,NINO12,NINO34,0.9,main
main_NINO34_NINO12_r900_s13_n410_6608ca36,multiscale_weighted,6,0.3234937931692698,0.6327550529808635,13,NINO12,NINO34,0.9,main
main_NINO34_NINO12_r900_s14_n410_73a280bb,multiscale_equal,1,0.3333333333333333,,14,NINO12,NINO34,0.9,main
main_NINO34_NINO12_r900_s14_n410_73a280bb,multiscale_equal,3,0.3333333333333333,,14,NINO12,NINO34,0.9,main
main_NINO34_NINO12_r900_s14_n410_73a280bb,multiscale_equal,6,0.3333333333333333,,14,NINO12,NINO34,0.9,main
main_NINO34_NINO12_r900_s14_n410_73a280bb,multiscale_weighted,1,0.32491645331989105,1.0240618637250658,14,NINO12,NINO34,0.9,main
main_NINO34_NINO12_r900_s14_n410_73a280bb,multiscale_weighted,3,0.33084546101686374,1.0057098793489443,14,NINO12,NINO34,0.9,main
main_NINO34_NINO12_r900_s14_n410_73a280bb,multiscale_weighted,6,0.3442380856632453,0.9665826136216399,14,NINO12,NINO34,0.9,main
main_NINO34_NINO12_r900_s15_n410_0ade78ce,multiscale_equal,1,0.3333333333333333,,15,NINO12,NINO34,0.9,main
main_NINO34_NINO12_r900_s15_n410_0ade78ce,multiscale_equal,3,0.3333333333333333,,15,NINO12,NINO34,0.9,main
main_NINO34_NINO12_r900_s15_n410_0ade78ce,multiscale_equal,6,0.3333333333333333,,15,NINO12,NINO34,0.9,main
main_NINO34_NINO12_r900_s15_n410_0ade78ce,multiscale_weighted,1,0.18507327610829186,2.014538824448908,15,NINO12,NINO34,0.9,main
main_NINO34_NINO12_r900_s15_n410_0ade78ce,multiscale_weighted,3,0.44056965545877236,0.8462618570744463,15,NINO12,NINO34,0.9,main
main_NINO34_NINO12_r900_s15_n410_0ade78ce,multiscale_weighted,6,0.3743570684329357,0.995940313697106,15,NINO12,NINO34,0.9,main
main_NINO34_NINO12_r900_s16_n410_97d5bf1c,multiscale_equal,1,0.3333333333333333,,16,NINO12,NINO34,0.9,main
main_NINO34_NINO12_r900_s16_n410_97d5bf1c,multiscale_equal,3,0.3333333333333333,,16,NINO12,NINO34,0.9,main
main_NINO34_NINO12_r900_s16_n410_97d5bf1c,multiscale_equal,6,0.3333333333333333,,16,NINO12,NINO34,0.9,main
main_NINO34_NINO12_r900_s16_n410_97d5bf1c,multiscale_weighted,1,0.30635173653370346,1.4736615946684763,16,NINO12,NINO34,0.9,main
main_NINO34_NINO12_r900_s16_n410_97d5bf1c,multiscale_weighted,3,0.31096639960200184,1.4517928274851881,16,NINO12,NINO34,0.9,main
main_NINO34_NINO12_r900_s16_n410_97d5bf1c,multiscale_weighted,6,0.38268186386429476,1.179723499465174,16,NINO12,NINO34,0.9,main
main_NINO34_NINO12_r900_s17_n410_7e435fd9,multiscale_equal,1,0.3333333333333333,,17,NINO12,NINO34,0.9,main
main_NINO34_NINO12_r900_s17_n410_7e435fd9,multiscale_equal,3,0.3333333333333333,,17,NINO12,NINO34,0.9,main
main_NINO34_NINO12_r900_s17_n410_7e435fd9,multiscale_equal,6,0.3333333333333333,,17,NINO12,NINO34,0.9,main
main_NINO34_NINO12_r900_s17_n410_7e435fd9,multiscale_weighted,1,0.3846123313129725,0.8823599430684517,17,NINO12,NINO34,0.9,main
main_NINO34_NINO12_r900_s17_n410_7e435fd9,multiscale_weighted,3,0.3155502570957144,1.0754753256531773,17,NINO12,NINO34,0.9,main
main_NINO34_NINO12_r900_s17_n410_7e435fd9,multiscale_weighted,6,0.29983741159131316,1.1318351298435827,17,NINO12,NINO34,0.9,main
main_NINO34_NINO12_r900_s18_n410_819473cf,multiscale_equal,1,0.3333333333333333,,18,NINO12,NINO34,0.9,main
main_NINO34_NINO12_r900_s18_n410_819473cf,multiscale_equal,3,0.3333333333333333,,18,NINO12,NINO34,0.9,main
main_NINO34_NINO12_r900_s18_n410_819473cf,multiscale_equal,6,0.3333333333333333,,18,NINO12,NINO34,0.9,main
main_NINO34_NINO12_r900_s18_n410_819473cf,multiscale_weighted,1,0.32399032447343495,1.5240430172819248,18,NINO12,NINO34,0.9,main
main_NINO34_NINO12_r900_s18_n410_819473cf,multiscale_weighted,3,0.4154945254968621,1.1884035998245983,18,NINO12,NINO34,0.9,main
main_NINO34_NINO12_r900_s18_n410_819473cf,multiscale_weighted,6,0.260515150029703,1.8953799536167162,18,NINO12,NINO34,0.9,main
main_NINO34_NINO12_r900_s19_n410_6f8e533d,multiscale_equal,1,0.3333333333333333,,19,NINO12,NINO34,0.9,main
main_NINO34_NINO12_r900_s19_n410_6f8e533d,multiscale_equal,3,0.3333333333333333,,19,NINO12,NINO34,0.9,main
main_NINO34_NINO12_r900_s19_n410_6f8e533d,multiscale_equal,6,0.3333333333333333,,19,NINO12,NINO34,0.9,main
main_NINO34_NINO12_r900_s19_n410_6f8e533d,multiscale_weighted,1,0.295562219772965,0.7182314495982789,19,NINO12,NINO34,0.9,main
main_NINO34_NINO12_r900_s19_n410_6f8e533d,multiscale_weighted,3,0.3852741934541503,0.5509896179410464,19,NINO12,NINO34,0.9,main
main_NINO34_NINO12_r900_s19_n410_6f8e533d,multiscale_weighted,6,0.31916358677288453,0.6651199889800193,19,NINO12,NINO34,0.9,main
block_NINO34_NINO4_r100_s00_n410_72031faf,multiscale_equal,1,0.3333333333333333,,0,NINO4,NINO34,0.1,block
block_NINO34_NINO4_r100_s00_n410_72031faf,multiscale_equal,3,0.3333333333333333,,0,NINO4,NINO34,0.1,block
block_NINO34_NINO4_r100_s00_n410_72031faf,multiscale_equal,6,0.3333333333333333,,0,NINO4,NINO34,0.1,block
block_NINO34_NINO4_r100_s00_n410_72031faf,multiscale_weighted,1,0.3539775400743585,0.09717488392203198,0,NINO4,NINO34,0.1,block
block_NINO34_NINO4_r100_s00_n410_72031faf,multiscale_weighted,3,0.33640248032393316,0.10225170310979899,0,NINO4,NINO34,0.1,block
block_NINO34_NINO4_r100_s00_n410_72031faf,multiscale_weighted,6,0.30961997960170834,0.11109659930717863,0,NINO4,NINO34,0.1,block
block_NINO34_NINO4_r100_s01_n410_20cc38f9,multiscale_equal,1,0.3333333333333333,,1,NINO4,NINO34,0.1,block
block_NINO34_NINO4_r100_s01_n410_20cc38f9,multiscale_equal,3,0.3333333333333333,,1,NINO4,NINO34,0.1,block
block_NINO34_NINO4_r100_s01_n410_20cc38f9,multiscale_equal,6,0.3333333333333333,,1,NINO4,NINO34,0.1,block
block_NINO34_NINO4_r100_s01_n410_20cc38f9,multiscale_weighted,1,0.3637362604929796,0.10447652498400585,1,NINO4,NINO34,0.1,block
block_NINO34_NINO4_r100_s01_n410_20cc38f9,multiscale_weighted,3,0.34569665587609655,0.10992845907366891,1,NINO4,NINO34,0.1,block
block_NINO34_NINO4_r100_s01_n410_20cc38f9,multiscale_weighted,6,0.29056708363092393,0.13078529324039034,1,NINO4,NINO34,0.1,block
block_NINO34_NINO4_r100_s02_n410_e606046c,multiscale_equal,1,0.3333333333333333,,2,NINO4,NINO34,0.1,block
block_NINO34_NINO4_r100_s02_n410_e606046c,multiscale_equal,3,0.3333333333333333,,2,NINO4,NINO34,0.1,block
block_NINO34_NINO4_r100_s02_n410_e606046c,multiscale_equal,6,0.3333333333333333,,2,NINO4,NINO34,0.1,block
block_NINO34_NINO4_r100_s02_n410_e606046c,multiscale_weighted,1,0.35173327837395546,0.09331540457532898,2,NINO4,NINO34,0.1,block
block_NINO34_NINO4_r100_s02_n410_e606046c,multiscale_weighted,3,0.3410978769313656,0.09622497089605404,2,NINO4,NINO34,0.1,block
block_NINO34_NINO4_r100_s02_n410_e606046c,multiscale_weighted,6,0.3071688446946789,0.10685371966138522,2,NINO4,NINO34,0.1,block
block_NINO34_NINO4_r100_s03_n410_cb620ac2,multiscale_equal,1,0.3333333333333333,,3,NINO4,NINO34,0.1,block
block_NINO34_NINO4_r100_s03_n410_cb620ac2,multiscale_equal,3,0.3333333333333333,,3,NINO4,NINO34,0.1,block
block_NINO34_NINO4_r100_s03_n410_cb620ac2,multiscale_equal,6,0.3333333333333333,,3,NINO4,NINO34,0.1,block
block_NINO34_NINO4_r100_s03_n410_cb620ac2,multiscale_weighted,1,0.36752770563538406,0.07149311760237505,3,NINO4,NINO34,0.1,block
block_NINO34_NINO4_r100_s03_n410_cb620ac2,multiscale_weighted,3,0.31976392465332526,0.08217218995934711,3,NINO4,NINO34,0.1,block
block_NINO34_NINO4_r100_s03_n410_cb620ac2,multiscale_weighted,6,0.31270836971129073,0.08402621923287214,3,NINO4,NINO34,0.1,block
block_NINO34_NINO4_r100_s04_n410_6abe3ff0,multiscale_equal,1,0.3333333333333333,,4,NINO4,NINO34,0.1,block
block_NINO34_NINO4_r100_s04_n410_6abe3ff0,multiscale_equal,3,0.3333333333333333,,4,NINO4,NINO34,0.1,block
block_NINO34_NINO4_r100_s04_n410_6abe3ff0,multiscale_equal,6,0.3333333333333333,,4,NINO4,NINO34,0.1,block
block_NINO34_NINO4_r100_s04_n410_6abe3ff0,multiscale_weighted,1,0.35609836757715363,0.09647536770195189,4,NINO4,NINO34,0.1,block
block_NINO34_NINO4_r100_s04_n410_6abe3ff0,multiscale_weighted,3,0.34583403304279453,0.09933875145383077,4,NINO4,NINO34,0.1,block
block_NINO34_NINO4_r100_s04_n410_6abe3ff0,multiscale_weighted,6,0.29806759938005184,0.11525815486766251,4,NINO4,NINO34,0.1,block
block_NINO34_NINO4_r100_s05_n410_5f6427eb,multiscale_equal,1,0.3333333333333333,,5,NINO4,NINO34,0.1,block
block_NINO34_NINO4_r100_s05_n410_5f6427eb,multiscale_equal,3,0.3333333333333333,,5,NINO4,NINO34,0.1,block
block_NINO34_NINO4_r100_s05_n410_5f6427eb,multiscale_equal,6,0.3333333333333333,,5,NINO4,NINO34,0.1,block
block_NINO34_NINO4_r100_s05_n410_5f6427eb,multiscale_weighted,1,0.35945180092594964,0.10060557692563378,5,NINO4,NINO34,0.1,block
block_NINO34_NINO4_r100_s05_n410_5f6427eb,multiscale_weighted,3,0.347424470891266,0.10408839606667912,5,NINO4,NINO34,0.1,block
block_NINO34_NINO4_r100_s05_n410_5f6427eb,multiscale_weighted,6,0.29312372818278426,0.12337062132971967,5,NINO4,NINO34,0.1,block
block_NINO34_NINO4_r100_s06_n410_a0e02c24,multiscale_equal,1,0.3333333333333333,,6,NINO4,NINO34,0.1,block
block_NINO34_NINO4_r100_s06_n410_a0e02c24,multiscale_equal,3,0.3333333333333333,,6,NINO4,NINO34,0.1,block
block_NINO34_NINO4_r100_s06_n410_a0e02c24,multiscale_equal,6,0.3333333333333333,,6,NINO4,NINO34,0.1,block
block_NINO34_NINO4_r100_s06_n410_a0e02c24,multiscale_weighted,1,0.3593606339296359,0.09694827812219599,6,NINO4,NINO34,0.1,block
block_NINO34_NINO4_r100_s06_n410_a0e02c24,multiscale_weighted,3,0.3468042805458753,0.10045837598977955,6,NINO4,NINO34,0.1,block
block_NINO34_NINO4_r100_s06_n410_a0e02c24,multiscale_weighted,6,0.29383508552448884,0.1185678533843124,6,NINO4,NINO34,0.1,block
block_NINO34_NINO4_r100_s07_n410_a4216c1b,multiscale_equal,1,0.3333333333333333,,7,NINO4,NINO34,0.1,block
block_NINO34_NINO4_r100_s07_n410_a4216c1b,multiscale_equal,3,0.3333333333333333,,7,NINO4,NINO34,0.1,block
block_NINO34_NINO4_r100_s07_n410_a4216c1b,multiscale_equal,6,0.3333333333333333,,7,NINO4,NINO34,0.1,block
block_NINO34_NINO4_r100_s07_n410_a4216c1b,multiscale_weighted,1,0.3578348022481013,0.0930222855794107,7,NINO4,NINO34,0.1,block
block_NINO34_NINO4_r100_s07_n410_a4216c1b,multiscale_weighted,3,0.3302887544952871,0.1007803353502012,7,NINO4,NINO34,0.1,block
block_NINO34_NINO4_r100_s07_n410_a4216c1b,multiscale_weighted,6,0.3118764432566117,0.10673012452296766,7,NINO4,NINO34,0.1,block
block_NINO34_NINO4_r100_s08_n410_e26cf09f,multiscale_equal,1,0.3333333333333333,,8,NINO4,NINO34,0.1,block
block_NINO34_NINO4_r100_s08_n410_e26cf09f,multiscale_equal,3,0.3333333333333333,,8,NINO4,NINO34,0.1,block
block_NINO34_NINO4_r100_s08_n410_e26cf09f,multiscale_equal,6,0.3333333333333333,,8,NINO4,NINO34,0.1,block
block_NINO34_NINO4_r100_s08_n410_e26cf09f,multiscale_weighted,1,0.3710745874891635,0.07290072173141227,8,NINO4,NINO34,0.1,block
block_NINO34_NINO4_r100_s08_n410_e26cf09f,multiscale_weighted,3,0.31981809539623673,0.08458435012313983,8,NINO4,NINO34,0.1,block
block_NINO34_NINO4_r100_s08_n410_e26cf09f,multiscale_weighted,6,0.30910731711459977,0.08751525559580843,8,NINO4,NINO34,0.1,block
block_NINO34_NINO4_r100_s09_n410_f528eab8,multiscale_equal,1,0.3333333333333333,,9,NINO4,NINO34,0.1,block
block_NINO34_NINO4_r100_s09_n410_f528eab8,multiscale_equal,3,0.3333333333333333,,9,NINO4,NINO34,0.1,block
block_NINO34_NINO4_r100_s09_n410_f528eab8,multiscale_equal,6,0.3333333333333333,,9,NINO4,NINO34,0.1,block
block_NINO34_NINO4_r100_s09_n410_f528eab8,multiscale_weighted,1,0.36230007659218955,0.08764175048905372,9,NINO4,NINO34,0.1,block
block_NINO34_NINO4_r100_s09_n410_f528eab8,multiscale_weighted,3,0.33691114689570945,0.09424625294032203,9,NINO4,NINO34,0.1,block
block_NINO34_NINO4_r100_s09_n410_f528eab8,multiscale_weighted,6,0.300788776512101,0.10556448913476428,9,NINO4,NINO34,0.1,block
block_NINO34_NINO4_r100_s10_n410_3100e6ee,multiscale_equal,1,0.3333333333333333,,10,NINO4,NINO34,0.1,block
block_NINO34_NINO4_r100_s10_n410_3100e6ee,multiscale_equal,3,0.3333333333333333,,10,NINO4,NINO34,0.1,block
block_NINO34_NINO4_r100_s10_n410_3100e6ee,multiscale_equal,6,0.3333333333333333,,10,NINO4,NINO34,0.1,block
block_NINO34_NINO4_r100_s10_n410_3100e6ee,multiscale_weighted,1,0.358527211650398,0.08475867976040787,10,NINO4,NINO34,0.1,block
block_NINO34_NINO4_r100_s10_n410_3100e6ee,multiscale_weighted,3,0.3132378749842006,0.09701347122245094,10,NINO4,NINO34,0.1,block
block_NINO34_NINO4_r100_s10_n410_3100e6ee,multiscale_weighted,6,0.32823491336540145,0.09258092964279468,10,NINO4,NINO34,0.1,block
block_NINO34_NINO4_r100_s11_n410_f038637c,multiscale_equal,1,0.3333333333333333,,11,NINO4,NINO34,0.1,block
block_NINO34_NINO4_r100_s11_n410_f038637c,multiscale_equal,3,0.3333333333333333,,11,NINO4,NINO34,0.1,block
block_NINO34_NINO4_r100_s11_n410_f038637c,multiscale_equal,6,0.3333333333333333,,11,NINO4,NINO34,0.1,block
block_NINO34_NINO4_r100_s11_n410_f038637c,multiscale_weighted,1,0.3512650322670658,0.09336468229426212,11,NINO4,NINO34,0.1,block
block_NINO34_NINO4_r100_s11_n410_f038637c,multiscale_weighted,3,0.3422148321982499,0.09583380129532577,11,NINO4,NINO34,0.1,block
block_NINO34_NINO4_r100_s11_n410_f038637c,multiscale_weighted,6,0.3065201355346842,0.1069937820852761,11,NINO4,NINO34,0.1,block
block_NINO34_NINO4_r100_s12_n410_8a10eebb,multiscale_equal,1,0.3333333333333333,,12,NINO4,NINO34,0.1,block
block_NINO34_NINO4_r100_s12_n410_8a10eebb,multiscale_equal,3,0.3333333333333333,,12,NINO4,NINO34,0.1,block
block_NINO34_NINO4_r100_s12_n410_8a10eebb,multiscale_equal,6,0.3333333333333333,,12,NINO4,NINO34,0.1,block
block_NINO34_NINO4_r100_s12_n410_8a10eebb,multiscale_weighted,1,0.3446685569905152,0.07996619400565722,12,NINO4,NINO34,0.1,block
block_NINO34_NINO4_r100_s12_n410_8a10eebb,multiscale_weighted,3,0.35389680903216764,0.07788098649164618,12,NINO4,NINO34,0.1,block
block_NINO34_NINO4_r100_s12_n410_8a10eebb,multiscale_weighted,6,0.3014346339773172,0.09143552207198163,12,NINO4,NINO34,0.1,block
block_NINO34_NINO4_r100_s13_n410_2e403cfe,multiscale_equal,1,0.3333333333333333,,13,NINO4,NINO34,0.1,block
block_NINO34_NINO4_r100_s13_n410_2e403cfe,multiscale_equal,3,0.3333333333333333,,13,NINO4,NINO34,0.1,block
block_NINO34_NINO4_r100_s13_n410_2e403cfe,multiscale_equal,6,0.3333333333333333,,13,NINO4,NINO34,0.1,block
block_NINO34_NINO4_r100_s13_n410_2e403cfe,multiscale_weighted,1,0.35681695852691775,0.08887460534893964,13,NINO4,NINO34,0.1,block
block_NINO34_NINO4_r100_s13_n410_2e403cfe,multiscale_weighted,3,0.3178368084201243,0.09977436823104718,13,NINO4,NINO34,0.1,block
block_NINO34_NINO4_r100_s13_n410_2e403cfe,multiscale_weighted,6,0.32534623305295796,0.09747144261674652,13,NINO4,NINO34,0.1,block
block_NINO34_NINO4_r100_s14_n410_94102811,multiscale_equal,1,0.3333333333333333,,14,NINO4,NINO34,0.1,block
block_NINO34_NINO4_r100_s14_n410_94102811,multiscale_equal,3,0.3333333333333333,,14,NINO4,NINO34,0.1,block
block_NINO34_NINO4_r100_s14_n410_94102811,multiscale_equal,6,0.3333333333333333,,14,NINO4,NINO34,0.1,block
block_NINO34_NINO4_r100_s14_n410_94102811,multiscale_weighted,1,0.3697054817525114,0.08872531598289178,14,NINO4,NINO34,0.1,block
block_NINO34_NINO4_r100_s14_n410_94102811,multiscale_weighted,3,0.32731004429339394,0.10021762755208923,14,NINO4,NINO34,0.1,block
block_NINO34_NINO4_r100_s14_n410_94102811,multiscale_weighted,6,0.30298447395409467,0.10826375334756845,14,NINO4,NINO34,0.1,block
block_NINO34_NINO4_r100_s15_n410_7e677ed8,multiscale_equal,1,0.3333333333333333,,15,NINO4,NINO34,0.1,block
block_NINO34_NINO4_r100_s15_n410_7e677ed8,multiscale_equal,3,0.3333333333333333,,15,NINO4,NINO34,0.1,block
block_NINO34_NINO4_r100_s15_n410_7e677ed8,multiscale_equal,6,0.3333333333333333,,15,NINO4,NINO34,0.1,block
block_NINO34_NINO4_r100_s15_n410_7e677ed8,multiscale_weighted,1,0.3503312844738709,0.0925690546215797,15,NINO4,NINO34,0.1,block
block_NINO34_NINO4_r100_s15_n410_7e677ed8,multiscale_weighted,3,0.3407010535455389,0.09518560499572272,15,NINO4,NINO34,0.1,block
block_NINO34_NINO4_r100_s15_n410_7e677ed8,multiscale_weighted,6,0.3089676619805902,0.10496191094517666,15,NINO4,NINO34,0.1,block
block_NINO34_NINO4_r100_s16_n410_4e8a0496,multiscale_equal,1,0.3333333333333333,,16,NINO4,NINO34,0.1,block
block_NINO34_NINO4_r100_s16_n410_4e8a0496,multiscale_equal,3,0.3333333333333333,,16,NINO4,NINO34,0.1,block
block_NINO34_NINO4_r100_s16_n410_4e8a0496,multiscale_equal,6,0.3333333333333333,,16,NINO4,NINO34,0.1,block
block_NINO34_NINO4_r100_s16_n410_4e8a0496,multiscale_weighted,1,0.37372280925489015,0.07426352303328315,16,NINO4,NINO34,0.1,block
block_NINO34_NINO4_r100_s16_n410_4e8a0496,multiscale_weighted,3,0.3200809871614621,0.08670922079974025,16,NINO4,NINO34,0.1,block
block_NINO34_NINO4_r100_s16_n410_4e8a0496,multiscale_weighted,6,0.3061962035836478,0.09064114056152217,16,NINO4,NINO34,0.1,block
block_NINO34_NINO4_r100_s17_n410_50892826,multiscale_equal,1,0.3333333333333333,,17,NINO4,NINO34,0.1,block
block_NINO34_NINO4_r100_s17_n410_50892826,multiscale_equal,3,0.3333333333333333,,17,NINO4,NINO34,0.1,block
block_NINO34_NINO4_r100_s17_n410_50892826,multiscale_equal,6,0.3333333333333333,,17,NINO4,NINO34,0.1,block
block_NINO34_NINO4_r100_s17_n410_50892826,multiscale_weighted,1,0.359472290648933,0.09701338031043719,17,NINO4,NINO34,0.1,block
block_NINO34_NINO4_r100_s17_n410_50892826,multiscale_weighted,3,0.3466010352562818,0.1006160358024189,17,NINO4,NINO34,0.1,block
block_NINO34_NINO4_r100_s17_n410_50892826,multiscale_weighted,6,0.2939266740947852,0.11864735586399723,17,NINO4,NINO34,0.1,block
block_NINO34_NINO4_r100_s18_n410_9fd48d9b,multiscale_equal,1,0.3333333333333333,,18,NINO4,NINO34,0.1,block
block_NINO34_NINO4_r100_s18_n410_9fd48d9b,multiscale_equal,3,0.3333333333333333,,18,NINO4,NINO34,0.1,block
block_NINO34_NINO4_r100_s18_n410_9fd48d9b,multiscale_equal,6,0.3333333333333333,,18,NINO4,NINO34,0.1,block
block_NINO34_NINO4_r100_s18_n410_9fd48d9b,multiscale_weighted,1,0.36475484992271445,0.10093516368652312,18,NINO4,NINO34,0.1,block
block_NINO34_NINO4_r100_s18_n410_9fd48d9b,multiscale_weighted,3,0.3428227476915164,0.10739249641290494,18,NINO4,NINO34,0.1,block
block_NINO34_NINO4_r100_s18_n410_9fd48d9b,multiscale_weighted,6,0.2924224023857693,0.12590208857239904,18,NINO4,NINO34,0.1,block
block_NINO34_NINO4_r100_s19_n410_19da8694,multiscale_equal,1,0.3333333333333333,,19,NINO4,NINO34,0.1,block
block_NINO34_NINO4_r100_s19_n410_19da8694,multiscale_equal,3,0.3333333333333333,,19,NINO4,NINO34,0.1,block
block_NINO34_NINO4_r100_s19_n410_19da8694,multiscale_equal,6,0.3333333333333333,,19,NINO4,NINO34,0.1,block
block_NINO34_NINO4_r100_s19_n410_19da8694,multiscale_weighted,1,0.37206536522121786,0.08963609930782031,19,NINO4,NINO34,0.1,block
block_NINO34_NINO4_r100_s19_n410_19da8694,multiscale_weighted,3,0.33186454989964104,0.1004942782772766,19,NINO4,NINO34,0.1,block
block_NINO34_NINO4_r100_s19_n410_19da8694,multiscale_weighted,6,0.29607008487914116,0.1126438991617013,19,NINO4,NINO34,0.1,block
block_NINO34_NINO4_r300_s00_n410_935c9c66,multiscale_equal,1,0.3333333333333333,,0,NINO4,NINO34,0.3,block
block_NINO34_NINO4_r300_s00_n410_935c9c66,multiscale_equal,3,0.3333333333333333,,0,NINO4,NINO34,0.3,block
block_NINO34_NINO4_r300_s00_n410_935c9c66,multiscale_equal,6,0.3333333333333333,,0,NINO4,NINO34,0.3,block
block_NINO34_NINO4_r300_s00_n410_935c9c66,multiscale_weighted,1,0.3543588225659927,0.06460752143791117,0,NINO4,NINO34,0.3,block
block_NINO34_NINO4_r300_s00_n410_935c9c66,multiscale_weighted,3,0.32872102865603214,0.06964642808409864,0,NINO4,NINO34,0.3,block
block_NINO34_NINO4_r300_s00_n410_935c9c66,multiscale_weighted,6,0.31692014877797503,0.07223979191070969,0,NINO4,NINO34,0.3,block
block_NINO34_NINO4_r300_s01_n410_9c74059f,multiscale_equal,1,0.3333333333333333,,1,NINO4,NINO34,0.3,block
block_NINO34_NINO4_r300_s01_n410_9c74059f,multiscale_equal,3,0.3333333333333333,,1,NINO4,NINO34,0.3,block
block_NINO34_NINO4_r300_s01_n410_9c74059f,multiscale_equal,6,0.3333333333333333,,1,NINO4,NINO34,0.3,block
block_NINO34_NINO4_r300_s01_n410_9c74059f,multiscale_weighted,1,0.37074088679440226,0.06184075480996621,1,NINO4,NINO34,0.3,block
block_NINO34_NINO4_r300_s01_n410_9c74059f,multiscale_weighted,3,0.369657885514827,0.062021932136471315,1,NINO4,NINO34,0.3,block
block_NINO34_NINO4_r300_s01_n410_9c74059f,multiscale_weighted,6,0.2596012276907707,0.08831582806298784,1,NINO4,NINO34,0.3,block
block_NINO34_NINO4_r300_s02_n410_914cef77,multiscale_equal,1,0.3333333333333333,,2,NINO4,NINO34,0.3,block
block_NINO34_NINO4_r300_s02_n410_914cef77,multiscale_equal,3,0.3333333333333333,,2,NINO4,NINO34,0.3,block
block_NINO34_NINO4_r300_s02_n410_914cef77,multiscale_equal,6,0.3333333333333333,,2,NINO4,NINO34,0.3,block
block_NINO34_NINO4_r300_s02_n410_914cef77,multiscale_weighted,1,0.36183619567874203,0.08926594512686595,2,NINO4,NINO34,0.3,block
block_NINO34_NINO4_r300_s02_n410_914cef77,multiscale_weighted,3,0.3332030786617741,0.09693683024906932,2,NINO4,NINO34,0.3,block
block_NINO34_NINO4_r300_s02_n410_914cef77,multiscale_weighted,6,0.3049607256594839,0.10591413201578188,2,NINO4,NINO34,0.3,block
block_NINO34_NINO4_r300_s03_n410_24e554d1,multiscale_equal,1,0.3333333333333333,,3,NINO4,NINO34,0.3,block
block_NINO34_NINO4_r300_s03_n410_24e554d1,multiscale_equal,3,0.3333333333333333,,3,NINO4,NINO34,0.3,block
block_NINO34_NINO4_r300_s03_n410_24e554d1,multiscale_equal,6,0.3333333333333333,,3,NINO4,NINO34,0.3,block
block_NINO34_NINO4_r300_s03_n410_24e554d1,multiscale_weighted,1,0.3745190019110764,0.10386795662786935,3,NINO4,NINO34,0.3,block
block_NINO34_NINO4_r300_s03_n410_24e554d1,multiscale_weighted,3,0.3297141076472049,0.11798258852934866,3,NINO4,NINO34,0.3,block
block_NINO34_NINO4_r300_s03_n410_24e554d1,multiscale_weighted,6,0.2957668904417188,0.13152426959027422,3,NINO4,NINO34,0.3,block
block_NINO34_NINO4_r300_s04_n410_cee3a3d1,multiscale_equal,1,0.3333333333333333,,4,NINO4,NINO34,0.3,block
block_NINO34_NINO4_r300_s04_n410_cee3a3d1,multiscale_equal,3,0.3333333333333333,,4,NINO4,NINO34,0.3,block
block_NINO34_NINO4_r300_s04_n410_cee3a3d1,multiscale_equal,6,0.3333333333333333,,4,NINO4,NINO34,0.3,block
block_NINO34_NINO4_r300_s04_n410_cee3a3d1,multiscale_weighted,1,0.3757739902932996,0.09891248448663738,4,NINO4,NINO34,0.3,block
block_NINO34_NINO4_r300_s04_n410_cee3a3d1,multiscale_weighted,3,0.3457285530953935,0.10750844543512894,4,NINO4,NINO34,0.3,block
block_NINO34_NINO4_r300_s04_n410_cee3a3d1,multiscale_weighted,6,0.2784974566113068,0.13346168546885082,4,NINO4,NINO34,0.3,block
block_NINO34_NINO4_r300_s05_n410_eb371db1,multiscale_equal,1,0.3333333333333333,,5,NINO4,NINO34,0.3,block
block_NINO34_NINO4_r300_s05_n410_eb371db1,multiscale_equal,3,0.3333333333333333,,5,NINO4,NINO34,0.3,block
block_NINO34_NINO4_r300_s05_n410_eb371db1,multiscale_equal,6,0.3333333333333333,,5,NINO4,NINO34,0.3,block
block_NINO34_NINO4_r300_s05_n410_eb371db1,multiscale_weighted,1,0.37348195028593345,0.10191962985861201,5,NINO4,NINO34,0.3,block
block_NINO34_NINO4_r300_s05_n410_eb371db1,multiscale_weighted,3,0.3280205749240621,0.11604498466427246,5,NINO4,NINO34,0.3,block
block_NINO34_NINO4_r300_s05_n410_eb371db1,multiscale_weighted,6,0.2984974747900045,0.12752249548723577,5,NINO4,NINO34,0.3,block
block_NINO34_NINO4_r300_s06_n410_97d37937,multiscale_equal,1,0.3333333333333333,,6,NINO4,NINO34,0.3,block
block_NINO34_NINO4_r300_s06_n410_97d37937,multiscale_equal,3,0.3333333333333333,,6,NINO4,NINO34,0.3,block
block_NINO34_NINO4_r300_s06_n410_97d37937,multiscale_equal,6,0.3333333333333333,,6,NINO4,NINO34,0.3,block
block_NINO34_NINO4_r300_s06_n410_97d37937,multiscale_weighted,1,0.3929959924341174,0.09468332963497833,6,NINO4,NINO34,0.3,block
block_NINO34_NINO4_r300_s06_n410_97d37937,multiscale_weighted,3,0.32476037390062507,0.11457730920893473,6,NINO4,NINO34,0.3,block
block_NINO34_NINO4_r300_s06_n410_97d37937,multiscale_weighted,6,0.2822436336652575,0.13183705765537318,6,NINO4,NINO34,0.3,block
block_NINO34_NINO4_r300_s07_n410_483b67cf,multiscale_equal,1,0.3333333333333333,,7,NINO4,NINO34,0.3,block
block_NINO34_NINO4_r300_s07_n410_483b67cf,multiscale_equal,3,0.3333333333333333,,7,NINO4,NINO34,0.3,block
block_NINO34_NINO4_r300_s07_n410_483b67cf,multiscale_equal,6,0.3333333333333333,,7,NINO4,NINO34,0.3,block
block_NINO34_NINO4_r300_s07_n410_483b67cf,multiscale_weighted,1,0.35858227115964264,0.07165708052636048,7,NINO4,NINO34,0.3,block
block_NINO34_NINO4_r300_s07_n410_483b67cf,multiscale_weighted,3,0.3408486714550811,0.07538523987039791,7,NINO4,NINO34,0.3,block
block_NINO34_NINO4_r300_s07_n410_483b67cf,multiscale_weighted,6,0.3005690573852763,0.08548770616466848,7,NINO4,NINO34,0.3,block
block_NINO34_NINO4_r300_s08_n410_ec95319d,multiscale_equal,1,0.3333333333333333,,8,NINO4,NINO34,0.3,block
block_NINO34_NINO4_r300_s08_n410_ec95319d,multiscale_equal,3,0.3333333333333333,,8,NINO4,NINO34,0.3,block
block_NINO34_NINO4_r300_s08_n410_ec95319d,multiscale_equal,6,0.3333333333333333,,8,NINO4,NINO34,0.3,block
block_NINO34_NINO4_r300_s08_n410_ec95319d,multiscale_weighted,1,0.3719316114300023,0.09792788349221963,8,NINO4,NINO34,0.3,block
block_NINO34_NINO4_r300_s08_n410_ec95319d,multiscale_weighted,3,0.3376088980742664,0.10788363713804064,8,NINO4,NINO34,0.3,block
block_NINO34_NINO4_r300_s08_n410_ec95319d,multiscale_weighted,6,0.2904594904957313,0.12539606216257293,8,NINO4,NINO34,0.3,block
block_NINO34_NINO4_r300_s09_n410_b2361883,multiscale_equal,1,0.3333333333333333,,9,NINO4,NINO34,0.3,block
block_NINO34_NINO4_r300_s09_n410_b2361883,multiscale_equal,3,0.3333333333333333,,9,NINO4,NINO34,0.3,block
block_NINO34_NINO4_r300_s09_n410_b2361883,multiscale_equal,6,0.3333333333333333,,9,NINO4,NINO34,0.3,block
block_NINO34_NINO4_r300_s09_n410_b2361883,multiscale_weighted,1,0.36792694768007717,0.06860677352108882,9,NINO4,NINO34,0.3,block
block_NINO34_NINO4_r300_s09_n410_b2361883,multiscale_weighted,3,0.3393351873136034,0.07438745524018407,9,NINO4,NINO34,0.3,block
block_NINO34_NINO4_r300_s09_n410_b2361883,multiscale_weighted,6,0.2927378650063195,0.08622827635618117,9,NINO4,NINO34,0.3,block
block_NINO34_NINO4_r300_s10_n410_5c15ab68,multiscale_equal,1,0.3333333333333333,,10,NINO4,NINO34,0.3,block
block_NINO34_NINO4_r300_s10_n410_5c15ab68,multiscale_equal,3,0.3333333333333333,,10,NINO4,NINO34,0.3,block
block_NINO34_NINO4_r300_s10_n410_5c15ab68,multiscale_equal,6,0.3333333333333333,,10,NINO4,NINO34,0.3,block
block_NINO34_NINO4_r300_s10_n410_5c15ab68,multiscale_weighted,1,0.3811602178857317,0.09686401438776455,10,NINO4,NINO34,0.3,block
block_NINO34_NINO4_r300_s10_n410_5c15ab68,multiscale_weighted,3,0.33708368876425593,0.10952980076088249,10,NINO4,NINO34,0.3,block
block_NINO34_NINO4_r300_s10_n410_5c15ab68,multiscale_weighted,6,0.28175609335001245,0.1310378398010486,10,NINO4,NINO34,0.3,block
block_NINO34_NINO4_r300_s11_n410_5369762c,multiscale_equal,1,0.3333333333333333,,11,NINO4,NINO34,0.3,block
block_NINO34_NINO4_r300_s11_n410_5369762c,multiscale_equal,3,0.3333333333333333,,11,NINO4,NINO34,0.3,block
block_NINO34_NINO4_r300_s11_n410_5369762c,multiscale_equal,6,0.3333333333333333,,11,NINO4,NINO34,0.3,block
block_NINO34_NINO4_r300_s11_n410_5369762c,multiscale_weighted,1,0.3912678565766921,0.09304823210574516,11,NINO4,NINO34,0.3,block
block_NINO34_NINO4_r300_s11_n410_5369762c,multiscale_weighted,3,0.3386655913738125,0.10750068441438741,11,NINO4,NINO34,0.3,block
block_NINO34_NINO4_r300_s11_n410_5369762c,multiscale_weighted,6,0.27006655204949553,0.13480671067924832,11,NINO4,NINO34,0.3,block
block_NINO34_NINO4_r300_s12_n410_62d7a0b9,multiscale_equal,1,0.3333333333333333,,12,NINO4,NINO34,0.3,block
block_NINO34_NINO4_r300_s12_n410_62d7a0b9,multiscale_equal,3,0.3333333333333333,,12,NINO4,NINO34,0.3,block
block_NINO34_NINO4_r300_s12_n410_62d7a0b9,multiscale_equal,6,0.3333333333333333,,12,NINO4,NINO34,0.3,block
block_NINO34_NINO4_r300_s12_n410_62d7a0b9,multiscale_weighted,1,0.39530124390567983,0.09729230915786836,12,NINO4,NINO34,0.3,block
block_NINO34_NINO4_r300_s12_n410_62d7a0b9,multiscale_weighted,3,0.32489698602606465,0.11837527952173278,12,NINO4,NINO34,0.3,block
block_NINO34_NINO4_r300_s12_n410_62d7a0b9,multiscale_weighted,6,0.27980177006825546,0.13745364076207991,12,NINO4,NINO34,0.3,block
block_NINO34_NINO4_r300_s13_n410_f47db063,multiscale_equal,1,0.3333333333333333,,13,NINO4,NINO34,0.3,block
block_NINO34_NINO4_r300_s13_n410_f47db063,multiscale_equal,3,0.3333333333333333,,13,NINO4,NINO34,0.3,block
block_NINO34_NINO4_r300_s13_n410_f47db063,multiscale_equal,6,0.3333333333333333,,13,NINO4,NINO34,0.3,block
block_NINO34_NINO4_r300_s13_n410_f47db063,multiscale_weighted,1,0.379594817677507,0.07022393234588609,13,NINO4,NINO34,0.3,block
block_NINO34_NINO4_r300_s13_n410_f47db063,multiscale_weighted,3,0.35542530911241205,0.07499927651099962,13,NINO4,NINO34,0.3,block
block_NINO34_NINO4_r300_s13_n410_f47db063,multiscale_weighted,6,0.2649798732100808,0.10059874215597422,13,NINO4,NINO34,0.3,block
block_NINO34_NINO4_r300_s14_n410_0d9ab48c,multiscale_equal,1,0.3333333333333333,,14,NINO4,NINO34,0.3,block
block_NINO34_NINO4_r300_s14_n410_0d9ab48c,multiscale_equal,3,0.3333333333333333,,14,NINO4,NINO34,0.3,block
block_NINO34_NINO4_r300_s14_n410_0d9ab48c,multiscale_equal,6,0.3333333333333333,,14,NINO4,NINO34,0.3,block
block_NINO34_NINO4_r300_s14_n410_0d9ab48c,multiscale_weighted,1,0.3652200947852037,0.06762156639163297,14,NINO4,NINO34,0.3,block
block_NINO34_NINO4_r300_s14_n410_0d9ab48c,multiscale_weighted,3,0.3404657221916327,0.07253815443047502,14,NINO4,NINO34,0.3,block
block_NINO34_NINO4_r300_s14_n410_0d9ab48c,multiscale_weighted,6,0.2943141830231637,0.08391289655990353,14,NINO4,NINO34,0.3,block
block_NINO34_NINO4_r300_s15_n410_732a62b8,multiscale_equal,1,0.3333333333333333,,15,NINO4,NINO34,0.3,block
block_NINO34_NINO4_r300_s15_n410_732a62b8,multiscale_equal,3,0.3333333333333333,,15,NINO4,NINO34,0.3,block
block_NINO34_NINO4_r300_s15_n410_732a62b8,multiscale_equal,6,0.3333333333333333,,15,NINO4,NINO34,0.3,block
block_NINO34_NINO4_r300_s15_n410_732a62b8,multiscale_weighted,1,0.3797047085480775,0.09402780136583065,15,NINO4,NINO34,0.3,block
block_NINO34_NINO4_r300_s15_n410_732a62b8,multiscale_weighted,3,0.3395451171214625,0.10514891104104292,15,NINO4,NINO34,0.3,block
block_NINO34_NINO4_r300_s15_n410_732a62b8,multiscale_weighted,6,0.28075017433046007,0.12716928845269468,15,NINO4,NINO34,0.3,block
block_NINO34_NINO4_r300_s16_n410_d98a0090,multiscale_equal,1,0.3333333333333333,,16,NINO4,NINO34,0.3,block
block_NINO34_NINO4_r300_s16_n410_d98a0090,multiscale_equal,3,0.3333333333333333,,16,NINO4,NINO34,0.3,block
block_NINO34_NINO4_r300_s16_n410_d98a0090,multiscale_equal,6,0.3333333333333333,,16,NINO4,NINO34,0.3,block
block_NINO34_NINO4_r300_s16_n410_d98a0090,multiscale_weighted,1,0.3543587479221031,0.0646075407151263,16,NINO4,NINO34,0.3,block
block_NINO34_NINO4_r300_s16_n410_d98a0090,multiscale_weighted,3,0.32872106521636235,0.06964642644804772,16,NINO4,NINO34,0.3,block
block_NINO34_NINO4_r300_s16_n410_d98a0090,multiscale_weighted,6,0.31692018686153456,0.07223978956735494,16,NINO4,NINO34,0.3,block
block_NINO34_NINO4_r300_s17_n410_c7c0c2b4,multiscale_equal,1,0.3333333333333333,,17,NINO4,NINO34,0.3,block
block_NINO34_NINO4_r300_s17_n410_c7c0c2b4,multiscale_equal,3,0.3333333333333333,,17,NINO4,NINO34,0.3,block
block_NINO34_NINO4_r300_s17_n410_c7c0c2b4,multiscale_equal,6,0.3333333333333333,,17,NINO4,NINO34,0.3,block
block_NINO34_NINO4_r300_s17_n410_c7c0c2b4,multiscale_weighted,1,0.3642696928229367,0.0683221033097028,17,NINO4,NINO34,0.3,block
block_NINO34_NINO4_r300_s17_n410_c7c0c2b4,multiscale_weighted,3,0.3375319064156256,0.07373427927839923,17,NINO4,NINO34,0.3,block
block_NINO34_NINO4_r300_s17_n410_c7c0c2b4,multiscale_weighted,6,0.2981984007614376,0.0834601130750723,17,NINO4,NINO34,0.3,block
block_NINO34_NINO4_r300_s18_n410_67d10f36,multiscale_equal,1,0.3333333333333333,,18,NINO4,NINO34,0.3,block
block_NINO34_NINO4_r300_s18_n410_67d10f36,multiscale_equal,3,0.3333333333333333,,18,NINO4,NINO34,0.3,block
block_NINO34_NINO4_r300_s18_n410_67d10f36,multiscale_equal,6,0.3333333333333333,,18,NINO4,NINO34,0.3,block
block_NINO34_NINO4_r300_s18_n410_67d10f36,multiscale_weighted,1,0.3673768793618633,0.0636135697168763,18,NINO4,NINO34,0.3,block
block_NINO34_NINO4_r300_s18_n410_67d10f36,multiscale_weighted,3,0.376843309505744,0.06201557528947937,18,NINO4,NINO34,0.3,block
block_NINO34_NINO4_r300_s18_n410_67d10f36,multiscale_weighted,6,0.25577981113239256,0.09136825826933052,18,NINO4,NINO34,0.3,block
block_NINO34_NINO4_r300_s19_n410_96e5fe1e,multiscale_equal,1,0.3333333333333333,,19,NINO4,NINO34,0.3,block
block_NINO34_NINO4_r300_s19_n410_96e5fe1e,multiscale_equal,3,0.3333333333333333,,19,NINO4,NINO34,0.3,block
block_NINO34_NINO4_r300_s19_n410_96e5fe1e,multiscale_equal,6,0.3333333333333333,,19,NINO4,NINO34,0.3,block
block_NINO34_NINO4_r300_s19_n410_96e5fe1e,multiscale_weighted,1,0.37132464423625305,0.0996926567172755,19,NINO4,NINO34,0.3,block
block_NINO34_NINO4_r300_s19_n410_96e5fe1e,multiscale_weighted,3,0.34993640522674724,0.10578590838070977,19,NINO4,NINO34,0.3,block
block_NINO34_NINO4_r300_s19_n410_96e5fe1e,multiscale_weighted,6,0.2787389505369996,0.132806488447521,19,NINO4,NINO34,0.3,block
block_NINO34_NINO4_r500_s00_n410_a645d235,multiscale_equal,1,0.3333333333333333,,0,NINO4,NINO34,0.5,block
block_NINO34_NINO4_r500_s00_n410_a645d235,multiscale_equal,3,0.3333333333333333,,0,NINO4,NINO34,0.5,block
block_NINO34_NINO4_r500_s00_n410_a645d235,multiscale_equal,6,0.3333333333333333,,0,NINO4,NINO34,0.5,block
block_NINO34_NINO4_r500_s00_n410_a645d235,multiscale_weighted,1,0.387061533620611,0.12441939951235949,0,NINO4,NINO34,0.5,block
block_NINO34_NINO4_r500_s00_n410_a645d235,multiscale_weighted,3,0.33032057116892244,0.1457915987018305,0,NINO4,NINO34,0.5,block
block_NINO34_NINO4_r500_s00_n410_a645d235,multiscale_weighted,6,0.2826178952104666,0.17039955872568627,0,NINO4,NINO34,0.5,block
block_NINO34_NINO4_r500_s01_n410_5823c656,multiscale_equal,1,0.3333333333333333,,1,NINO4,NINO34,0.5,block
block_NINO34_NINO4_r500_s01_n410_5823c656,multiscale_equal,3,0.3333333333333333,,1,NINO4,NINO34,0.5,block
block_NINO34_NINO4_r500_s01_n410_5823c656,multiscale_equal,6,0.3333333333333333,,1,NINO4,NINO34,0.5,block
block_NINO34_NINO4_r500_s01_n410_5823c656,multiscale_weighted,1,0.42770165593038656,0.09219468830433665,1,NINO4,NINO34,0.5,block
block_NINO34_NINO4_r500_s01_n410_5823c656,multiscale_weighted,3,0.31388737724986854,0.12562410868310867,1,NINO4,NINO34,0.5,block
block_NINO34_NINO4_r500_s01_n410_5823c656,multiscale_weighted,6,0.258410966819745,0.1525934562063817,1,NINO4,NINO34,0.5,block
block_NINO34_NINO4_r500_s02_n410_bb72d159,multiscale_equal,1,0.3333333333333333,,2,NINO4,NINO34,0.5,block
block_NINO34_NINO4_r500_s02_n410_bb72d159,multiscale_equal,3,0.3333333333333333,,2,NINO4,NINO34,0.5,block
block_NINO34_NINO4_r500_s02_n410_bb72d159,multiscale_equal,6,0.3333333333333333,,2,NINO4,NINO34,0.5,block
block_NINO34_NINO4_r500_s02_n410_bb72d159,multiscale_weighted,1,0.4495328777294816,0.10746442093730137,2,NINO4,NINO34,0.5,block
block_NINO34_NINO4_r500_s02_n410_bb72d159,multiscale_weighted,3,0.3503127583565616,0.13790188977504528,2,NINO4,NINO34,0.5,block
block_NINO34_NINO4_r500_s02_n410_bb72d159,multiscale_weighted,6,0.2001543639139569,0.24135767987566703,2,NINO4,NINO34,0.5,block
block_NINO34_NINO4_r500_s03_n410_4ef15895,multiscale_equal,1,0.3333333333333333,,3,NINO4,NINO34,0.5,block
block_NINO34_NINO4_r500_s03_n410_4ef15895,multiscale_equal,3,0.3333333333333333,,3,NINO4,NINO34,0.5,block
block_NINO34_NINO4_r500_s03_n410_4ef15895,multiscale_equal,6,0.3333333333333333,,3,NINO4,NINO34,0.5,block
block_NINO34_NINO4_r500_s03_n410_4ef15895,multiscale_weighted,1,0.3778213265681934,0.09159137035800716,3,NINO4,NINO34,0.5,block
block_NINO34_NINO4_r500_s03_n410_4ef15895,multiscale_weighted,3,0.3258527718479149,0.10619880068627366,3,NINO4,NINO34,0.5,block
block_NINO34_NINO4_r500_s03_n410_4ef15895,multiscale_weighted,6,0.29632590158389177,0.11678079331184714,3,NINO4,NINO34,0.5,block
block_NINO34_NINO4_r500_s04_n410_04e00d32,multiscale_equal,1,0.3333333333333333,,4,NINO4,NINO34,0.5,block
block_NINO34_NINO4_r500_s04_n410_04e00d32,multiscale_equal,3,0.3333333333333333,,4,NINO4,NINO34,0.5,block
block_NINO34_NINO4_r500_s04_n410_04e00d32,multiscale_equal,6,0.3333333333333333,,4,NINO4,NINO34,0.5,block
block_NINO34_NINO4_r500_s04_n410_04e00d32,multiscale_weighted,1,0.39223981794589097,0.11518705286595111,4,NINO4,NINO34,0.5,block
block_NINO34_NINO4_r500_s04_n410_04e00d32,multiscale_weighted,3,0.3000028109603317,0.15060175410892587,4,NINO4,NINO34,0.5,block
block_NINO34_NINO4_r500_s04_n410_04e00d32,multiscale_weighted,6,0.30775737109377727,0.1468070426066958,4,NINO4,NINO34,0.5,block
block_NINO34_NINO4_r500_s05_n410_fbbeb820,multiscale_equal,1,0.3333333333333333,,5,NINO4,NINO34,0.5,block
block_NINO34_NINO4_r500_s05_n410_fbbeb820,multiscale_equal,3,0.3333333333333333,,5,NINO4,NINO34,0.5,block
block_NINO34_NINO4_r500_s05_n410_fbbeb820,multiscale_equal,6,0.3333333333333333,,5,NINO4,NINO34,0.5,block
block_NINO34_NINO4_r500_s05_n410_fbbeb820,multiscale_weighted,1,0.3478589362403533,0.13168211497018925,5,NINO4,NINO34,0.5,block
block_NINO34_NINO4_r500_s05_n410_fbbeb820,multiscale_weighted,3,0.32807464063215286,0.13962310693990168,5,NINO4,NINO34,0.5,block
block_NINO34_NINO4_r500_s05_n410_fbbeb820,multiscale_weighted,6,0.32406642312749384,0.14135003630201395,5,NINO4,NINO34,0.5,block
block_NINO34_NINO4_r500_s06_n410_76fadc1a,multiscale_equal,1,0.3333333333333333,,6,NINO4,NINO34,0.5,block
block_NINO34_NINO4_r500_s06_n410_76fadc1a,multiscale_equal,3,0.3333333333333333,,6,NINO4,NINO34,0.5,block
block_NINO34_NINO4_r500_s06_n410_76fadc1a,multiscale_equal,6,0.3333333333333333,,6,NINO4,NINO34,0.5,block
block_NINO34_NINO4_r500_s06_n410_76fadc1a,multiscale_weighted,1,0.4164281017443247,0.08278368206101833,6,NINO4,NINO34,0.5,block
block_NINO34_NINO4_r500_s06_n410_76fadc1a,multiscale_weighted,3,0.3396816389469706,0.10148753535931336,6,NINO4,NINO34,0.5,block
block_NINO34_NINO4_r500_s06_n410_76fadc1a,multiscale_weighted,6,0.24389025930870473,0.1413482170184547,6,NINO4,NINO34,0.5,block
block_NINO34_NINO4_r500_s07_n410_efb6aa21,multiscale_equal,1,0.3333333333333333,,7,NINO4,NINO34,0.5,block
block_NINO34_NINO4_r500_s07_n410_efb6aa21,multiscale_equal,3,0.3333333333333333,,7,NINO4,NINO34,0.5,block
block_NINO34_NINO4_r500_s07_n410_efb6aa21,multiscale_equal,6,0.3333333333333333,,7,NINO4,NINO34,0.5,block
block_NINO34_NINO4_r500_s07_n410_efb6aa21,multiscale_weighted,1,0.4258457604796888,0.08245792597483881,7,NINO4,NINO34,0.5,block
block_NINO34_NINO4_r500_s07_n410_efb6aa21,multiscale_weighted,3,0.3506621846894598,0.10013728448439778,7,NINO4,NINO34,0.5,block
block_NINO34_NINO4_r500_s07_n410_efb6aa21,multiscale_weighted,6,0.2234920548308513,0.1571168167228418,7,NINO4,NINO34,0.5,block
block_NINO34_NINO4_r500_s08_n410_fe063055,multiscale_equal,1,0.3333333333333333,,8,NINO4,NINO34,0.5,block
block_NINO34_NINO4_r500_s08_n410_fe063055,multiscale_equal,3,0.3333333333333333,,8,NINO4,NINO34,0.5,block
block_NINO34_NINO4_r500_s08_n410_fe063055,multiscale_equal,6,0.3333333333333333,,8,NINO4,NINO34,0.5,block
block_NINO34_NINO4_r500_s08_n410_fe063055,multiscale_weighted,1,0.43520045804573326,0.10677829797035324,8,NINO4,NINO34,0.5,block
block_NINO34_NINO4_r500_s08_n410_fe063055,multiscale_weighted,3,0.29883066829157306,0.1555060122021949,8,NINO4,NINO34,0.5,block
block_NINO34_NINO4_r500_s08_n410_fe063055,multiscale_weighted,6,0.2659688736626937,0.17471956488145818,8,NINO4,NINO34,0.5,block
block_NINO34_NINO4_r500_s09_n410_1707405b,multiscale_equal,1,0.3333333333333333,,9,NINO4,NINO34,0.5,block
block_NINO34_NINO4_r500_s09_n410_1707405b,multiscale_equal,3,0.3333333333333333,,9,NINO4,NINO34,0.5,block
block_NINO34_NINO4_r500_s09_n410_1707405b,multiscale_equal,6,0.3333333333333333,,9,NINO4,NINO34,0.5,block
block_NINO34_NINO4_r500_s09_n410_1707405b,multiscale_weighted,1,0.4490152548992911,0.0794200686284299,9,NINO4,NINO34,0.5,block
block_NINO34_NINO4_r500_s09_n410_1707405b,multiscale_weighted,3,0.3326329348910946,0.10720773496109862,9,NINO4,NINO34,0.5,block
block_NINO34_NINO4_r500_s09_n410_1707405b,multiscale_weighted,6,0.21835181020961433,0.16331820025542385,9,NINO4,NINO34,0.5,block
block_NINO34_NINO4_r500_s10_n410_2be09c00,multiscale_equal,1,0.3333333333333333,,10,NINO4,NINO34,0.5,block
block_NINO34_NINO4_r500_s10_n410_2be09c00,multiscale_equal,3,0.3333333333333333,,10,NINO4,NINO34,0.5,block
block_NINO34_NINO4_r500_s10_n410_2be09c00,multiscale_equal,6,0.3333333333333333,,10,NINO4,NINO34,0.5,block
block_NINO34_NINO4_r500_s10_n410_2be09c00,multiscale_weighted,1,0.4317732244753373,0.08161116869159024,10,NINO4,NINO34,0.5,block
block_NINO34_NINO4_r500_s10_n410_2be09c00,multiscale_weighted,3,0.30877977098217696,0.11411861138771646,10,NINO4,NINO34,0.5,block
block_NINO34_NINO4_r500_s10_n410_2be09c00,multiscale_weighted,6,0.25944700454248565,0.13581779155465448,10,NINO4,NINO34,0.5,block
block_NINO34_NINO4_r500_s11_n410_6f3fba4c,multiscale_equal,1,0.3333333333333333,,11,NINO4,NINO34,0.5,block
block_NINO34_NINO4_r500_s11_n410_6f3fba4c,multiscale_equal,3,0.3333333333333333,,11,NINO4,NINO34,0.5,block
block_NINO34_NINO4_r500_s11_n410_6f3fba4c,multiscale_equal,6,0.3333333333333333,,11,NINO4,NINO34,0.5,block
block_NINO34_NINO4_r500_s11_n410_6f3fba4c,multiscale_weighted,1,0.3788750703932172,0.1258212128637363,11,NINO4,NINO34,0.5,block
block_NINO34_NINO4_r500_s11_n410_6f3fba4c,multiscale_weighted,3,0.33418069028346664,0.14264894027005465,11,NINO4,NINO34,0.5,block
block_NINO34_NINO4_r500_s11_n410_6f3fba4c,multiscale_weighted,6,0.2869442393233162,0.1661316564933834,11,NINO4,NINO34,0.5,block
block_NINO34_NINO4_r500_s12_n410_ef67cef6,multiscale_equal,1,0.3333333333333333,,12,NINO4,NINO34,0.5,block
block_NINO34_NINO4_r500_s12_n410_ef67cef6,multiscale_equal,3,0.3333333333333333,,12,NINO4,NINO34,0.5,block
block_NINO34_NINO4_r500_s12_n410_ef67cef6,multiscale_equal,6,0.3333333333333333,,12,NINO4,NINO34,0.5,block
block_NINO34_NINO4_r500_s12_n410_ef67cef6,multiscale_weighted,1,0.36512637964722267,0.13168210850228224,12,NINO4,NINO34,0.5,block
block_NINO34_NINO4_r500_s12_n410_ef67cef6,multiscale_weighted,3,0.2947208133144699,0.16313952077250907,12,NINO4,NINO34,0.5,block
block_NINO34_NINO4_r500_s12_n410_ef67cef6,multiscale_weighted,6,0.3401528070383074,0.14135003679705646,12,NINO4,NINO34,0.5,block
block_NINO34_NINO4_r500_s13_n410_b024a129,multiscale_equal,1,0.3333333333333333,,13,NINO4,NINO34,0.5,block
block_NINO34_NINO4_r500_s13_n410_b024a129,multiscale_equal,3,0.3333333333333333,,13,NINO4,NINO34,0.5,block
block_NINO34_NINO4_r500_s13_n410_b024a129,multiscale_equal,6,0.3333333333333333,,13,NINO4,NINO34,0.5,block
block_NINO34_NINO4_r500_s13_n410_b024a129,multiscale_weighted,1,0.4336004938725783,0.10615577263972649,13,NINO4,NINO34,0.5,block
block_NINO34_NINO4_r500_s13_n410_b024a129,multiscale_weighted,3,0.28921686680525066,0.15915114978007627,13,NINO4,NINO34,0.5,block
block_NINO34_NINO4_r500_s13_n410_b024a129,multiscale_weighted,6,0.277182639322171,0.16606089443678715,13,NINO4,NINO34,0.5,block
block_NINO34_NINO4_r500_s14_n410_f865306a,multiscale_equal,1,0.3333333333333333,,14,NINO4,NINO34,0.5,block
block_NINO34_NINO4_r500_s14_n410_f865306a,multiscale_equal,3,0.3333333333333333,,14,NINO4,NINO34,0.5,block
block_NINO34_NINO4_r500_s14_n410_f865306a,multiscale_equal,6,0.3333333333333333,,14,NINO4,NINO34,0.5,block
block_NINO34_NINO4_r500_s14_n410_f865306a,multiscale_weighted,1,0.45479246675033663,0.08180735044358017,14,NINO4,NINO34,0.5,block
block_NINO34_NINO4_r500_s14_n410_f865306a,multiscale_weighted,3,0.3185115413241677,0.11681010965781068,14,NINO4,NINO34,0.5,block
block_NINO34_NINO4_r500_s14_n410_f865306a,multiscale_weighted,6,0.2266959919254957,0.16412010054301038,14,NINO4,NINO34,0.5,block
block_NINO34_NINO4_r500_s15_n410_645922ca,multiscale_equal,1,0.3333333333333333,,15,NINO4,NINO34,0.5,block
block_NINO34_NINO4_r500_s15_n410_645922ca,multiscale_equal,3,0.3333333333333333,,15,NINO4,NINO34,0.5,block
block_NINO34_NINO4_r500_s15_n410_645922ca,multiscale_equal,6,0.3333333333333333,,15,NINO4,NINO34,0.5,block
block_NINO34_NINO4_r500_s15_n410_645922ca,multiscale_weighted,1,0.4306119927920655,0.0826921287070353,15,NINO4,NINO34,0.5,block
block_NINO34_NINO4_r500_s15_n410_645922ca,multiscale_weighted,3,0.3112020745049815,0.11442154934697785,15,NINO4,NINO34,0.5,block
block_NINO34_NINO4_r500_s15_n410_645922ca,multiscale_weighted,6,0.258185932702953,0.13791697976040726,15,NINO4,NINO34,0.5,block
block_NINO34_NINO4_r500_s16_n410_f7e884f7,multiscale_equal,1,0.3333333333333333,,16,NINO4,NINO34,0.5,block
block_NINO34_NINO4_r500_s16_n410_f7e884f7,multiscale_equal,3,0.3333333333333333,,16,NINO4,NINO34,0.5,block
block_NINO34_NINO4_r500_s16_n410_f7e884f7,multiscale_equal,6,0.3333333333333333,,16,NINO4,NINO34,0.5,block
block_NINO34_NINO4_r500_s16_n410_f7e884f7,multiscale_weighted,1,0.4096053664771718,0.0813075976038329,16,NINO4,NINO34,0.5,block
block_NINO34_NINO4_r500_s16_n410_f7e884f7,multiscale_weighted,3,0.3034389334754846,0.10975529406891818,16,NINO4,NINO34,0.5,block
block_NINO34_NINO4_r500_s16_n410_f7e884f7,multiscale_weighted,6,0.28695570004734366,0.11605982921718702,16,NINO4,NINO34,0.5,block
block_NINO34_NINO4_r500_s17_n410_32de75d3,multiscale_equal,1,0.3333333333333333,,17,NINO4,NINO34,0.5,block
block_NINO34_NINO4_r500_s17_n410_32de75d3,multiscale_equal,3,0.3333333333333333,,17,NINO4,NINO34,0.5,block
block_NINO34_NINO4_r500_s17_n410_32de75d3,multiscale_equal,6,0.3333333333333333,,17,NINO4,NINO34,0.5,block
block_NINO34_NINO4_r500_s17_n410_32de75d3,multiscale_weighted,1,0.4352004384693115,0.10677831728368341,17,NINO4,NINO34,0.5,block
block_NINO34_NINO4_r500_s17_n410_32de75d3,multiscale_weighted,3,0.2988306537050101,0.15550604092458614,17,NINO4,NINO34,0.5,block
block_NINO34_NINO4_r500_s17_n410_32de75d3,multiscale_weighted,6,0.26596890782567856,0.17471956618194995,17,NINO4,NINO34,0.5,block
block_NINO34_NINO4_r500_s18_n410_719b989b,multiscale_equal,1,0.3333333333333333,,18,NINO4,NINO34,0.5,block
block_NINO34_NINO4_r500_s18_n410_719b989b,multiscale_equal,3,0.3333333333333333,,18,NINO4,NINO34,0.5,block
block_NINO34_NINO4_r500_s18_n410_719b989b,multiscale_equal,6,0.3333333333333333,,18,NINO4,NINO34,0.5,block
block_NINO34_NINO4_r500_s18_n410_719b989b,multiscale_weighted,1,0.45035222698332505,0.08584152057507348,18,NINO4,NINO34,0.5,block
block_NINO34_NINO4_r500_s18_n410_719b989b,multiscale_weighted,3,0.30525643962302823,0.12664408147234624,18,NINO4,NINO34,0.5,block
block_NINO34_NINO4_r500_s18_n410_719b989b,multiscale_weighted,6,0.24439133339364671,0.15818450466882714,18,NINO4,NINO34,0.5,block
block_NINO34_NINO4_r500_s19_n410_57ed2df3,multiscale_equal,1,0.3333333333333333,,19,NINO4,NINO34,0.5,block
block_NINO34_NINO4_r500_s19_n410_57ed2df3,multiscale_equal,3,0.3333333333333333,,19,NINO4,NINO34,0.5,block
block_NINO34_NINO4_r500_s19_n410_57ed2df3,multiscale_equal,6,0.3333333333333333,,19,NINO4,NINO34,0.5,block
block_NINO34_NINO4_r500_s19_n410_57ed2df3,multiscale_weighted,1,0.4165699189438735,0.08170496439462373,19,NINO4,NINO34,0.5,block
block_NINO34_NINO4_r500_s19_n410_57ed2df3,multiscale_weighted,3,0.30415649710996034,0.11190236553457503,19,NINO4,NINO34,0.5,block
block_NINO34_NINO4_r500_s19_n410_57ed2df3,multiscale_weighted,6,0.27927358394616614,0.12187272167748134,19,NINO4,NINO34,0.5,block
block_NINO34_NINO4_r700_s00_n410_5319d363,multiscale_equal,1,0.3333333333333333,,0,NINO4,NINO34,0.7,block
block_NINO34_NINO4_r700_s00_n410_5319d363,multiscale_equal,3,0.3333333333333333,,0,NINO4,NINO34,0.7,block
block_NINO34_NINO4_r700_s00_n410_5319d363,multiscale_equal,6,0.3333333333333333,,0,NINO4,NINO34,0.7,block
block_NINO34_NINO4_r700_s00_n410_5319d363,multiscale_weighted,1,0.20837873589568598,0.27538928570897714,0,NINO4,NINO34,0.7,block
block_NINO34_NINO4_r700_s00_n410_5319d363,multiscale_weighted,3,0.35217358033074747,0.16294598176106834,0,NINO4,NINO34,0.7,block
block_NINO34_NINO4_r700_s00_n410_5319d363,multiscale_weighted,6,0.4394476837735666,0.13058498438720156,0,NINO4,NINO34,0.7,block
block_NINO34_NINO4_r700_s01_n410_8673a11d,multiscale_equal,1,0.3333333333333333,,1,NINO4,NINO34,0.7,block
block_NINO34_NINO4_r700_s01_n410_8673a11d,multiscale_equal,3,0.3333333333333333,,1,NINO4,NINO34,0.7,block
block_NINO34_NINO4_r700_s01_n410_8673a11d,multiscale_equal,6,0.3333333333333333,,1,NINO4,NINO34,0.7,block
block_NINO34_NINO4_r700_s01_n410_8673a11d,multiscale_weighted,1,0.414910947801571,0.13003639664998567,1,NINO4,NINO34,0.7,block
block_NINO34_NINO4_r700_s01_n410_8673a11d,multiscale_weighted,3,0.31761340905164,0.16987168683092282,1,NINO4,NINO34,0.7,block
block_NINO34_NINO4_r700_s01_n410_8673a11d,multiscale_weighted,6,0.2674756431467889,0.20171379129085892,1,NINO4,NINO34,0.7,block
block_NINO34_NINO4_r700_s02_n410_f2a30007,multiscale_equal,1,0.3333333333333333,,2,NINO4,NINO34,0.7,block
block_NINO34_NINO4_r700_s02_n410_f2a30007,multiscale_equal,3,0.3333333333333333,,2,NINO4,NINO34,0.7,block
block_NINO34_NINO4_r700_s02_n410_f2a30007,multiscale_equal,6,0.3333333333333333,,2,NINO4,NINO34,0.7,block
block_NINO34_NINO4_r700_s02_n410_f2a30007,multiscale_weighted,1,0.44202085607078156,0.09583189909352197,2,NINO4,NINO34,0.7,block
block_NINO34_NINO4_r700_s02_n410_f2a30007,multiscale_weighted,3,0.2649572158699645,0.15987373549257475,2,NINO4,NINO34,0.7,block
block_NINO34_NINO4_r700_s02_n410_f2a30007,multiscale_weighted,6,0.2930219280592539,0.14456153451297601,2,NINO4,NINO34,0.7,block
block_NINO34_NINO4_r700_s03_n410_69dc658c,multiscale_equal,1,0.3333333333333333,,3,NINO4,NINO34,0.7,block
block_NINO34_NINO4_r700_s03_n410_69dc658c,multiscale_equal,3,0.3333333333333333,,3,NINO4,NINO34,0.7,block
block_NINO34_NINO4_r700_s03_n410_69dc658c,multiscale_equal,6,0.3333333333333333,,3,NINO4,NINO34,0.7,block
block_NINO34_NINO4_r700_s03_n410_69dc658c,multiscale_weighted,1,0.4289572421839381,0.0978686366340604,3,NINO4,NINO34,0.7,block
block_NINO34_NINO4_r700_s03_n410_69dc658c,multiscale_weighted,3,0.23518560806449076,0.17850353493166551,3,NINO4,NINO34,0.7,block
block_NINO34_NINO4_r700_s03_n410_69dc658c,multiscale_weighted,6,0.33585714975157127,0.12499796841872354,3,NINO4,NINO34,0.7,block
block_NINO34_NINO4_r700_s04_n410_f1ef1e17,multiscale_equal,1,0.3333333333333333,,4,NINO4,NINO34,0.7,block
block_NINO34_NINO4_r700_s04_n410_f1ef1e17,multiscale_equal,3,0.3333333333333333,,4,NINO4,NINO34,0.7,block
block_NINO34_NINO4_r700_s04_n410_f1ef1e17,multiscale_equal,6,0.3333333333333333,,4,NINO4,NINO34,0.7,block
block_NINO34_NINO4_r700_s04_n410_f1ef1e17,multiscale_weighted,1,0.5581494010024388,0.12531265916079812,4,NINO4,NINO34,0.7,block
block_NINO34_NINO4_r700_s04_n410_f1ef1e17,multiscale_weighted,3,0.21286637766405908,0.3285779082116728,4,NINO4,NINO34,0.7,block
block_NINO34_NINO4_r700_s04_n410_f1ef1e17,multiscale_weighted,6,0.22898422133350202,0.3054498189130941,4,NINO4,NINO34,0.7,block
block_NINO34_NINO4_r700_s05_n410_f58f3ef7,multiscale_equal,1,0.3333333333333333,,5,NINO4,NINO34,0.7,block
block_NINO34_NINO4_r700_s05_n410_f58f3ef7,multiscale_equal,3,0.3333333333333333,,5,NINO4,NINO34,0.7,block
block_NINO34_NINO4_r700_s05_n410_f58f3ef7,multiscale_equal,6,0.3333333333333333,,5,NINO4,NINO34,0.7,block
block_NINO34_NINO4_r700_s05_n410_f58f3ef7,multiscale_weighted,1,0.26724969113867003,0.4249007199818484,5,NINO4,NINO34,0.7,block
block_NINO34_NINO4_r700_s05_n410_f58f3ef7,multiscale_weighted,3,0.311735130908711,0.3642662455267084,5,NINO4,NINO34,0.7,block
block_NINO34_NINO4_r700_s05_n410_f58f3ef7,multiscale_weighted,6,0.42101517795261895,0.2697161304119826,5,NINO4,NINO34,0.7,block
block_NINO34_NINO4_r700_s06_n410_18e9ec52,multiscale_equal,1,0.3333333333333333,,6,NINO4,NINO34,0.7,block
block_NINO34_NINO4_r700_s06_n410_18e9ec52,multiscale_equal,3,0.3333333333333333,,6,NINO4,NINO34,0.7,block
block_NINO34_NINO4_r700_s06_n410_18e9ec52,multiscale_equal,6,0.3333333333333333,,6,NINO4,NINO34,0.7,block
block_NINO34_NINO4_r700_s06_n410_18e9ec52,multiscale_weighted,1,0.1847297626730149,0.4160999680172064,6,NINO4,NINO34,0.7,block
block_NINO34_NINO4_r700_s06_n410_18e9ec52,multiscale_weighted,3,0.45457613309232714,0.16909388779105122,6,NINO4,NINO34,0.7,block
block_NINO34_NINO4_r700_s06_n410_18e9ec52,multiscale_weighted,6,0.360694104234658,0.21310591350951835,6,NINO4,NINO34,0.7,block
block_NINO34_NINO4_r700_s07_n410_a2afab38,multiscale_equal,1,0.3333333333333333,,7,NINO4,NINO34,0.7,block
block_NINO34_NINO4_r700_s07_n410_a2afab38,multiscale_equal,3,0.3333333333333333,,7,NINO4,NINO34,0.7,block
block_NINO34_NINO4_r700_s07_n410_a2afab38,multiscale_equal,6,0.3333333333333333,,7,NINO4,NINO34,0.7,block
block_NINO34_NINO4_r700_s07_n410_a2afab38,multiscale_weighted,1,0.47738254850428097,0.07986569097906822,7,NINO4,NINO34,0.7,block
block_NINO34_NINO4_r700_s07_n410_a2afab38,multiscale_weighted,3,0.35501046810058173,0.10739539181859206,7,NINO4,NINO34,0.7,block
block_NINO34_NINO4_r700_s07_n410_a2afab38,multiscale_weighted,6,0.1676069833951373,0.22747554680054421,7,NINO4,NINO34,0.7,block
block_NINO34_NINO4_r700_s08_n410_a3edf0ee,multiscale_equal,1,0.3333333333333333,,8,NINO4,NINO34,0.7,block
block_NINO34_NINO4_r700_s08_n410_a3edf0ee,multiscale_equal,3,0.3333333333333333,,8,NINO4,NINO34,0.7,block
block_NINO34_NINO4_r700_s08_n410_a3edf0ee,multiscale_equal,6,0.3333333333333333,,8,NINO4,NINO34,0.7,block
block_NINO34_NINO4_r700_s08_n410_a3edf0ee,multiscale_weighted,1,0.4977447533019649,0.13751910411808255,8,NINO4,NINO34,0.7,block
block_NINO34_NINO4_r700_s08_n410_a3edf0ee,multiscale_weighted,3,0.19319769034579967,0.3542972769318151,8,NINO4,NINO34,0.7,block
block_NINO34_NINO4_r700_s08_n410_a3edf0ee,multiscale_weighted,6,0.30905755635223553,0.22147788667047447,8,NINO4,NINO34,0.7,block
block_NINO34_NINO4_r700_s09_n410_b64e8f21,multiscale_equal,1,0.3333333333333333,,9,NINO4,NINO34,0.7,block
block_NINO34_NINO4_r700_s09_n410_b64e8f21,multiscale_equal,3,0.3333333333333333,,9,NINO4,NINO34,0.7,block
block_NINO34_NINO4_r700_s09_n410_b64e8f21,multiscale_equal,6,0.3333333333333333,,9,NINO4,NINO34,0.7,block
block_NINO34_NINO4_r700_s09_n410_b64e8f21,multiscale_weighted,1,0.4336293933374867,0.10408591144184484,9,NINO4,NINO34,0.7,block
block_NINO34_NINO4_r700_s09_n410_b64e8f21,multiscale_weighted,3,0.23987651399391863,0.18815811443791283,9,NINO4,NINO34,0.7,block
block_NINO34_NINO4_r700_s09_n410_b64e8f21,multiscale_weighted,6,0.3264940926685945,0.13824051558161946,9,NINO4,NINO34,0.7,block
block_NINO34_NINO4_r700_s10_n410_2778ab39,multiscale_equal,1,0.3333333333333333,,10,NINO4,NINO34,0.7,block
block_NINO34_NINO4_r700_s10_n410_2778ab39,multiscale_equal,3,0.3333333333333333,,10,NINO4,NINO34,0.7,block
block_NINO34_NINO4_r700_s10_n410_2778ab39,multiscale_equal,6,0.3333333333333333,,10,NINO4,NINO34,0.7,block
block_NINO34_NINO4_r700_s10_n410_2778ab39,multiscale_weighted,1,0.25538161231009143,0.23954134304483674,10,NINO4,NINO34,0.7,block
block_NINO34_NINO4_r700_s10_n410_2778ab39,multiscale_weighted,3,0.3116893084412783,0.1962674117523133,10,NINO4,NINO34,0.7,block
block_NINO34_NINO4_r700_s10_n410_2778ab39,multiscale_weighted,6,0.4329290792486302,0.1413036350720809,10,NINO4,NINO34,0.7,block
block_NINO34_NINO4_r700_s11_n410_abfdcfdc,multiscale_equal,1,0.3333333333333333,,11,NINO4,NINO34,0.7,block
block_NINO34_NINO4_r700_s11_n410_abfdcfdc,multiscale_equal,3,0.3333333333333333,,11,NINO4,NINO34,0.7,block
block_NINO34_NINO4_r700_s11_n410_abfdcfdc,multiscale_equal,6,0.3333333333333333,,11,NINO4,NINO34,0.7,block
block_NINO34_NINO4_r700_s11_n410_abfdcfdc,multiscale_weighted,1,0.4354496220247819,0.09194173482020718,11,NINO4,NINO34,0.7,block
block_NINO34_NINO4_r700_s11_n410_abfdcfdc,multiscale_weighted,3,0.24264119984963858,0.1650008144892785,11,NINO4,NINO34,0.7,block
block_NINO34_NINO4_r700_s11_n410_abfdcfdc,multiscale_weighted,6,0.32190917812557945,0.12437046698789062,11,NINO4,NINO34,0.7,block
block_NINO34_NINO4_r700_s12_n410_276b04b9,multiscale_equal,1,0.3333333333333333,,12,NINO4,NINO34,0.7,block
block_NINO34_NINO4_r700_s12_n410_276b04b9,multiscale_equal,3,0.3333333333333333,,12,NINO4,NINO34,0.7,block
block_NINO34_NINO4_r700_s12_n410_276b04b9,multiscale_equal,6,0.3333333333333333,,12,NINO4,NINO34,0.7,block
block_NINO34_NINO4_r700_s12_n410_276b04b9,multiscale_weighted,1,0.26701632785081963,0.42567693569941006,12,NINO4,NINO34,0.7,block
block_NINO34_NINO4_r700_s12_n410_276b04b9,multiscale_weighted,3,0.3121220455146934,0.3641610498315089,12,NINO4,NINO34,0.7,block
block_NINO34_NINO4_r700_s12_n410_276b04b9,multiscale_weighted,6,0.4208616266344869,0.2700714046840568,12,NINO4,NINO34,0.7,block
block_NINO34_NINO4_r700_s13_n410_d1afd78c,multiscale_equal,1,0.3333333333333333,,13,NINO4,NINO34,0.7,block
block_NINO34_NINO4_r700_s13_n410_d1afd78c,multiscale_equal,3,0.3333333333333333,,13,NINO4,NINO34,0.7,block
block_NINO34_NINO4_r700_s13_n410_d1afd78c,multiscale_equal,6,0.3333333333333333,,13,NINO4,NINO34,0.7,block
block_NINO34_NINO4_r700_s13_n410_d1afd78c,multiscale_weighted,1,0.44963075253442897,0.07980280257667137,13,NINO4,NINO34,0.7,block
block_NINO34_NINO4_r700_s13_n410_d1afd78c,multiscale_weighted,3,0.3492689145649942,0.10273400719103068,13,NINO4,NINO34,0.7,block
block_NINO34_NINO4_r700_s13_n410_d1afd78c,multiscale_weighted,6,0.20110033290057677,0.17842733597039462,13,NINO4,NINO34,0.7,block
block_NINO34_NINO4_r700_s14_n410_8677fa4d,multiscale_equal,1,0.3333333333333333,,14,NINO4,NINO34,0.7,block
block_NINO34_NINO4_r700_s14_n410_8677fa4d,multiscale_equal,3,0.3333333333333333,,14,NINO4,NINO34,0.7,block
block_NINO34_NINO4_r700_s14_n410_8677fa4d,multiscale_equal,6,0.3333333333333333,,14,NINO4,NINO34,0.7,block
block_NINO34_NINO4_r700_s14_n410_8677fa4d,multiscale_weighted,1,0.46903956990366585,0.08343018079983784,14,NINO4,NINO34,0.7,block
block_NINO34_NINO4_r700_s14_n410_8677fa4d,multiscale_weighted,3,0.3497576514822582,0.11188334878828297,14,NINO4,NINO34,0.7,block
block_NINO34_NINO4_r700_s14_n410_8677fa4d,multiscale_weighted,6,0.18120277861407597,0.21595727889499994,14,NINO4,NINO34,0.7,block
block_NINO34_NINO4_r700_s15_n410_ebfbb4d7,multiscale_equal,1,0.3333333333333333,,15,NINO4,NINO34,0.7,block
block_NINO34_NINO4_r700_s15_n410_ebfbb4d7,multiscale_equal,3,0.3333333333333333,,15,NINO4,NINO34,0.7,block
block_NINO34_NINO4_r700_s15_n410_ebfbb4d7,multiscale_equal,6,0.3333333333333333,,15,NINO4,NINO34,0.7,block
block_NINO34_NINO4_r700_s15_n410_ebfbb4d7,multiscale_weighted,1,0.20115718988384101,0.41437792432182796,15,NINO4,NINO34,0.7,block
block_NINO34_NINO4_r700_s15_n410_ebfbb4d7,multiscale_weighted,3,0.39144292239084777,0.21294317034653695,15,NINO4,NINO34,0.7,block
block_NINO34_NINO4_r700_s15_n410_ebfbb4d7,multiscale_weighted,6,0.4073998877253111,0.20460265025957236,15,NINO4,NINO34,0.7,block
block_NINO34_NINO4_r700_s16_n410_d3e62e5b,multiscale_equal,1,0.3333333333333333,,16,NINO4,NINO34,0.7,block
block_NINO34_NINO4_r700_s16_n410_d3e62e5b,multiscale_equal,3,0.3333333333333333,,16,NINO4,NINO34,0.7,block
block_NINO34_NINO4_r700_s16_n410_d3e62e5b,multiscale_equal,6,0.3333333333333333,,16,NINO4,NINO34,0.7,block
block_NINO34_NINO4_r700_s16_n410_d3e62e5b,multiscale_weighted,1,0.2632376712726914,0.41562451842448483,16,NINO4,NINO34,0.7,block
block_NINO34_NINO4_r700_s16_n410_d3e62e5b,multiscale_weighted,3,0.30459038750748124,0.3591972512188383,16,NINO4,NINO34,0.7,block
block_NINO34_NINO4_r700_s16_n410_d3e62e5b,multiscale_weighted,6,0.4321719412198273,0.25315856544444504,16,NINO4,NINO34,0.7,block
block_NINO34_NINO4_r700_s17_n410_3b6edc88,multiscale_equal,1,0.3333333333333333,,17,NINO4,NINO34,0.7,block
block_NINO34_NINO4_r700_s17_n410_3b6edc88,multiscale_equal,3,0.3333333333333333,,17,NINO4,NINO34,0.7,block
block_NINO34_NINO4_r700_s17_n410_3b6edc88,multiscale_equal,6,0.3333333333333333,,17,NINO4,NINO34,0.7,block
block_NINO34_NINO4_r700_s17_n410_3b6edc88,multiscale_weighted,1,0.49957159760423486,0.15072033369594823,17,NINO4,NINO34,0.7,block
block_NINO34_NINO4_r700_s17_n410_3b6edc88,multiscale_weighted,3,0.21293638600348727,0.35360608008556715,17,NINO4,NINO34,0.7,block
block_NINO34_NINO4_r700_s17_n410_3b6edc88,multiscale_weighted,6,0.28749201639227795,0.26190501204730676,17,NINO4,NINO34,0.7,block
block_NINO34_NINO4_r700_s18_n410_5092470b,multiscale_equal,1,0.3333333333333333,,18,NINO4,NINO34,0.7,block
block_NINO34_NINO4_r700_s18_n410_5092470b,multiscale_equal,3,0.3333333333333333,,18,NINO4,NINO34,0.7,block
block_NINO34_NINO4_r700_s18_n410_5092470b,multiscale_equal,6,0.3333333333333333,,18,NINO4,NINO34,0.7,block
block_NINO34_NINO4_r700_s18_n410_5092470b,multiscale_weighted,1,0.4735472609558612,0.07929871081337048,18,NINO4,NINO34,0.7,block
block_NINO34_NINO4_r700_s18_n410_5092470b,multiscale_weighted,3,0.32972089792475534,0.11388931965675925,18,NINO4,NINO34,0.7,block
block_NINO34_NINO4_r700_s18_n410_5092470b,multiscale_weighted,6,0.19673184111938344,0.19087754100958723,18,NINO4,NINO34,0.7,block
block_NINO34_NINO4_r700_s19_n410_61d171ec,multiscale_equal,1,0.3333333333333333,,19,NINO4,NINO34,0.7,block
block_NINO34_NINO4_r700_s19_n410_61d171ec,multiscale_equal,3,0.3333333333333333,,19,NINO4,NINO34,0.7,block
block_NINO34_NINO4_r700_s19_n410_61d171ec,multiscale_equal,6,0.3333333333333333,,19,NINO4,NINO34,0.7,block
block_NINO34_NINO4_r700_s19_n410_61d171ec,multiscale_weighted,1,0.38860546095180803,0.14879570069692447,19,NINO4,NINO34,0.7,block
block_NINO34_NINO4_r700_s19_n410_61d171ec,multiscale_weighted,3,0.3370987836083051,0.17153079507765326,19,NINO4,NINO34,0.7,block
block_NINO34_NINO4_r700_s19_n410_61d171ec,multiscale_weighted,6,0.27429575543988677,0.21080465830520223,19,NINO4,NINO34,0.7,block
block_NINO34_NINO4_r900_s00_n410_6a36037c,multiscale_equal,1,0.3333333333333333,,0,NINO4,NINO34,0.9,block
block_NINO34_NINO4_r900_s00_n410_6a36037c,multiscale_equal,3,0.3333333333333333,,0,NINO4,NINO34,0.9,block
block_NINO34_NINO4_r900_s00_n410_6a36037c,multiscale_equal,6,0.3333333333333333,,0,NINO4,NINO34,0.9,block
block_NINO34_NINO4_r900_s00_n410_6a36037c,multiscale_weighted,1,0.3020518110255037,0.14087299219692045,0,NINO4,NINO34,0.9,block
block_NINO34_NINO4_r900_s00_n410_6a36037c,multiscale_weighted,3,0.30609856658143375,0.13901059012595463,0,NINO4,NINO34,0.9,block
block_NINO34_NINO4_r900_s00_n410_6a36037c,multiscale_weighted,6,0.39184962239306265,0.10858997709330621,0,NINO4,NINO34,0.9,block
block_NINO34_NINO4_r900_s01_n410_d5679fcc,multiscale_equal,1,0.3333333333333333,,1,NINO4,NINO34,0.9,block
block_NINO34_NINO4_r900_s01_n410_d5679fcc,multiscale_equal,3,0.3333333333333333,,1,NINO4,NINO34,0.9,block
block_NINO34_NINO4_r900_s01_n410_d5679fcc,multiscale_equal,6,0.3333333333333333,,1,NINO4,NINO34,0.9,block
block_NINO34_NINO4_r900_s01_n410_d5679fcc,multiscale_weighted,1,0.3387352642692496,0.8617548857638431,1,NINO4,NINO34,0.9,block
block_NINO34_NINO4_r900_s01_n410_d5679fcc,multiscale_weighted,3,0.3269408384314831,0.8928427861227605,1,NINO4,NINO34,0.9,block
block_NINO34_NINO4_r900_s01_n410_d5679fcc,multiscale_weighted,6,0.3343238972992672,0.8731256466161262,1,NINO4,NINO34,0.9,block
block_NINO34_NINO4_r900_s02_n410_5bc8dfa9,multiscale_equal,1,0.3333333333333333,,2,NINO4,NINO34,0.9,block
block_NINO34_NINO4_r900_s02_n410_5bc8dfa9,multiscale_equal,3,0.3333333333333333,,2,NINO4,NINO34,0.9,block
block_NINO34_NINO4_r900_s02_n410_5bc8dfa9,multiscale_equal,6,0.3333333333333333,,2,NINO4,NINO34,0.9,block
block_NINO34_NINO4_r900_s02_n410_5bc8dfa9,multiscale_weighted,1,0.13932924531065052,0.364765829299903,2,NINO4,NINO34,0.9,block
block_NINO34_NINO4_r900_s02_n410_5bc8dfa9,multiscale_weighted,3,0.5123161748220612,0.09920152140277744,2,NINO4,NINO34,0.9,block
block_NINO34_NINO4_r900_s02_n410_5bc8dfa9,multiscale_weighted,6,0.34835457986728846,0.14589314611731938,2,NINO4,NINO34,0.9,block
block_NINO34_NINO4_r900_s03_n410_cc087e12,multiscale_equal,1,0.3333333333333333,,3,NINO4,NINO34,0.9,block
block_NINO34_NINO4_r900_s03_n410_cc087e12,multiscale_equal,3,0.3333333333333333,,3,NINO4,NINO34,0.9,block
block_NINO34_NINO4_r900_s03_n410_cc087e12,multiscale_equal,6,0.3333333333333333,,3,NINO4,NINO34,0.9,block
block_NINO34_NINO4_r900_s03_n410_cc087e12,multiscale_weighted,1,0.4865938427527571,0.20489934782744557,3,NINO4,NINO34,0.9,block
block_NINO34_NINO4_r900_s03_n410_cc087e12,multiscale_weighted,3,0.28870308420913865,0.3453470657887835,3,NINO4,NINO34,0.9,block
block_NINO34_NINO4_r900_s03_n410_cc087e12,multiscale_weighted,6,0.22470307303810422,0.44370894580018067,3,NINO4,NINO34,0.9,block
block_NINO34_NINO4_r900_s04_n410_a17cadba,multiscale_equal,1,0.3333333333333333,,4,NINO4,NINO34,0.9,block
block_NINO34_NINO4_r900_s04_n410_a17cadba,multiscale_equal,3,0.3333333333333333,,4,NINO4,NINO34,0.9,block
block_NINO34_NINO4_r900_s04_n410_a17cadba,multiscale_equal,6,0.3333333333333333,,4,NINO4,NINO34,0.9,block
block_NINO34_NINO4_r900_s04_n410_a17cadba,multiscale_weighted,1,0.34047202615399536,0.13795639560444484,4,NINO4,NINO34,0.9,block
block_NINO34_NINO4_r900_s04_n410_a17cadba,multiscale_weighted,3,0.22135543705760444,0.21219399599066568,4,NINO4,NINO34,0.9,block
block_NINO34_NINO4_r900_s04_n410_a17cadba,multiscale_weighted,6,0.4381725367884003,0.1071958842962013,4,NINO4,NINO34,0.9,block
block_NINO34_NINO4_r900_s05_n410_b827a49f,multiscale_equal,1,0.3333333333333333,,5,NINO4,NINO34,0.9,block
block_NINO34_NINO4_r900_s05_n410_b827a49f,multiscale_equal,3,0.3333333333333333,,5,NINO4,NINO34,0.9,block
block_NINO34_NINO4_r900_s05_n410_b827a49f,multiscale_equal,6,0.3333333333333333,,5,NINO4,NINO34,0.9,block
block_NINO34_NINO4_r900_s05_n410_b827a49f,multiscale_weighted,1,0.4865933977790818,0.20489934782744557,5,NINO4,NINO34,0.9,block
block_NINO34_NINO4_r900_s05_n410_b827a49f,multiscale_weighted,3,0.2887037346662038,0.3453459719052352,5,NINO4,NINO34,0.9,block
block_NINO34_NINO4_r900_s05_n410_b827a49f,multiscale_weighted,6,0.22470286755471444,0.44370894580018067,5,NINO4,NINO34,0.9,block
block_NINO34_NINO4_r900_s06_n410_7ac54455,multiscale_equal,1,0.3333333333333333,,6,NINO4,NINO34,0.9,block
block_NINO34_NINO4_r900_s06_n410_7ac54455,multiscale_equal,3,0.3333333333333333,,6,NINO4,NINO34,0.9,block
block_NINO34_NINO4_r900_s06_n410_7ac54455,multiscale_equal,6,0.3333333333333333,,6,NINO4,NINO34,0.9,block
block_NINO34_NINO4_r900_s06_n410_7ac54455,multiscale_weighted,1,0.3426543907105872,0.16881428453823338,6,NINO4,NINO34,0.9,block
block_NINO34_NINO4_r900_s06_n410_7ac54455,multiscale_weighted,3,0.3399916354157356,0.17013640870190186,6,NINO4,NINO34,0.9,block
block_NINO34_NINO4_r900_s06_n410_7ac54455,multiscale_weighted,6,0.3173539738736772,0.18227266972154388,6,NINO4,NINO34,0.9,block
block_NINO34_NINO4_r900_s07_n410_62e39102,multiscale_equal,1,0.3333333333333333,,7,NINO4,NINO34,0.9,block
block_NINO34_NINO4_r900_s07_n410_62e39102,multiscale_equal,3,0.3333333333333333,,7,NINO4,NINO34,0.9,block
block_NINO34_NINO4_r900_s07_n410_62e39102,multiscale_equal,6,0.3333333333333333,,7,NINO4,NINO34,0.9,block
block_NINO34_NINO4_r900_s07_n410_62e39102,multiscale_weighted,1,0.28360639942120774,0.5530929417114056,7,NINO4,NINO34,0.9,block
block_NINO34_NINO4_r900_s07_n410_62e39102,multiscale_weighted,3,0.24091794963170432,0.6510959370637844,7,NINO4,NINO34,0.9,block
block_NINO34_NINO4_r900_s07_n410_62e39102,multiscale_weighted,6,0.47547565094708805,0.3299026890502516,7,NINO4,NINO34,0.9,block
block_NINO34_NINO4_r900_s08_n410_79858e98,multiscale_equal,1,0.3333333333333333,,8,NINO4,NINO34,0.9,block
block_NINO34_NINO4_r900_s08_n410_79858e98,multiscale_equal,3,0.3333333333333333,,8,NINO4,NINO34,0.9,block
block_NINO34_NINO4_r900_s08_n410_79858e98,multiscale_equal,6,0.3333333333333333,,8,NINO4,NINO34,0.9,block
block_NINO34_NINO4_r900_s08_n410_79858e98,multiscale_weighted,1,0.2507969074698213,0.12861908059468935,8,NINO4,NINO34,0.9,block
block_NINO34_NINO4_r900_s08_n410_79858e98,multiscale_weighted,3,0.33657210791607695,0.09584058226551269,8,NINO4,NINO34,0.9,block
block_NINO34_NINO4_r900_s08_n410_79858e98,multiscale_weighted,6,0.4126309846141018,0.07817460937061346,8,NINO4,NINO34,0.9,block
block_NINO34_NINO4_r900_s09_n410_d408b113,multiscale_equal,1,0.3333333333333333,,9,NINO4,NINO34,0.9,block
block_NINO34_NINO4_r900_s09_n410_d408b113,multiscale_equal,3,0.3333333333333333,,9,NINO4,NINO34,0.9,block
block_NINO34_NINO4_r900_s09_n410_d408b113,multiscale_equal,6,0.3333333333333333,,9,NINO4,NINO34,0.9,block
block_NINO34_NINO4_r900_s09_n410_d408b113,multiscale_weighted,1,0.30119338675732515,0.13795637665759383,9,NINO4,NINO34,0.9,block
block_NINO34_NINO4_r900_s09_n410_d408b113,multiscale_weighted,3,0.311183837711855,0.13352733392548688,9,NINO4,NINO34,0.9,block
block_NINO34_NINO4_r900_s09_n410_d408b113,multiscale_weighted,6,0.38762277553082,0.10719583592340338,9,NINO4,NINO34,0.9,block
block_NINO34_NINO4_r900_s10_n410_0365bddd,multiscale_equal,1,0.3333333333333333,,10,NINO4,NINO34,0.9,block
block_NINO34_NINO4_r900_s10_n410_0365bddd,multiscale_equal,3,0.3333333333333333,,10,NINO4,NINO34,0.9,block
block_NINO34_NINO4_r900_s10_n410_0365bddd,multiscale_equal,6,0.3333333333333333,,10,NINO4,NINO34,0.9,block
block_NINO34_NINO4_r900_s10_n410_0365bddd,multiscale_weighted,1,0.2907464678676127,0.1568359137316327,10,NINO4,NINO34,0.9,block
block_NINO34_NINO4_r900_s10_n410_0365bddd,multiscale_weighted,3,0.24967553109289792,0.18263499095554053,10,NINO4,NINO34,0.9,block
block_NINO34_NINO4_r900_s10_n410_0365bddd,multiscale_weighted,6,0.4595780010394895,0.09922034161950309,10,NINO4,NINO34,0.9,block
block_NINO34_NINO4_r900_s11_n410_eb9fee9e,multiscale_equal,1,0.3333333333333333,,11,NINO4,NINO34,0.9,block
block_NINO34_NINO4_r900_s11_n410_eb9fee9e,multiscale_equal,3,0.3333333333333333,,11,NINO4,NINO34,0.9,block
block_NINO34_NINO4_r900_s11_n410_eb9fee9e,multiscale_equal,6,0.3333333333333333,,11,NINO4,NINO34,0.9,block
block_NINO34_NINO4_r900_s11_n410_eb9fee9e,multiscale_weighted,1,0.41787134518984426,0.37878391115250437,11,NINO4,NINO34,0.9,block
block_NINO34_NINO4_r900_s11_n410_eb9fee9e,multiscale_weighted,3,0.262839186580378,0.6022045118127202,11,NINO4,NINO34,0.9,block
block_NINO34_NINO4_r900_s11_n410_eb9fee9e,multiscale_weighted,6,0.3192894682297777,0.4957349340488656,11,NINO4,NINO34,0.9,block
block_NINO34_NINO4_r900_s12_n410_fcff13a1,multiscale_equal,1,0.3333333333333333,,12,NINO4,NINO34,0.9,block
block_NINO34_NINO4_r900_s12_n410_fcff13a1,multiscale_equal,3,0.3333333333333333,,12,NINO4,NINO34,0.9,block
block_NINO34_NINO4_r900_s12_n410_fcff13a1,multiscale_equal,6,0.3333333333333333,,12,NINO4,NINO34,0.9,block
block_NINO34_NINO4_r900_s12_n410_fcff13a1,multiscale_weighted,1,0.13820285060458093,0.36822008580830223,12,NINO4,NINO34,0.9,block
block_NINO34_NINO4_r900_s12_n410_fcff13a1,multiscale_weighted,3,0.5129865797763415,0.09920154594087187,12,NINO4,NINO34,0.9,block
block_NINO34_NINO4_r900_s12_n410_fcff13a1,multiscale_weighted,6,0.3488105696190774,0.14589312318737235,12,NINO4,NINO34,0.9,block
block_NINO34_NINO4_r900_s13_n410_6b469257,multiscale_equal,1,0.3333333333333333,,13,NINO4,NINO34,0.9,block
block_NINO34_NINO4_r900_s13_n410_6b469257,multiscale_equal,3,0.3333333333333333,,13,NINO4,NINO34,0.9,block
block_NINO34_NINO4_r900_s13_n410_6b469257,multiscale_equal,6,0.3333333333333333,,13,NINO4,NINO34,0.9,block
block_NINO34_NINO4_r900_s13_n410_6b469257,multiscale_weighted,1,0.2813921473731183,0.1286189406485375,13,NINO4,NINO34,0.9,block
block_NINO34_NINO4_r900_s13_n410_6b469257,multiscale_weighted,3,0.25564004585057903,0.14157547202374926,13,NINO4,NINO34,0.9,block
block_NINO34_NINO4_r900_s13_n410_6b469257,multiscale_weighted,6,0.46296780677630267,0.07817467555293425,13,NINO4,NINO34,0.9,block
block_NINO34_NINO4_r900_s14_n410_380b6872,multiscale_equal,1,0.3333333333333333,,14,NINO4,NINO34,0.9,block
block_NINO34_NINO4_r900_s14_n410_380b6872,multiscale_equal,3,0.3333333333333333,,14,NINO4,NINO34,0.9,block
block_NINO34_NINO4_r900_s14_n410_380b6872,multiscale_equal,6,0.3333333333333333,,14,NINO4,NINO34,0.9,block
block_NINO34_NINO4_r900_s14_n410_380b6872,multiscale_weighted,1,0.2548115472715285,0.1568359137316327,14,NINO4,NINO34,0.9,block
block_NINO34_NINO4_r900_s14_n410_380b6872,multiscale_weighted,3,0.3424120984714979,0.11671200038810053,14,NINO4,NINO34,0.9,block
block_NINO34_NINO4_r900_s14_n410_380b6872,multiscale_weighted,6,0.4027763542569737,0.0992203239928931,14,NINO4,NINO34,0.9,block
block_NINO34_NINO4_r900_s15_n410_f9a208f9,multiscale_equal,1,0.3333333333333333,,15,NINO4,NINO34,0.9,block
block_NINO34_NINO4_r900_s15_n410_f9a208f9,multiscale_equal,3,0.3333333333333333,,15,NINO4,NINO34,0.9,block
block_NINO34_NINO4_r900_s15_n410_f9a208f9,multiscale_equal,6,0.3333333333333333,,15,NINO4,NINO34,0.9,block
block_NINO34_NINO4_r900_s15_n410_f9a208f9,multiscale_weighted,1,0.29153318928504635,0.4727448471546882,15,NINO4,NINO34,0.9,block
block_NINO34_NINO4_r900_s15_n410_f9a208f9,multiscale_weighted,3,0.2569664983851998,0.5363376713339019,15,NINO4,NINO34,0.9,block
block_NINO34_NINO4_r900_s15_n410_f9a208f9,multiscale_weighted,6,0.45150031232975396,0.3052507554164196,15,NINO4,NINO34,0.9,block
block_NINO34_NINO4_r900_s16_n410_27593fcf,multiscale_equal,1,0.3333333333333333,,16,NINO4,NINO34,0.9,block
block_NINO34_NINO4_r900_s16_n410_27593fcf,multiscale_equal,3,0.3333333333333333,,16,NINO4,NINO34,0.9,block
block_NINO34_NINO4_r900_s16_n410_27593fcf,multiscale_equal,6,0.3333333333333333,,16,NINO4,NINO34,0.9,block
block_NINO34_NINO4_r900_s16_n410_27593fcf,multiscale_weighted,1,0.27281300027956673,0.14938691307885724,16,NINO4,NINO34,0.9,block
block_NINO34_NINO4_r900_s16_n410_27593fcf,multiscale_weighted,3,0.32566874293616777,0.12514155047104575,16,NINO4,NINO34,0.9,block
block_NINO34_NINO4_r900_s16_n410_27593fcf,multiscale_weighted,6,0.4015182567842655,0.10150146346742756,16,NINO4,NINO34,0.9,block
block_NINO34_NINO4_r900_s17_n410_ef378d9b,multiscale_equal,1,0.3333333333333333,,17,NINO4,NINO34,0.9,block
block_NINO34_NINO4_r900_s17_n410_ef378d9b,multiscale_equal,3,0.3333333333333333,,17,NINO4,NINO34,0.9,block
block_NINO34_NINO4_r900_s17_n410_ef378d9b,multiscale_equal,6,0.3333333333333333,,17,NINO4,NINO34,0.9,block
block_NINO34_NINO4_r900_s17_n410_ef378d9b,multiscale_weighted,1,0.32942847618017174,0.14521764449917782,17,NINO4,NINO34,0.9,block
block_NINO34_NINO4_r900_s17_n410_ef378d9b,multiscale_weighted,3,0.35821031727186736,0.13354955105246696,17,NINO4,NINO34,0.9,block
block_NINO34_NINO4_r900_s17_n410_ef378d9b,multiscale_weighted,6,0.3123612065479609,0.1531522689427358,17,NINO4,NINO34,0.9,block
block_NINO34_NINO4_r900_s18_n410_7fd0e4ba,multiscale_equal,1,0.3333333333333333,,18,NINO4,NINO34,0.9,block
block_NINO34_NINO4_r900_s18_n410_7fd0e4ba,multiscale_equal,3,0.3333333333333333,,18,NINO4,NINO34,0.9,block
block_NINO34_NINO4_r900_s18_n410_7fd0e4ba,multiscale_equal,6,0.3333333333333333,,18,NINO4,NINO34,0.9,block
block_NINO34_NINO4_r900_s18_n410_7fd0e4ba,multiscale_weighted,1,0.29408082699208227,0.2851256740999961,18,NINO4,NINO34,0.9,block
block_NINO34_NINO4_r900_s18_n410_7fd0e4ba,multiscale_weighted,3,0.40430596536700597,0.2073924208801524,18,NINO4,NINO34,0.9,block
block_NINO34_NINO4_r900_s18_n410_7fd0e4ba,multiscale_weighted,6,0.3016132076409117,0.2780050469822474,18,NINO4,NINO34,0.9,block
block_NINO34_NINO4_r900_s19_n410_6dac9018,multiscale_equal,1,0.3333333333333333,,19,NINO4,NINO34,0.9,block
block_NINO34_NINO4_r900_s19_n410_6dac9018,multiscale_equal,3,0.3333333333333333,,19,NINO4,NINO34,0.9,block
block_NINO34_NINO4_r900_s19_n410_6dac9018,multiscale_equal,6,0.3333333333333333,,19,NINO4,NINO34,0.9,block
block_NINO34_NINO4_r900_s19_n410_6dac9018,multiscale_weighted,1,0.2916736282480489,0.5644755352751565,19,NINO4,NINO34,0.9,block
block_NINO34_NINO4_r900_s19_n410_6dac9018,multiscale_weighted,3,0.23932408990135295,0.687948413476988,19,NINO4,NINO34,0.9,block
block_NINO34_NINO4_r900_s19_n410_6dac9018,multiscale_weighted,6,0.46900228185059817,0.3510486665609128,19,NINO4,NINO34,0.9,block
block_NINO34_NINO3_r100_s00_n410_50acae4e,multiscale_equal,1,0.3333333333333333,,0,NINO3,NINO34,0.1,block
block_NINO34_NINO3_r100_s00_n410_50acae4e,multiscale_equal,3,0.3333333333333333,,0,NINO3,NINO34,0.1,block
block_NINO34_NINO3_r100_s00_n410_50acae4e,multiscale_equal,6,0.3333333333333333,,0,NINO3,NINO34,0.1,block
block_NINO34_NINO3_r100_s00_n410_50acae4e,multiscale_weighted,1,0.4006835349250762,0.11022027489329261,0,NINO3,NINO34,0.1,block
block_NINO34_NINO3_r100_s00_n410_50acae4e,multiscale_weighted,3,0.33622777737720555,0.13134979612249528,0,NINO3,NINO34,0.1,block
block_NINO34_NINO3_r100_s00_n410_50acae4e,multiscale_weighted,6,0.2630886876977182,0.16786525915302444,0,NINO3,NINO34,0.1,block
block_NINO34_NINO3_r100_s01_n410_40382ea3,multiscale_equal,1,0.3333333333333333,,1,NINO3,NINO34,0.1,block
block_NINO34_NINO3_r100_s01_n410_40382ea3,multiscale_equal,3,0.3333333333333333,,1,NINO3,NINO34,0.1,block
block_NINO34_NINO3_r100_s01_n410_40382ea3,multiscale_equal,6,0.3333333333333333,,1,NINO3,NINO34,0.1,block
block_NINO34_NINO3_r100_s01_n410_40382ea3,multiscale_weighted,1,0.3903810846387626,0.11347265322822785,1,NINO3,NINO34,0.1,block
block_NINO34_NINO3_r100_s01_n410_40382ea3,multiscale_weighted,3,0.33387875682007667,0.13267564079546543,1,NINO3,NINO34,0.1,block
block_NINO34_NINO3_r100_s01_n410_40382ea3,multiscale_weighted,6,0.27574015854116074,0.16064971756324922,1,NINO3,NINO34,0.1,block
block_NINO34_NINO3_r100_s02_n410_7d9bdc4c,multiscale_equal,1,0.3333333333333333,,2,NINO3,NINO34,0.1,block
block_NINO34_NINO3_r100_s02_n410_7d9bdc4c,multiscale_equal,3,0.3333333333333333,,2,NINO3,NINO34,0.1,block
block_NINO34_NINO3_r100_s02_n410_7d9bdc4c,multiscale_equal,6,0.3333333333333333,,2,NINO3,NINO34,0.1,block
block_NINO34_NINO3_r100_s02_n410_7d9bdc4c,multiscale_weighted,1,0.40074572492414456,0.10774344721654237,2,NINO3,NINO34,0.1,block
block_NINO34_NINO3_r100_s02_n410_7d9bdc4c,multiscale_weighted,3,0.3356186883375247,0.12865113896299782,2,NINO3,NINO34,0.1,block
block_NINO34_NINO3_r100_s02_n410_7d9bdc4c,multiscale_weighted,6,0.2636355867383307,0.16377806868151168,2,NINO3,NINO34,0.1,block
block_NINO34_NINO3_r100_s03_n410_5ff64fde,multiscale_equal,1,0.3333333333333333,,3,NINO3,NINO34,0.1,block
block_NINO34_NINO3_r100_s03_n410_5ff64fde,multiscale_equal,3,0.3333333333333333,,3,NINO3,NINO34,0.1,block
block_NINO34_NINO3_r100_s03_n410_5ff64fde,multiscale_equal,6,0.3333333333333333,,3,NINO3,NINO34,0.1,block
block_NINO34_NINO3_r100_s03_n410_5ff64fde,multiscale_weighted,1,0.36406533911230066,0.10833379856071051,3,NINO3,NINO34,0.1,block
block_NINO34_NINO3_r100_s03_n410_5ff64fde,multiscale_weighted,3,0.34303759233488873,0.11497451650168573,3,NINO3,NINO34,0.1,block
block_NINO34_NINO3_r100_s03_n410_5ff64fde,multiscale_weighted,6,0.2928970685528107,0.13465679945820327,3,NINO3,NINO34,0.1,block
block_NINO34_NINO3_r100_s04_n410_c3ad1315,multiscale_equal,1,0.3333333333333333,,4,NINO3,NINO34,0.1,block
block_NINO34_NINO3_r100_s04_n410_c3ad1315,multiscale_equal,3,0.3333333333333333,,4,NINO3,NINO34,0.1,block
block_NINO34_NINO3_r100_s04_n410_c3ad1315,multiscale_equal,6,0.3333333333333333,,4,NINO3,NINO34,0.1,block
block_NINO34_NINO3_r100_s04_n410_c3ad1315,multiscale_weighted,1,0.3992380225080079,0.1054622501966379,4,NINO3,NINO34,0.1,block
block_NINO34_NINO3_r100_s04_n410_c3ad1315,multiscale_weighted,3,0.3284732187085851,0.1281825687066221,4,NINO3,NINO34,0.1,block
block_NINO34_NINO3_r100_s04_n410_c3ad1315,multiscale_weighted,6,0.272288758783407,0.15463194909465694,4,NINO3,NINO34,0.1,block
block_NINO34_NINO3_r100_s05_n410_898dbaec,multiscale_equal,1,0.3333333333333333,,5,NINO3,NINO34,0.1,block
block_NINO34_NINO3_r100_s05_n410_898dbaec,multiscale_equal,3,0.3333333333333333,,5,NINO3,NINO34,0.1,block
block_NINO34_NINO3_r100_s05_n410_898dbaec,multiscale_equal,6,0.3333333333333333,,5,NINO3,NINO34,0.1,block
block_NINO34_NINO3_r100_s05_n410_898dbaec,multiscale_weighted,1,0.39001757335522874,0.10808584456542367,5,NINO3,NINO34,0.1,block
block_NINO34_NINO3_r100_s05_n410_898dbaec,multiscale_weighted,3,0.31867356590315404,0.13228389184218753,5,NINO3,NINO34,0.1,block
block_NINO34_NINO3_r100_s05_n410_898dbaec,multiscale_weighted,6,0.2913088607416172,0.144710255950418,5,NINO3,NINO34,0.1,block
block_NINO34_NINO3_r100_s06_n410_645e2c0e,multiscale_equal,1,0.3333333333333333,,6,NINO3,NINO34,0.1,block
block_NINO34_NINO3_r100_s06_n410_645e2c0e,multiscale_equal,3,0.3333333333333333,,6,NINO3,NINO34,0.1,block
block_NINO34_NINO3_r100_s06_n410_645e2c0e,multiscale_equal,6,0.3333333333333333,,6,NINO3,NINO34,0.1,block
block_NINO34_NINO3_r100_s06_n410_645e2c0e,multiscale_weighted,1,0.3983838467547608,0.10126654087724873,6,NINO3,NINO34,0.1,block
block_NINO34_NINO3_r100_s06_n410_645e2c0e,multiscale_weighted,3,0.3231508478603092,0.12484248493135912,6,NINO3,NINO34,0.1,block
block_NINO34_NINO3_r100_s06_n410_645e2c0e,multiscale_weighted,6,0.27846530538493003,0.14487605644676219,6,NINO3,NINO34,0.1,block
block_NINO34_NINO3_r100_s07_n410_b64a5cf2,multiscale_equal,1,0.3333333333333333,,7,NINO3,NINO34,0.1,block
block_NINO34_NINO3_r100_s07_n410_b64a5cf2,multiscale_equal,3,0.3333333333333333,,7,NINO3,NINO34,0.1,block
block_NINO34_NINO3_r100_s07_n410_b64a5cf2,multiscale_equal,6,0.3333333333333333,,7,NINO3,NINO34,0.1,block
block_NINO34_NINO3_r100_s07_n410_b64a5cf2,multiscale_weighted,1,0.3815457996123766,0.1121974236752823,7,NINO3,NINO34,0.1,block
block_NINO34_NINO3_r100_s07_n410_b64a5cf2,multiscale_weighted,3,0.3483712714715198,0.12288170572032704,7,NINO3,NINO34,0.1,block
block_NINO34_NINO3_r100_s07_n410_b64a5cf2,multiscale_weighted,6,0.2700829289161036,0.15850115746693702,7,NINO3,NINO34,0.1,block
block_NINO34_NINO3_r100_s08_n410_f662ce53,multiscale_equal,1,0.3333333333333333,,8,NINO3,NINO34,0.1,block
block_NINO34_NINO3_r100_s08_n410_f662ce53,multiscale_equal,3,0.3333333333333333,,8,NINO3,NINO34,0.1,block
block_NINO34_NINO3_r100_s08_n410_f662ce53,multiscale_equal,6,0.3333333333333333,,8,NINO3,NINO34,0.1,block
block_NINO34_NINO3_r100_s08_n410_f662ce53,multiscale_weighted,1,0.42825774967021857,0.096376348678879,8,NINO3,NINO34,0.1,block
block_NINO34_NINO3_r100_s08_n410_f662ce53,multiscale_weighted,3,0.32302453392481073,0.1277733265566398,8,NINO3,NINO34,0.1,block
block_NINO34_NINO3_r100_s08_n410_f662ce53,multiscale_weighted,6,0.24871771640497062,0.16594684366933393,8,NINO3,NINO34,0.1,block
block_NINO34_NINO3_r100_s09_n410_63b81fed,multiscale_equal,1,0.3333333333333333,,9,NINO3,NINO34,0.1,block
block_NINO34_NINO3_r100_s09_n410_63b81fed,multiscale_equal,3,0.3333333333333333,,9,NINO3,NINO34,0.1,block
block_NINO34_NINO3_r100_s09_n410_63b81fed,multiscale_equal,6,0.3333333333333333,,9,NINO3,NINO34,0.1,block
block_NINO34_NINO3_r100_s09_n410_63b81fed,multiscale_weighted,1,0.388193143303812,0.1085330501977355,9,NINO3,NINO34,0.1,block
block_NINO34_NINO3_r100_s09_n410_63b81fed,multiscale_weighted,3,0.33111222094738285,0.12724322394042276,9,NINO3,NINO34,0.1,block
block_NINO34_NINO3_r100_s09_n410_63b81fed,multiscale_weighted,6,0.2806946357488052,0.15009829764362986,9,NINO3,NINO34,0.1,block
block_NINO34_NINO3_r100_s10_n410_e4ea1902,multiscale_equal,1,0.3333333333333333,,10,NINO3,NINO34,0.1,block
block_NINO34_NINO3_r100_s10_n410_e4ea1902,multiscale_equal,3,0.3333333333333333,,10,NINO3,NINO34,0.1,block
block_NINO34_NINO3_r100_s10_n410_e4ea1902,multiscale_equal,6,0.3333333333333333,,10,NINO3,NINO34,0.1,block
block_NINO34_NINO3_r100_s10_n410_e4ea1902,multiscale_weighted,1,0.33780359527002995,0.09977331056640602,10,NINO3,NINO34,0.1,block
block_NINO34_NINO3_r100_s10_n410_e4ea1902,multiscale_weighted,3,0.3761654272837925,0.08959829955951688,10,NINO3,NINO34,0.1,block
block_NINO34_NINO3_r100_s10_n410_e4ea1902,multiscale_weighted,6,0.28603097744617756,0.11783263421317168,10,NINO3,NINO34,0.1,block
block_NINO34_NINO3_r100_s11_n410_83e2279d,multiscale_equal,1,0.3333333333333333,,11,NINO3,NINO34,0.1,block
block_NINO34_NINO3_r100_s11_n410_83e2279d,multiscale_equal,3,0.3333333333333333,,11,NINO3,NINO34,0.1,block
block_NINO34_NINO3_r100_s11_n410_83e2279d,multiscale_equal,6,0.3333333333333333,,11,NINO3,NINO34,0.1,block
block_NINO34_NINO3_r100_s11_n410_83e2279d,multiscale_weighted,1,0.3719506021183672,0.11195858723315878,11,NINO3,NINO34,0.1,block
block_NINO34_NINO3_r100_s11_n410_83e2279d,multiscale_weighted,3,0.32058310935290013,0.1298978743185409,11,NINO3,NINO34,0.1,block
block_NINO34_NINO3_r100_s11_n410_83e2279d,multiscale_weighted,6,0.30746628852873265,0.13543944859062737,11,NINO3,NINO34,0.1,block
block_NINO34_NINO3_r100_s12_n410_d85f63f3,multiscale_equal,1,0.3333333333333333,,12,NINO3,NINO34,0.1,block
block_NINO34_NINO3_r100_s12_n410_d85f63f3,multiscale_equal,3,0.3333333333333333,,12,NINO3,NINO34,0.1,block
block_NINO34_NINO3_r100_s12_n410_d85f63f3,multiscale_equal,6,0.3333333333333333,,12,NINO3,NINO34,0.1,block
block_NINO34_NINO3_r100_s12_n410_d85f63f3,multiscale_weighted,1,0.4022589147832932,0.105581848179795,12,NINO3,NINO34,0.1,block
block_NINO34_NINO3_r100_s12_n410_d85f63f3,multiscale_weighted,3,0.32058180618659204,0.13248175556684524,12,NINO3,NINO34,0.1,block
block_NINO34_NINO3_r100_s12_n410_d85f63f3,multiscale_weighted,6,0.2771592790301147,0.15323766560960206,12,NINO3,NINO34,0.1,block
block_NINO34_NINO3_r100_s13_n410_4be2664e,multiscale_equal,1,0.3333333333333333,,13,NINO3,NINO34,0.1,block
block_NINO34_NINO3_r100_s13_n410_4be2664e,multiscale_equal,3,0.3333333333333333,,13,NINO3,NINO34,0.1,block
block_NINO34_NINO3_r100_s13_n410_4be2664e,multiscale_equal,6,0.3333333333333333,,13,NINO3,NINO34,0.1,block
block_NINO34_NINO3_r100_s13_n410_4be2664e,multiscale_weighted,1,0.4216181536147214,0.09600991902142408,13,NINO3,NINO34,0.1,block
block_NINO34_NINO3_r100_s13_n410_4be2664e,multiscale_weighted,3,0.32213976075005163,0.12565827231958412,13,NINO3,NINO34,0.1,block
block_NINO34_NINO3_r100_s13_n410_4be2664e,multiscale_weighted,6,0.25624208563522705,0.1579737627405085,13,NINO3,NINO34,0.1,block
block_NINO34_NINO3_r100_s14_n410_57313c23,multiscale_equal,1,0.3333333333333333,,14,NINO3,NINO34,0.1,block
block_NINO34_NINO3_r100_s14_n410_57313c23,multiscale_equal,3,0.3333333333333333,,14,NINO3,NINO34,0.1,block
block_NINO34_NINO3_r100_s14_n410_57313c23,multiscale_equal,6,0.3333333333333333,,14,NINO3,NINO34,0.1,block
block_NINO34_NINO3_r100_s14_n410_57313c23,multiscale_weighted,1,0.38194542996330383,0.10115802973475992,14,NINO3,NINO34,0.1,block
block_NINO34_NINO3_r100_s14_n410_57313c23,multiscale_weighted,3,0.3423222514484877,0.11286688900306374,14,NINO3,NINO34,0.1,block
block_NINO34_NINO3_r100_s14_n410_57313c23,multiscale_weighted,6,0.2757323185882084,0.14012448167571082,14,NINO3,NINO34,0.1,block
block_NINO34_NINO3_r100_s15_n410_78390891,multiscale_equal,1,0.3333333333333333,,15,NINO3,NINO34,0.1,block
block_NINO34_NINO3_r100_s15_n410_78390891,multiscale_equal,3,0.3333333333333333,,15,NINO3,NINO34,0.1,block
block_NINO34_NINO3_r100_s15_n410_78390891,multiscale_equal,6,0.3333333333333333,,15,NINO3,NINO34,0.1,block
block_NINO34_NINO3_r100_s15_n410_78390891,multiscale_weighted,1,0.39239214345473195,0.10927875469716622,15,NINO3,NINO34,0.1,block
block_NINO34_NINO3_r100_s15_n410_78390891,multiscale_weighted,3,0.3337055465230962,0.12849689141616677,15,NINO3,NINO34,0.1,block
block_NINO34_NINO3_r100_s15_n410_78390891,multiscale_weighted,6,0.27390231002217197,0.1565526262670518,15,NINO3,NINO34,0.1,block
block_NINO34_NINO3_r100_s16_n410_353c97ff,multiscale_equal,1,0.3333333333333333,,16,NINO3,NINO34,0.1,block
block_NINO34_NINO3_r100_s16_n410_353c97ff,multiscale_equal,3,0.3333333333333333,,16,NINO3,NINO34,0.1,block
block_NINO34_NINO3_r100_s16_n410_353c97ff,multiscale_equal,6,0.3333333333333333,,16,NINO3,NINO34,0.1,block
block_NINO34_NINO3_r100_s16_n410_353c97ff,multiscale_weighted,1,0.35351168707024844,0.11749444341973322,16,NINO3,NINO34,0.1,block
block_NINO34_NINO3_r100_s16_n410_353c97ff,multiscale_weighted,3,0.3688340666318177,0.1126134013074454,16,NINO3,NINO34,0.1,block
block_NINO34_NINO3_r100_s16_n410_353c97ff,multiscale_weighted,6,0.2776542462979339,0.14959490167024048,16,NINO3,NINO34,0.1,block
block_NINO34_NINO3_r100_s17_n410_4e7a46c3,multiscale_equal,1,0.3333333333333333,,17,NINO3,NINO34,0.1,block
block_NINO34_NINO3_r100_s17_n410_4e7a46c3,multiscale_equal,3,0.3333333333333333,,17,NINO3,NINO34,0.1,block
block_NINO34_NINO3_r100_s17_n410_4e7a46c3,multiscale_equal,6,0.3333333333333333,,17,NINO3,NINO34,0.1,block
block_NINO34_NINO3_r100_s17_n410_4e7a46c3,multiscale_weighted,1,0.37811497306048397,0.10108289213650042,17,NINO3,NINO34,0.1,block
block_NINO34_NINO3_r100_s17_n410_4e7a46c3,multiscale_weighted,3,0.34457009199744076,0.1109236009165919,17,NINO3,NINO34,0.1,block
block_NINO34_NINO3_r100_s17_n410_4e7a46c3,multiscale_weighted,6,0.2773149349420754,0.1378250906430716,17,NINO3,NINO34,0.1,block
block_NINO34_NINO3_r100_s18_n410_c56040b1,multiscale_equal,1,0.3333333333333333,,18,NINO3,NINO34,0.1,block
block_NINO34_NINO3_r100_s18_n410_c56040b1,multiscale_equal,3,0.3333333333333333,,18,NINO3,NINO34,0.1,block
block_NINO34_NINO3_r100_s18_n410_c56040b1,multiscale_equal,6,0.3333333333333333,,18,NINO3,NINO34,0.1,block
block_NINO34_NINO3_r100_s18_n410_c56040b1,multiscale_weighted,1,0.36658552819905144,0.10981616865945852,18,NINO3,NINO34,0.1,block
block_NINO34_NINO3_r100_s18_n410_c56040b1,multiscale_weighted,3,0.330925892854651,0.1216496485123989,18,NINO3,NINO34,0.1,block
block_NINO34_NINO3_r100_s18_n410_c56040b1,multiscale_weighted,6,0.3024885789462977,0.13308607873403458,18,NINO3,NINO34,0.1,block
block_NINO34_NINO3_r100_s19_n410_86046aa2,multiscale_equal,1,0.3333333333333333,,19,NINO3,NINO34,0.1,block
block_NINO34_NINO3_r100_s19_n410_86046aa2,multiscale_equal,3,0.3333333333333333,,19,NINO3,NINO34,0.1,block
block_NINO34_NINO3_r100_s19_n410_86046aa2,multiscale_equal,6,0.3333333333333333,,19,NINO3,NINO34,0.1,block
block_NINO34_NINO3_r100_s19_n410_86046aa2,multiscale_weighted,1,0.4040550648706553,0.09449869183979123,19,NINO3,NINO34,0.1,block
block_NINO34_NINO3_r100_s19_n410_86046aa2,multiscale_weighted,3,0.3427633053969498,0.11139662581505809,19,NINO3,NINO34,0.1,block
block_NINO34_NINO3_r100_s19_n410_86046aa2,multiscale_weighted,6,0.2531816297323949,0.1508114021171724,19,NINO3,NINO34,0.1,block
block_NINO34_NINO3_r300_s00_n410_3c4947d7,multiscale_equal,1,0.3333333333333333,,0,NINO3,NINO34,0.3,block
block_NINO34_NINO3_r300_s00_n410_3c4947d7,multiscale_equal,3,0.3333333333333333,,0,NINO3,NINO34,0.3,block
block_NINO34_NINO3_r300_s00_n410_3c4947d7,multiscale_equal,6,0.3333333333333333,,0,NINO3,NINO34,0.3,block
block_NINO34_NINO3_r300_s00_n410_3c4947d7,multiscale_weighted,1,0.3794279126155694,0.09773517115810879,0,NINO3,NINO34,0.3,block
block_NINO34_NINO3_r300_s00_n410_3c4947d7,multiscale_weighted,3,0.3320881808143137,0.11166748652153646,0,NINO3,NINO34,0.3,block
block_NINO34_NINO3_r300_s00_n410_3c4947d7,multiscale_weighted,6,0.2884839065701169,0.12854600220852677,0,NINO3,NINO34,0.3,block
block_NINO34_NINO3_r300_s01_n410_63046788,multiscale_equal,1,0.3333333333333333,,1,NINO3,NINO34,0.3,block
block_NINO34_NINO3_r300_s01_n410_63046788,multiscale_equal,3,0.3333333333333333,,1,NINO3,NINO34,0.3,block
block_NINO34_NINO3_r300_s01_n410_63046788,multiscale_equal,6,0.3333333333333333,,1,NINO3,NINO34,0.3,block
block_NINO34_NINO3_r300_s01_n410_63046788,multiscale_weighted,1,0.3702507629893371,0.09977343060126337,1,NINO3,NINO34,0.3,block
block_NINO34_NINO3_r300_s01_n410_63046788,multiscale_weighted,3,0.341321099768991,0.10823001894837496,1,NINO3,NINO34,0.3,block
block_NINO34_NINO3_r300_s01_n410_63046788,multiscale_weighted,6,0.2884281372416719,0.12807762092037137,1,NINO3,NINO34,0.3,block
block_NINO34_NINO3_r300_s02_n410_8028b562,multiscale_equal,1,0.3333333333333333,,2,NINO3,NINO34,0.3,block
block_NINO34_NINO3_r300_s02_n410_8028b562,multiscale_equal,3,0.3333333333333333,,2,NINO3,NINO34,0.3,block
block_NINO34_NINO3_r300_s02_n410_8028b562,multiscale_equal,6,0.3333333333333333,,2,NINO3,NINO34,0.3,block
block_NINO34_NINO3_r300_s02_n410_8028b562,multiscale_weighted,1,0.3763821356803392,0.10735763987518677,2,NINO3,NINO34,0.3,block
block_NINO34_NINO3_r300_s02_n410_8028b562,multiscale_weighted,3,0.3311084769801895,0.12203703933855413,2,NINO3,NINO34,0.3,block
block_NINO34_NINO3_r300_s02_n410_8028b562,multiscale_weighted,6,0.2925093873394714,0.13814086099621875,2,NINO3,NINO34,0.3,block
block_NINO34_NINO3_r300_s03_n410_f3b05af5,multiscale_equal,1,0.3333333333333333,,3,NINO3,NINO34,0.3,block
block_NINO34_NINO3_r300_s03_n410_f3b05af5,multiscale_equal,3,0.3333333333333333,,3,NINO3,NINO34,0.3,block
block_NINO34_NINO3_r300_s03_n410_f3b05af5,multiscale_equal,6,0.3333333333333333,,3,NINO3,NINO34,0.3,block
block_NINO34_NINO3_r300_s03_n410_f3b05af5,multiscale_weighted,1,0.4084640908371737,0.08212261794289213,3,NINO3,NINO34,0.3,block
block_NINO34_NINO3_r300_s03_n410_f3b05af5,multiscale_weighted,3,0.3484832224110561,0.0962575496258854,3,NINO3,NINO34,0.3,block
block_NINO34_NINO3_r300_s03_n410_f3b05af5,multiscale_weighted,6,0.24305268675177016,0.13801181372491758,3,NINO3,NINO34,0.3,block
block_NINO34_NINO3_r300_s04_n410_a5281099,multiscale_equal,1,0.3333333333333333,,4,NINO3,NINO34,0.3,block
block_NINO34_NINO3_r300_s04_n410_a5281099,multiscale_equal,3,0.3333333333333333,,4,NINO3,NINO34,0.3,block
block_NINO34_NINO3_r300_s04_n410_a5281099,multiscale_equal,6,0.3333333333333333,,4,NINO3,NINO34,0.3,block
block_NINO34_NINO3_r300_s04_n410_a5281099,multiscale_weighted,1,0.3887746144388565,0.0984665854424223,4,NINO3,NINO34,0.3,block
block_NINO34_NINO3_r300_s04_n410_a5281099,multiscale_weighted,3,0.32169110938225554,0.11900020965713111,4,NINO3,NINO34,0.3,block
block_NINO34_NINO3_r300_s04_n410_a5281099,multiscale_weighted,6,0.2895342761788881,0.1322168493765478,4,NINO3,NINO34,0.3,block
block_NINO34_NINO3_r300_s05_n410_c0aecf1d,multiscale_equal,1,0.3333333333333333,,5,NINO3,NINO34,0.3,block
block_NINO34_NINO3_r300_s05_n410_c0aecf1d,multiscale_equal,3,0.3333333333333333,,5,NINO3,NINO34,0.3,block
block_NINO34_NINO3_r300_s05_n410_c0aecf1d,multiscale_equal,6,0.3333333333333333,,5,NINO3,NINO34,0.3,block
block_NINO34_NINO3_r300_s05_n410_c0aecf1d,multiscale_weighted,1,0.3953802956295095,0.11392661035908155,5,NINO3,NINO34,0.3,block
block_NINO34_NINO3_r300_s05_n410_c0aecf1d,multiscale_weighted,3,0.32101595850773607,0.14031806342861133,5,NINO3,NINO34,0.3,block
block_NINO34_NINO3_r300_s05_n410_c0aecf1d,multiscale_weighted,6,0.2836037458627544,0.1588284310722948,5,NINO3,NINO34,0.3,block
block_NINO34_NINO3_r300_s06_n410_a8d8b45b,multiscale_equal,1,0.3333333333333333,,6,NINO3,NINO34,0.3,block
block_NINO34_NINO3_r300_s06_n410_a8d8b45b,multiscale_equal,3,0.3333333333333333,,6,NINO3,NINO34,0.3,block
block_NINO34_NINO3_r300_s06_n410_a8d8b45b,multiscale_equal,6,0.3333333333333333,,6,NINO3,NINO34,0.3,block
block_NINO34_NINO3_r300_s06_n410_a8d8b45b,multiscale_weighted,1,0.41587430821897686,0.11590262012384589,6,NINO3,NINO34,0.3,block
block_NINO34_NINO3_r300_s06_n410_a8d8b45b,multiscale_weighted,3,0.3258716036755237,0.1479138480344328,6,NINO3,NINO34,0.3,block
block_NINO34_NINO3_r300_s06_n410_a8d8b45b,multiscale_weighted,6,0.25825408810549944,0.18664147349831267,6,NINO3,NINO34,0.3,block
block_NINO34_NINO3_r300_s07_n410_fad2a376,multiscale_equal,1,0.3333333333333333,,7,NINO3,NINO34,0.3,block
block_NINO34_NINO3_r300_s07_n410_fad2a376,multiscale_equal,3,0.3333333333333333,,7,NINO3,NINO34,0.3,block
block_NINO34_NINO3_r300_s07_n410_fad2a376,multiscale_equal,6,0.3333333333333333,,7,NINO3,NINO34,0.3,block
block_NINO34_NINO3_r300_s07_n410_fad2a376,multiscale_weighted,1,0.38677190308977877,0.0991585514694069,7,NINO3,NINO34,0.3,block
block_NINO34_NINO3_r300_s07_n410_fad2a376,multiscale_weighted,3,0.32423260759631367,0.11828465547978179,7,NINO3,NINO34,0.3,block
block_NINO34_NINO3_r300_s07_n410_fad2a376,multiscale_weighted,6,0.2889954893139076,0.13270706310420874,7,NINO3,NINO34,0.3,block
block_NINO34_NINO3_r300_s08_n410_17af4807,multiscale_equal,1,0.3333333333333333,,8,NINO3,NINO34,0.3,block
block_NINO34_NINO3_r300_s08_n410_17af4807,multiscale_equal,3,0.3333333333333333,,8,NINO3,NINO34,0.3,block
block_NINO34_NINO3_r300_s08_n410_17af4807,multiscale_equal,6,0.3333333333333333,,8,NINO3,NINO34,0.3,block
block_NINO34_NINO3_r300_s08_n410_17af4807,multiscale_weighted,1,0.3999620309317171,0.12187332553508945,8,NINO3,NINO34,0.3,block
block_NINO34_NINO3_r300_s08_n410_17af4807,multiscale_weighted,3,0.3242891581426204,0.1503124675315472,8,NINO3,NINO34,0.3,block
block_NINO34_NINO3_r300_s08_n410_17af4807,multiscale_weighted,6,0.2757488109256626,0.17677212777787701,8,NINO3,NINO34,0.3,block
block_NINO34_NINO3_r300_s09_n410_e5bd22e0,multiscale_equal,1,0.3333333333333333,,9,NINO3,NINO34,0.3,block
block_NINO34_NINO3_r300_s09_n410_e5bd22e0,multiscale_equal,3,0.3333333333333333,,9,NINO3,NINO34,0.3,block
block_NINO34_NINO3_r300_s09_n410_e5bd22e0,multiscale_equal,6,0.3333333333333333,,9,NINO3,NINO34,0.3,block
block_NINO34_NINO3_r300_s09_n410_e5bd22e0,multiscale_weighted,1,0.36631007728120757,0.10282482122949126,9,NINO3,NINO34,0.3,block
block_NINO34_NINO3_r300_s09_n410_e5bd22e0,multiscale_weighted,3,0.34330620509635784,0.10971479070839438,9,NINO3,NINO34,0.3,block
block_NINO34_NINO3_r300_s09_n410_e5bd22e0,multiscale_weighted,6,0.2903837176224345,0.12971033389426828,9,NINO3,NINO34,0.3,block
block_NINO34_NINO3_r300_s10_n410_353e2226,multiscale_equal,1,0.3333333333333333,,10,NINO3,NINO34,0.3,block
block_NINO34_NINO3_r300_s10_n410_353e2226,multiscale_equal,3,0.3333333333333333,,10,NINO3,NINO34,0.3,block
block_NINO34_NINO3_r300_s10_n410_353e2226,multiscale_equal,6,0.3333333333333333,,10,NINO3,NINO34,0.3,block
block_NINO34_NINO3_r300_s10_n410_353e2226,multiscale_weighted,1,0.42487529543484087,0.07777815008558536,10,NINO3,NINO34,0.3,block
block_NINO34_NINO3_r300_s10_n410_353e2226,multiscale_weighted,3,0.3071297944885872,0.10759625495946945,10,NINO3,NINO34,0.3,block
block_NINO34_NINO3_r300_s10_n410_353e2226,multiscale_weighted,6,0.26799491007657195,0.12330837199613366,10,NINO3,NINO34,0.3,block
block_NINO34_NINO3_r300_s11_n410_2bada26e,multiscale_equal,1,0.3333333333333333,,11,NINO3,NINO34,0.3,block
block_NINO34_NINO3_r300_s11_n410_2bada26e,multiscale_equal,3,0.3333333333333333,,11,NINO3,NINO34,0.3,block
block_NINO34_NINO3_r300_s11_n410_2bada26e,multiscale_equal,6,0.3333333333333333,,11,NINO3,NINO34,0.3,block
block_NINO34_NINO3_r300_s11_n410_2bada26e,multiscale_weighted,1,0.3722216964167415,0.10833638748129422,11,NINO3,NINO34,0.3,block
block_NINO34_NINO3_r300_s11_n410_2bada26e,multiscale_weighted,3,0.33027625063861216,0.12209522868638521,11,NINO3,NINO34,0.3,block
block_NINO34_NINO3_r300_s11_n410_2bada26e,multiscale_weighted,6,0.2975020529446462,0.13554580306256972,11,NINO3,NINO34,0.3,block
block_NINO34_NINO3_r300_s12_n410_b8f839fe,multiscale_equal,1,0.3333333333333333,,12,NINO3,NINO34,0.3,block
block_NINO34_NINO3_r300_s12_n410_b8f839fe,multiscale_equal,3,0.3333333333333333,,12,NINO3,NINO34,0.3,block
block_NINO34_NINO3_r300_s12_n410_b8f839fe,multiscale_equal,6,0.3333333333333333,,12,NINO3,NINO34,0.3,block
block_NINO34_NINO3_r300_s12_n410_b8f839fe,multiscale_weighted,1,0.3671577178804608,0.10090474082177567,12,NINO3,NINO34,0.3,block
block_NINO34_NINO3_r300_s12_n410_b8f839fe,multiscale_weighted,3,0.34432123244151874,0.10759706663776478,12,NINO3,NINO34,0.3,block
block_NINO34_NINO3_r300_s12_n410_b8f839fe,multiscale_weighted,6,0.28852104967802034,0.128406420228796,12,NINO3,NINO34,0.3,block
block_NINO34_NINO3_r300_s13_n410_fe5a846a,multiscale_equal,1,0.3333333333333333,,13,NINO3,NINO34,0.3,block
block_NINO34_NINO3_r300_s13_n410_fe5a846a,multiscale_equal,3,0.3333333333333333,,13,NINO3,NINO34,0.3,block
block_NINO34_NINO3_r300_s13_n410_fe5a846a,multiscale_equal,6,0.3333333333333333,,13,NINO3,NINO34,0.3,block
block_NINO34_NINO3_r300_s13_n410_fe5a846a,multiscale_weighted,1,0.3653999224450878,0.10833124865268995,13,NINO3,NINO34,0.3,block
block_NINO34_NINO3_r300_s13_n410_fe5a846a,multiscale_weighted,3,0.33563952056478374,0.11793673786408615,13,NINO3,NINO34,0.3,block
block_NINO34_NINO3_r300_s13_n410_fe5a846a,multiscale_weighted,6,0.2989605569901284,0.13240619738935375,13,NINO3,NINO34,0.3,block
block_NINO34_NINO3_r300_s14_n410_e98093ba,multiscale_equal,1,0.3333333333333333,,14,NINO3,NINO34,0.3,block
block_NINO34_NINO3_r300_s14_n410_e98093ba,multiscale_equal,3,0.3333333333333333,,14,NINO3,NINO34,0.3,block
block_NINO34_NINO3_r300_s14_n410_e98093ba,multiscale_equal,6,0.3333333333333333,,14,NINO3,NINO34,0.3,block
block_NINO34_NINO3_r300_s14_n410_e98093ba,multiscale_weighted,1,0.37280023534256745,0.10059868282159497,14,NINO3,NINO34,0.3,block
block_NINO34_NINO3_r300_s14_n410_e98093ba,multiscale_weighted,3,0.335885254275003,0.111654836057457,14,NINO3,NINO34,0.3,block
block_NINO34_NINO3_r300_s14_n410_e98093ba,multiscale_weighted,6,0.29131451038242956,0.12873788331610045,14,NINO3,NINO34,0.3,block
block_NINO34_NINO3_r300_s15_n410_a4f3e253,multiscale_equal,1,0.3333333333333333,,15,NINO3,NINO34,0.3,block
block_NINO34_NINO3_r300_s15_n410_a4f3e253,multiscale_equal,3,0.3333333333333333,,15,NINO3,NINO34,0.3,block
block_NINO34_NINO3_r300_s15_n410_a4f3e253,multiscale_equal,6,0.3333333333333333,,15,NINO3,NINO34,0.3,block
block_NINO34_NINO3_r300_s15_n410_a4f3e253,multiscale_weighted,1,0.43400183029374706,0.07539186338807188,15,NINO3,NINO34,0.3,block
block_NINO34_NINO3_r300_s15_n410_a4f3e253,multiscale_weighted,3,0.29728245399781555,0.11006437691446642,15,NINO3,NINO34,0.3,block
block_NINO34_NINO3_r300_s15_n410_a4f3e253,multiscale_weighted,6,0.2687157157084374,0.12176514598812169,15,NINO3,NINO34,0.3,block
block_NINO34_NINO3_r300_s16_n410_e0d74f3d,multiscale_equal,1,0.3333333333333333,,16,NINO3,NINO34,0.3,block
block_NINO34_NINO3_r300_s16_n410_e0d74f3d,multiscale_equal,3,0.3333333333333333,,16,NINO3,NINO34,0.3,block
block_NINO34_NINO3_r300_s16_n410_e0d74f3d,multiscale_equal,6,0.3333333333333333,,16,NINO3,NINO34,0.3,block
block_NINO34_NINO3_r300_s16_n410_e0d74f3d,multiscale_weighted,1,0.3836328416844716,0.07119542508135036,16,NINO3,NINO34,0.3,block
block_NINO34_NINO3_r300_s16_n410_e0d74f3d,multiscale_weighted,3,0.3091399435641783,0.08835126146728785,16,NINO3,NINO34,0.3,block
block_NINO34_NINO3_r300_s16_n410_e0d74f3d,multiscale_weighted,6,0.30722721475135006,0.08890131697823032,16,NINO3,NINO34,0.3,block
block_NINO34_NINO3_r300_s17_n410_c52d675a,multiscale_equal,1,0.3333333333333333,,17,NINO3,NINO34,0.3,block
block_NINO34_NINO3_r300_s17_n410_c52d675a,multiscale_equal,3,0.3333333333333333,,17,NINO3,NINO34,0.3,block
block_NINO34_NINO3_r300_s17_n410_c52d675a,multiscale_equal,6,0.3333333333333333,,17,NINO3,NINO34,0.3,block
block_NINO34_NINO3_r300_s17_n410_c52d675a,multiscale_weighted,1,0.3834968819935172,0.07095117598363802,17,NINO3,NINO34,0.3,block
block_NINO34_NINO3_r300_s17_n410_c52d675a,multiscale_weighted,3,0.3117060612631452,0.08729235283761821,17,NINO3,NINO34,0.3,block
block_NINO34_NINO3_r300_s17_n410_c52d675a,multiscale_weighted,6,0.30479705674333757,0.08927105740856704,17,NINO3,NINO34,0.3,block
block_NINO34_NINO3_r300_s18_n410_c3666aad,multiscale_equal,1,0.3333333333333333,,18,NINO3,NINO34,0.3,block
block_NINO34_NINO3_r300_s18_n410_c3666aad,multiscale_equal,3,0.3333333333333333,,18,NINO3,NINO34,0.3,block
block_NINO34_NINO3_r300_s18_n410_c3666aad,multiscale_equal,6,0.3333333333333333,,18,NINO3,NINO34,0.3,block
block_NINO34_NINO3_r300_s18_n410_c3666aad,multiscale_weighted,1,0.357653592445544,0.10152709989300367,18,NINO3,NINO34,0.3,block
block_NINO34_NINO3_r300_s18_n410_c3666aad,multiscale_weighted,3,0.32027561594246745,0.1133758880589053,18,NINO3,NINO34,0.3,block
block_NINO34_NINO3_r300_s18_n410_c3666aad,multiscale_weighted,6,0.3220707916119885,0.11274394732101112,18,NINO3,NINO34,0.3,block
block_NINO34_NINO3_r300_s19_n410_2ed51ec7,multiscale_equal,1,0.3333333333333333,,19,NINO3,NINO34,0.3,block
block_NINO34_NINO3_r300_s19_n410_2ed51ec7,multiscale_equal,3,0.3333333333333333,,19,NINO3,NINO34,0.3,block
block_NINO34_NINO3_r300_s19_n410_2ed51ec7,multiscale_equal,6,0.3333333333333333,,19,NINO3,NINO34,0.3,block
block_NINO34_NINO3_r300_s19_n410_2ed51ec7,multiscale_weighted,1,0.40065434980163284,0.11380137503895664,19,NINO3,NINO34,0.3,block
block_NINO34_NINO3_r300_s19_n410_2ed51ec7,multiscale_weighted,3,0.3093461124507523,0.14739159472419752,19,NINO3,NINO34,0.3,block
block_NINO34_NINO3_r300_s19_n410_2ed51ec7,multiscale_weighted,6,0.2899995377476148,0.1572244472644442,19,NINO3,NINO34,0.3,block
block_NINO34_NINO3_r500_s00_n410_a4ca27c5,multiscale_equal,1,0.3333333333333333,,0,NINO3,NINO34,0.5,block
block_NINO34_NINO3_r500_s00_n410_a4ca27c5,multiscale_equal,3,0.3333333333333333,,0,NINO3,NINO34,0.5,block
block_NINO34_NINO3_r500_s00_n410_a4ca27c5,multiscale_equal,6,0.3333333333333333,,0,NINO3,NINO34,0.5,block
block_NINO34_NINO3_r500_s00_n410_a4ca27c5,multiscale_weighted,1,0.4291120089805194,0.11750372599867426,0,NINO3,NINO34,0.5,block
block_NINO34_NINO3_r500_s00_n410_a4ca27c5,multiscale_weighted,3,0.25595890569283525,0.19699358192298305,0,NINO3,NINO34,0.5,block
block_NINO34_NINO3_r500_s00_n410_a4ca27c5,multiscale_weighted,6,0.3149290853266453,0.16010671423224923,0,NINO3,NINO34,0.5,block
block_NINO34_NINO3_r500_s01_n410_d03b8842,multiscale_equal,1,0.3333333333333333,,1,NINO3,NINO34,0.5,block
block_NINO34_NINO3_r500_s01_n410_d03b8842,multiscale_equal,3,0.3333333333333333,,1,NINO3,NINO34,0.5,block
block_NINO34_NINO3_r500_s01_n410_d03b8842,multiscale_equal,6,0.3333333333333333,,1,NINO3,NINO34,0.5,block
block_NINO34_NINO3_r500_s01_n410_d03b8842,multiscale_weighted,1,0.4334952918499464,0.07213081195966621,1,NINO3,NINO34,0.5,block
block_NINO34_NINO3_r500_s01_n410_d03b8842,multiscale_weighted,3,0.3134940896528903,0.09974149310585846,1,NINO3,NINO34,0.5,block
block_NINO34_NINO3_r500_s01_n410_d03b8842,multiscale_weighted,6,0.25301061849716344,0.12358520512856024,1,NINO3,NINO34,0.5,block
block_NINO34_NINO3_r500_s02_n410_20c50059,multiscale_equal,1,0.3333333333333333,,2,NINO3,NINO34,0.5,block
block_NINO34_NINO3_r500_s02_n410_20c50059,multiscale_equal,3,0.3333333333333333,,2,NINO3,NINO34,0.5,block
block_NINO34_NINO3_r500_s02_n410_20c50059,multiscale_equal,6,0.3333333333333333,,2,NINO3,NINO34,0.5,block
block_NINO34_NINO3_r500_s02_n410_20c50059,multiscale_weighted,1,0.47173618924328087,0.06704627330198226,2,NINO3,NINO34,0.5,block
block_NINO34_NINO3_r500_s02_n410_20c50059,multiscale_weighted,3,0.2683679193661405,0.11785371209355436,2,NINO3,NINO34,0.5,block
block_NINO34_NINO3_r500_s02_n410_20c50059,multiscale_weighted,6,0.25989589139057867,0.12169548129297648,2,NINO3,NINO34,0.5,block
block_NINO34_NINO3_r500_s03_n410_5163c5e5,multiscale_equal,1,0.3333333333333333,,3,NINO3,NINO34,0.5,block
block_NINO34_NINO3_r500_s03_n410_5163c5e5,multiscale_equal,3,0.3333333333333333,,3,NINO3,NINO34,0.5,block
block_NINO34_NINO3_r500_s03_n410_5163c5e5,multiscale_equal,6,0.3333333333333333,,3,NINO3,NINO34,0.5,block
block_NINO34_NINO3_r500_s03_n410_5163c5e5,multiscale_weighted,1,0.4767549684159665,0.05755437459908452,3,NINO3,NINO34,0.5,block
block_NINO34_NINO3_r500_s03_n410_5163c5e5,multiscale_weighted,3,0.29699476642210515,0.09238996421502926,3,NINO3,NINO34,0.5,block
block_NINO34_NINO3_r500_s03_n410_5163c5e5,multiscale_weighted,6,0.22625026516192825,0.12127869343974397,3,NINO3,NINO34,0.5,block
block_NINO34_NINO3_r500_s04_n410_5539aeba,multiscale_equal,1,0.3333333333333333,,4,NINO3,NINO34,0.5,block
block_NINO34_NINO3_r500_s04_n410_5539aeba,multiscale_equal,3,0.3333333333333333,,4,NINO3,NINO34,0.5,block
block_NINO34_NINO3_r500_s04_n410_5539aeba,multiscale_equal,6,0.3333333333333333,,4,NINO3,NINO34,0.5,block
block_NINO34_NINO3_r500_s04_n410_5539aeba,multiscale_weighted,1,0.46913206737922286,0.06807011269637946,4,NINO3,NINO34,0.5,block
block_NINO34_NINO3_r500_s04_n410_5539aeba,multiscale_weighted,3,0.2717636828285533,0.11750604178343818,4,NINO3,NINO34,0.5,block
block_NINO34_NINO3_r500_s04_n410_5539aeba,multiscale_weighted,6,0.25910424979222385,0.12324720579409709,4,NINO3,NINO34,0.5,block
block_NINO34_NINO3_r500_s05_n410_b15034fe,multiscale_equal,1,0.3333333333333333,,5,NINO3,NINO34,0.5,block
block_NINO34_NINO3_r500_s05_n410_b15034fe,multiscale_equal,3,0.3333333333333333,,5,NINO3,NINO34,0.5,block
block_NINO34_NINO3_r500_s05_n410_b15034fe,multiscale_equal,6,0.3333333333333333,,5,NINO3,NINO34,0.5,block
block_NINO34_NINO3_r500_s05_n410_b15034fe,multiscale_weighted,1,0.44268361251106547,0.055180732020436316,5,NINO3,NINO34,0.5,block
block_NINO34_NINO3_r500_s05_n410_b15034fe,multiscale_weighted,3,0.3486411111387129,0.07006519297868416,5,NINO3,NINO34,0.5,block
block_NINO34_NINO3_r500_s05_n410_b15034fe,multiscale_weighted,6,0.20867527635022162,0.11706038472376602,5,NINO3,NINO34,0.5,block
block_NINO34_NINO3_r500_s06_n410_f71ce38e,multiscale_equal,1,0.3333333333333333,,6,NINO3,NINO34,0.5,block
block_NINO34_NINO3_r500_s06_n410_f71ce38e,multiscale_equal,3,0.3333333333333333,,6,NINO3,NINO34,0.5,block
block_NINO34_NINO3_r500_s06_n410_f71ce38e,multiscale_equal,6,0.3333333333333333,,6,NINO3,NINO34,0.5,block
block_NINO34_NINO3_r500_s06_n410_f71ce38e,multiscale_weighted,1,0.42960311798637135,0.11773904516484195,6,NINO3,NINO34,0.5,block
block_NINO34_NINO3_r500_s06_n410_f71ce38e,multiscale_weighted,3,0.25510727004760564,0.19827370128289107,6,NINO3,NINO34,0.5,block
block_NINO34_NINO3_r500_s06_n410_f71ce38e,multiscale_weighted,6,0.3152896119660232,0.16042730281941597,6,NINO3,NINO34,0.5,block
block_NINO34_NINO3_r500_s07_n410_4b7ed26f,multiscale_equal,1,0.3333333333333333,,7,NINO3,NINO34,0.5,block
block_NINO34_NINO3_r500_s07_n410_4b7ed26f,multiscale_equal,3,0.3333333333333333,,7,NINO3,NINO34,0.5,block
block_NINO34_NINO3_r500_s07_n410_4b7ed26f,multiscale_equal,6,0.3333333333333333,,7,NINO3,NINO34,0.5,block
block_NINO34_NINO3_r500_s07_n410_4b7ed26f,multiscale_weighted,1,0.4353892460256012,0.11530365966234292,7,NINO3,NINO34,0.5,block
block_NINO34_NINO3_r500_s07_n410_4b7ed26f,multiscale_weighted,3,0.25383637762240674,0.19777297379568834,7,NINO3,NINO34,0.5,block
block_NINO34_NINO3_r500_s07_n410_4b7ed26f,multiscale_weighted,6,0.310774376351992,0.1615383329855628,7,NINO3,NINO34,0.5,block
block_NINO34_NINO3_r500_s08_n410_4f0e54b6,multiscale_equal,1,0.3333333333333333,,8,NINO3,NINO34,0.5,block
block_NINO34_NINO3_r500_s08_n410_4f0e54b6,multiscale_equal,3,0.3333333333333333,,8,NINO3,NINO34,0.5,block
block_NINO34_NINO3_r500_s08_n410_4f0e54b6,multiscale_equal,6,0.3333333333333333,,8,NINO3,NINO34,0.5,block
block_NINO34_NINO3_r500_s08_n410_4f0e54b6,multiscale_weighted,1,0.48786107452986616,0.061611148754211496,8,NINO3,NINO34,0.5,block
block_NINO34_NINO3_r500_s08_n410_4f0e54b6,multiscale_weighted,3,0.25856650198119524,0.11624739978646104,8,NINO3,NINO34,0.5,block
block_NINO34_NINO3_r500_s08_n410_4f0e54b6,multiscale_weighted,6,0.25357242348893844,0.11853687859100644,8,NINO3,NINO34,0.5,block
block_NINO34_NINO3_r500_s09_n410_b24eef6e,multiscale_equal,1,0.3333333333333333,,9,NINO3,NINO34,0.5,block
block_NINO34_NINO3_r500_s09_n410_b24eef6e,multiscale_equal,3,0.3333333333333333,,9,NINO3,NINO34,0.5,block
block_NINO34_NINO3_r500_s09_n410_b24eef6e,multiscale_equal,6,0.3333333333333333,,9,NINO3,NINO34,0.5,block
block_NINO34_NINO3_r500_s09_n410_b24eef6e,multiscale_weighted,1,0.46442480254767976,0.1310608056340206,9,NINO3,NINO34,0.5,block
block_NINO34_NINO3_r500_s09_n410_b24eef6e,multiscale_weighted,3,0.298186124148089,0.20412717263288097,9,NINO3,NINO34,0.5,block
block_NINO34_NINO3_r500_s09_n410_b24eef6e,multiscale_weighted,6,0.23738907330423134,0.25640561379449217,9,NINO3,NINO34,0.5,block
block_NINO34_NINO3_r500_s10_n410_c8f9a989,multiscale_equal,1,0.3333333333333333,,10,NINO3,NINO34,0.5,block
block_NINO34_NINO3_r500_s10_n410_c8f9a989,multiscale_equal,3,0.3333333333333333,,10,NINO3,NINO34,0.5,block
block_NINO34_NINO3_r500_s10_n410_c8f9a989,multiscale_equal,6,0.3333333333333333,,10,NINO3,NINO34,0.5,block
block_NINO34_NINO3_r500_s10_n410_c8f9a989,multiscale_weighted,1,0.46212846044750994,0.06922142061435227,10,NINO3,NINO34,0.5,block
block_NINO34_NINO3_r500_s10_n410_c8f9a989,multiscale_weighted,3,0.263617860476642,0.12134682553665804,10,NINO3,NINO34,0.5,block
block_NINO34_NINO3_r500_s10_n410_c8f9a989,multiscale_weighted,6,0.27425367907584797,0.11664087980530238,10,NINO3,NINO34,0.5,block
block_NINO34_NINO3_r500_s11_n410_ad017684,multiscale_equal,1,0.3333333333333333,,11,NINO3,NINO34,0.5,block
block_NINO34_NINO3_r500_s11_n410_ad017684,multiscale_equal,3,0.3333333333333333,,11,NINO3,NINO34,0.5,block
block_NINO34_NINO3_r500_s11_n410_ad017684,multiscale_equal,6,0.3333333333333333,,11,NINO3,NINO34,0.5,block
block_NINO34_NINO3_r500_s11_n410_ad017684,multiscale_weighted,1,0.47135160815760474,0.06656528429181206,11,NINO3,NINO34,0.5,block
block_NINO34_NINO3_r500_s11_n410_ad017684,multiscale_weighted,3,0.2690542807133084,0.116614594416431,11,NINO3,NINO34,0.5,block
block_NINO34_NINO3_r500_s11_n410_ad017684,multiscale_weighted,6,0.259594111129087,0.1208642822424686,11,NINO3,NINO34,0.5,block
block_NINO34_NINO3_r500_s12_n410_7311e2ce,multiscale_equal,1,0.3333333333333333,,12,NINO3,NINO34,0.5,block
block_NINO34_NINO3_r500_s12_n410_7311e2ce,multiscale_equal,3,0.3333333333333333,,12,NINO3,NINO34,0.5,block
block_NINO34_NINO3_r500_s12_n410_7311e2ce,multiscale_equal,6,0.3333333333333333,,12,NINO3,NINO34,0.5,block
block_NINO34_NINO3_r500_s12_n410_7311e2ce,multiscale_weighted,1,0.42932687220049986,0.07350416369096902,12,NINO3,NINO34,0.5,block
block_NINO34_NINO3_r500_s12_n410_7311e2ce,multiscale_weighted,3,0.3113563369044861,0.10135433305969095,12,NINO3,NINO34,0.5,block
block_NINO34_NINO3_r500_s12_n410_7311e2ce,multiscale_weighted,6,0.25931679089501386,0.12169406494018462,12,NINO3,NINO34,0.5,block
block_NINO34_NINO3_r500_s13_n410_535f47cd,multiscale_equal,1,0.3333333333333333,,13,NINO3,NINO34,0.5,block
block_NINO34_NINO3_r500_s13_n410_535f47cd,multiscale_equal,3,0.3333333333333333,,13,NINO3,NINO34,0.5,block
block_NINO34_NINO3_r500_s13_n410_535f47cd,multiscale_equal,6,0.3333333333333333,,13,NINO3,NINO34,0.5,block
block_NINO34_NINO3_r500_s13_n410_535f47cd,multiscale_weighted,1,0.49832770337099536,0.05690179335845447,13,NINO3,NINO34,0.5,block
block_NINO34_NINO3_r500_s13_n410_535f47cd,multiscale_weighted,3,0.2756017565493522,0.1028866527713562,13,NINO3,NINO34,0.5,block
block_NINO34_NINO3_r500_s13_n410_535f47cd,multiscale_weighted,6,0.22607054007965258,0.12542873881130412,13,NINO3,NINO34,0.5,block
block_NINO34_NINO3_r500_s14_n410_1a119980,multiscale_equal,1,0.3333333333333333,,14,NINO3,NINO34,0.5,block
block_NINO34_NINO3_r500_s14_n410_1a119980,multiscale_equal,3,0.3333333333333333,,14,NINO3,NINO34,0.5,block
block_NINO34_NINO3_r500_s14_n410_1a119980,multiscale_equal,6,0.3333333333333333,,14,NINO3,NINO34,0.5,block
block_NINO34_NINO3_r500_s14_n410_1a119980,multiscale_weighted,1,0.4296444539732529,0.11607237479086009,14,NINO3,NINO34,0.5,block
block_NINO34_NINO3_r500_s14_n410_1a119980,multiscale_weighted,3,0.25796424298474196,0.19332079992245146,14,NINO3,NINO34,0.5,block
block_NINO34_NINO3_r500_s14_n410_1a119980,multiscale_weighted,6,0.3123913030420051,0.159639057730822,14,NINO3,NINO34,0.5,block
block_NINO34_NINO3_r500_s15_n410_47b2c51d,multiscale_equal,1,0.3333333333333333,,15,NINO3,NINO34,0.5,block
block_NINO34_NINO3_r500_s15_n410_47b2c51d,multiscale_equal,3,0.3333333333333333,,15,NINO3,NINO34,0.5,block
block_NINO34_NINO3_r500_s15_n410_47b2c51d,multiscale_equal,6,0.3333333333333333,,15,NINO3,NINO34,0.5,block
block_NINO34_NINO3_r500_s15_n410_47b2c51d,multiscale_weighted,1,0.42704727838560763,0.12541228615042335,15,NINO3,NINO34,0.5,block
block_NINO34_NINO3_r500_s15_n410_47b2c51d,multiscale_weighted,3,0.27177663257160045,0.19706247929630968,15,NINO3,NINO34,0.5,block
block_NINO34_NINO3_r500_s15_n410_47b2c51d,multiscale_weighted,6,0.3011760890427918,0.17782612459569366,15,NINO3,NINO34,0.5,block
block_NINO34_NINO3_r500_s16_n410_971c9495,multiscale_equal,1,0.3333333333333333,,16,NINO3,NINO34,0.5,block
block_NINO34_NINO3_r500_s16_n410_971c9495,multiscale_equal,3,0.3333333333333333,,16,NINO3,NINO34,0.5,block
block_NINO34_NINO3_r500_s16_n410_971c9495,multiscale_equal,6,0.3333333333333333,,16,NINO3,NINO34,0.5,block
block_NINO34_NINO3_r500_s16_n410_971c9495,multiscale_weighted,1,0.4582527888388463,0.1281799531263707,16,NINO3,NINO34,0.5,block
block_NINO34_NINO3_r500_s16_n410_971c9495,multiscale_weighted,3,0.3045340948752946,0.19288094016084537,16,NINO3,NINO34,0.5,block
block_NINO34_NINO3_r500_s16_n410_971c9495,multiscale_weighted,6,0.23721311628585914,0.24762046940525886,16,NINO3,NINO34,0.5,block
block_NINO34_NINO3_r500_s17_n410_7527beb2,multiscale_equal,1,0.3333333333333333,,17,NINO3,NINO34,0.5,block
block_NINO34_NINO3_r500_s17_n410_7527beb2,multiscale_equal,3,0.3333333333333333,,17,NINO3,NINO34,0.5,block
block_NINO34_NINO3_r500_s17_n410_7527beb2,multiscale_equal,6,0.3333333333333333,,17,NINO3,NINO34,0.5,block
block_NINO34_NINO3_r500_s17_n410_7527beb2,multiscale_weighted,1,0.4452538023353197,0.13896863644612797,17,NINO3,NINO34,0.5,block
block_NINO34_NINO3_r500_s17_n410_7527beb2,multiscale_weighted,3,0.3207815747010447,0.19289236012193545,17,NINO3,NINO34,0.5,block
block_NINO34_NINO3_r500_s17_n410_7527beb2,multiscale_weighted,6,0.23396462296363568,0.2644686838210672,17,NINO3,NINO34,0.5,block
block_NINO34_NINO3_r500_s18_n410_91ebe629,multiscale_equal,1,0.3333333333333333,,18,NINO3,NINO34,0.5,block
block_NINO34_NINO3_r500_s18_n410_91ebe629,multiscale_equal,3,0.3333333333333333,,18,NINO3,NINO34,0.5,block
block_NINO34_NINO3_r500_s18_n410_91ebe629,multiscale_equal,6,0.3333333333333333,,18,NINO3,NINO34,0.5,block
block_NINO34_NINO3_r500_s18_n410_91ebe629,multiscale_weighted,1,0.4796683557268248,0.10497382399453528,18,NINO3,NINO34,0.5,block
block_NINO34_NINO3_r500_s18_n410_91ebe629,multiscale_weighted,3,0.23290974206144993,0.21618942935025956,18,NINO3,NINO34,0.5,block
block_NINO34_NINO3_r500_s18_n410_91ebe629,multiscale_weighted,6,0.2874219022117252,0.17518714909207478,18,NINO3,NINO34,0.5,block
block_NINO34_NINO3_r500_s19_n410_30bbf784,multiscale_equal,1,0.3333333333333333,,19,NINO3,NINO34,0.5,block
block_NINO34_NINO3_r500_s19_n410_30bbf784,multiscale_equal,3,0.3333333333333333,,19,NINO3,NINO34,0.5,block
block_NINO34_NINO3_r500_s19_n410_30bbf784,multiscale_equal,6,0.3333333333333333,,19,NINO3,NINO34,0.5,block
block_NINO34_NINO3_r500_s19_n410_30bbf784,multiscale_weighted,1,0.454743401726824,0.1277318411431899,19,NINO3,NINO34,0.5,block
block_NINO34_NINO3_r500_s19_n410_30bbf784,multiscale_weighted,3,0.30776106264977837,0.18873477014929227,19,NINO3,NINO34,0.5,block
block_NINO34_NINO3_r500_s19_n410_30bbf784,multiscale_weighted,6,0.2374955356233976,0.2445739199698905,19,NINO3,NINO34,0.5,block
block_NINO34_NINO3_r700_s00_n410_0dc8d8e2,multiscale_equal,1,0.3333333333333333,,0,NINO3,NINO34,0.7,block
block_NINO34_NINO3_r700_s00_n410_0dc8d8e2,multiscale_equal,3,0.3333333333333333,,0,NINO3,NINO34,0.7,block
block_NINO34_NINO3_r700_s00_n410_0dc8d8e2,multiscale_equal,6,0.3333333333333333,,0,NINO3,NINO34,0.7,block
block_NINO34_NINO3_r700_s00_n410_0dc8d8e2,multiscale_weighted,1,0.3384749334090734,0.0769769529485997,0,NINO3,NINO34,0.7,block
block_NINO34_NINO3_r700_s00_n410_0dc8d8e2,multiscale_weighted,3,0.39964480947359204,0.06519481247843796,0,NINO3,NINO34,0.7,block
block_NINO34_NINO3_r700_s00_n410_0dc8d8e2,multiscale_weighted,6,0.2618802571173344,0.0994911570503907,0,NINO3,NINO34,0.7,block
block_NINO34_NINO3_r700_s01_n410_28f289f0,multiscale_equal,1,0.3333333333333333,,1,NINO3,NINO34,0.7,block
block_NINO34_NINO3_r700_s01_n410_28f289f0,multiscale_equal,3,0.3333333333333333,,1,NINO3,NINO34,0.7,block
block_NINO34_NINO3_r700_s01_n410_28f289f0,multiscale_equal,6,0.3333333333333333,,1,NINO3,NINO34,0.7,block
block_NINO34_NINO3_r700_s01_n410_28f289f0,multiscale_weighted,1,0.4191220692823059,0.09868852506955995,1,NINO3,NINO34,0.7,block
block_NINO34_NINO3_r700_s01_n410_28f289f0,multiscale_weighted,3,0.2419575667569346,0.17094956428773164,1,NINO3,NINO34,0.7,block
block_NINO34_NINO3_r700_s01_n410_28f289f0,multiscale_weighted,6,0.3389203639607594,0.12204206073724959,1,NINO3,NINO34,0.7,block
block_NINO34_NINO3_r700_s02_n410_db0964b5,multiscale_equal,1,0.3333333333333333,,2,NINO3,NINO34,0.7,block
block_NINO34_NINO3_r700_s02_n410_db0964b5,multiscale_equal,3,0.3333333333333333,,2,NINO3,NINO34,0.7,block
block_NINO34_NINO3_r700_s02_n410_db0964b5,multiscale_equal,6,0.3333333333333333,,2,NINO3,NINO34,0.7,block
block_NINO34_NINO3_r700_s02_n410_db0964b5,multiscale_weighted,1,0.3862086414230497,0.0790817613542217,2,NINO3,NINO34,0.7,block
block_NINO34_NINO3_r700_s02_n410_db0964b5,multiscale_weighted,3,0.3551213900800405,0.08600456288622645,2,NINO3,NINO34,0.7,block
block_NINO34_NINO3_r700_s02_n410_db0964b5,multiscale_weighted,6,0.25866996849690976,0.11807347048864336,2,NINO3,NINO34,0.7,block
block_NINO34_NINO3_r700_s03_n410_975bcbf4,multiscale_equal,1,0.3333333333333333,,3,NINO3,NINO34,0.7,block
block_NINO34_NINO3_r700_s03_n410_975bcbf4,multiscale_equal,3,0.3333333333333333,,3,NINO3,NINO34,0.7,block
block_NINO34_NINO3_r700_s03_n410_975bcbf4,multiscale_equal,6,0.3333333333333333,,3,NINO3,NINO34,0.7,block
block_NINO34_NINO3_r700_s03_n410_975bcbf4,multiscale_weighted,1,0.32555560128811717,0.10631744682604992,3,NINO3,NINO34,0.7,block
block_NINO34_NINO3_r700_s03_n410_975bcbf4,multiscale_weighted,3,0.34070744522012675,0.1015893273332819,3,NINO3,NINO34,0.7,block
block_NINO34_NINO3_r700_s03_n410_975bcbf4,multiscale_weighted,6,0.3337369534917561,0.10371114101967005,3,NINO3,NINO34,0.7,block
block_NINO34_NINO3_r700_s04_n410_995f31a2,multiscale_equal,1,0.3333333333333333,,4,NINO3,NINO34,0.7,block
block_NINO34_NINO3_r700_s04_n410_995f31a2,multiscale_equal,3,0.3333333333333333,,4,NINO3,NINO34,0.7,block
block_NINO34_NINO3_r700_s04_n410_995f31a2,multiscale_equal,6,0.3333333333333333,,4,NINO3,NINO34,0.7,block
block_NINO34_NINO3_r700_s04_n410_995f31a2,multiscale_weighted,1,0.33442037968659083,0.08226960376628892,4,NINO3,NINO34,0.7,block
block_NINO34_NINO3_r700_s04_n410_995f31a2,multiscale_weighted,3,0.3815792875367064,0.07210200489184582,4,NINO3,NINO34,0.7,block
block_NINO34_NINO3_r700_s04_n410_995f31a2,multiscale_weighted,6,0.2840003327767027,0.09687535350185732,4,NINO3,NINO34,0.7,block
block_NINO34_NINO3_r700_s05_n410_e66bb41f,multiscale_equal,1,0.3333333333333333,,5,NINO3,NINO34,0.7,block
block_NINO34_NINO3_r700_s05_n410_e66bb41f,multiscale_equal,3,0.3333333333333333,,5,NINO3,NINO34,0.7,block
block_NINO34_NINO3_r700_s05_n410_e66bb41f,multiscale_equal,6,0.3333333333333333,,5,NINO3,NINO34,0.7,block
block_NINO34_NINO3_r700_s05_n410_e66bb41f,multiscale_weighted,1,0.44122532525396935,0.10533951121855951,5,NINO3,NINO34,0.7,block
block_NINO34_NINO3_r700_s05_n410_e66bb41f,multiscale_weighted,3,0.2653101113682198,0.17518541460392542,5,NINO3,NINO34,0.7,block
block_NINO34_NINO3_r700_s05_n410_e66bb41f,multiscale_weighted,6,0.29346456337781085,0.15837844624965366,5,NINO3,NINO34,0.7,block
block_NINO34_NINO3_r700_s06_n410_6761e41f,multiscale_equal,1,0.3333333333333333,,6,NINO3,NINO34,0.7,block
block_NINO34_NINO3_r700_s06_n410_6761e41f,multiscale_equal,3,0.3333333333333333,,6,NINO3,NINO34,0.7,block
block_NINO34_NINO3_r700_s06_n410_6761e41f,multiscale_equal,6,0.3333333333333333,,6,NINO3,NINO34,0.7,block
block_NINO34_NINO3_r700_s06_n410_6761e41f,multiscale_weighted,1,0.3697913278766838,0.1293976079625795,6,NINO3,NINO34,0.7,block
block_NINO34_NINO3_r700_s06_n410_6761e41f,multiscale_weighted,3,0.3455788000015338,0.13846368328862108,6,NINO3,NINO34,0.7,block
block_NINO34_NINO3_r700_s06_n410_6761e41f,multiscale_weighted,6,0.28462987212178237,0.16811346527847973,6,NINO3,NINO34,0.7,block
block_NINO34_NINO3_r700_s07_n410_b6595f44,multiscale_equal,1,0.3333333333333333,,7,NINO3,NINO34,0.7,block
block_NINO34_NINO3_r700_s07_n410_b6595f44,multiscale_equal,3,0.3333333333333333,,7,NINO3,NINO34,0.7,block
block_NINO34_NINO3_r700_s07_n410_b6595f44,multiscale_equal,6,0.3333333333333333,,7,NINO3,NINO34,0.7,block
block_NINO34_NINO3_r700_s07_n410_b6595f44,multiscale_weighted,1,0.3388903870116188,0.1240022264681564,7,NINO3,NINO34,0.7,block
block_NINO34_NINO3_r700_s07_n410_b6595f44,multiscale_weighted,3,0.3357708602445092,0.1251542868213454,7,NINO3,NINO34,0.7,block
block_NINO34_NINO3_r700_s07_n410_b6595f44,multiscale_weighted,6,0.32533875274387203,0.12916740566315396,7,NINO3,NINO34,0.7,block
block_NINO34_NINO3_r700_s08_n410_b436a776,multiscale_equal,1,0.3333333333333333,,8,NINO3,NINO34,0.7,block
block_NINO34_NINO3_r700_s08_n410_b436a776,multiscale_equal,3,0.3333333333333333,,8,NINO3,NINO34,0.7,block
block_NINO34_NINO3_r700_s08_n410_b436a776,multiscale_equal,6,0.3333333333333333,,8,NINO3,NINO34,0.7,block
block_NINO34_NINO3_r700_s08_n410_b436a776,multiscale_weighted,1,0.3871388497822292,0.07913196567194938,8,NINO3,NINO34,0.7,block
block_NINO34_NINO3_r700_s08_n410_b436a776,multiscale_weighted,3,0.3571244438674785,0.0857825864285425,8,NINO3,NINO34,0.7,block
block_NINO34_NINO3_r700_s08_n410_b436a776,multiscale_weighted,6,0.2557367063502924,0.11979140548222153,8,NINO3,NINO34,0.7,block
block_NINO34_NINO3_r700_s09_n410_43c407dc,multiscale_equal,1,0.3333333333333333,,9,NINO3,NINO34,0.7,block
block_NINO34_NINO3_r700_s09_n410_43c407dc,multiscale_equal,3,0.3333333333333333,,9,NINO3,NINO34,0.7,block
block_NINO34_NINO3_r700_s09_n410_43c407dc,multiscale_equal,6,0.3333333333333333,,9,NINO3,NINO34,0.7,block
block_NINO34_NINO3_r700_s09_n410_43c407dc,multiscale_weighted,1,0.43363192624402064,0.10067808560709614,9,NINO3,NINO34,0.7,block
block_NINO34_NINO3_r700_s09_n410_43c407dc,multiscale_weighted,3,0.24860857507777107,0.17560630814501038,9,NINO3,NINO34,0.7,block
block_NINO34_NINO3_r700_s09_n410_43c407dc,multiscale_weighted,6,0.31775949867820835,0.13739080509848423,9,NINO3,NINO34,0.7,block
block_NINO34_NINO3_r700_s10_n410_c536fbc8,multiscale_equal,1,0.3333333333333333,,10,NINO3,NINO34,0.7,block
block_NINO34_NINO3_r700_s10_n410_c536fbc8,multiscale_equal,3,0.3333333333333333,,10,NINO3,NINO34,0.7,block
block_NINO34_NINO3_r700_s10_n410_c536fbc8,multiscale_equal,6,0.3333333333333333,,10,NINO3,NINO34,0.7,block
block_NINO34_NINO3_r700_s10_n410_c536fbc8,multiscale_weighted,1,0.4268040937410688,0.1726951021215688,10,NINO3,NINO34,0.7,block
block_NINO34_NINO3_r700_s10_n410_c536fbc8,multiscale_weighted,3,0.283921285114126,0.2596035656633425,10,NINO3,NINO34,0.7,block
block_NINO34_NINO3_r700_s10_n410_c536fbc8,multiscale_weighted,6,0.2892746211448052,0.2547993240406526,10,NINO3,NINO34,0.7,block
block_NINO34_NINO3_r700_s11_n410_91198887,multiscale_equal,1,0.3333333333333333,,11,NINO3,NINO34,0.7,block
block_NINO34_NINO3_r700_s11_n410_91198887,multiscale_equal,3,0.3333333333333333,,11,NINO3,NINO34,0.7,block
block_NINO34_NINO3_r700_s11_n410_91198887,multiscale_equal,6,0.3333333333333333,,11,NINO3,NINO34,0.7,block
block_NINO34_NINO3_r700_s11_n410_91198887,multiscale_weighted,1,0.4946349946362466,0.29250932350423575,11,NINO3,NINO34,0.7,block
block_NINO34_NINO3_r700_s11_n410_91198887,multiscale_weighted,3,0.26500549576933086,0.5459711305610695,11,NINO3,NINO34,0.7,block
block_NINO34_NINO3_r700_s11_n410_91198887,multiscale_weighted,6,0.2403595095944224,0.6019539257633427,11,NINO3,NINO34,0.7,block
block_NINO34_NINO3_r700_s12_n410_aeb4e04b,multiscale_equal,1,0.3333333333333333,,12,NINO3,NINO34,0.7,block
block_NINO34_NINO3_r700_s12_n410_aeb4e04b,multiscale_equal,3,0.3333333333333333,,12,NINO3,NINO34,0.7,block
block_NINO34_NINO3_r700_s12_n410_aeb4e04b,multiscale_equal,6,0.3333333333333333,,12,NINO3,NINO34,0.7,block
block_NINO34_NINO3_r700_s12_n410_aeb4e04b,multiscale_weighted,1,0.39776459939474573,0.12368521428856541,12,NINO3,NINO34,0.7,block
block_NINO34_NINO3_r700_s12_n410_aeb4e04b,multiscale_weighted,3,0.3013093915337669,0.16327934694190618,12,NINO3,NINO34,0.7,block
block_NINO34_NINO3_r700_s12_n410_aeb4e04b,multiscale_weighted,6,0.30092600907148737,0.16348736632214173,12,NINO3,NINO34,0.7,block
block_NINO34_NINO3_r700_s13_n410_943f2c56,multiscale_equal,1,0.3333333333333333,,13,NINO3,NINO34,0.7,block
block_NINO34_NINO3_r700_s13_n410_943f2c56,multiscale_equal,3,0.3333333333333333,,13,NINO3,NINO34,0.7,block
block_NINO34_NINO3_r700_s13_n410_943f2c56,multiscale_equal,6,0.3333333333333333,,13,NINO3,NINO34,0.7,block
block_NINO34_NINO3_r700_s13_n410_943f2c56,multiscale_weighted,1,0.3232772375506243,0.11048639341905422,13,NINO3,NINO34,0.7,block
block_NINO34_NINO3_r700_s13_n410_943f2c56,multiscale_weighted,3,0.35079755280367675,0.10181865720206305,13,NINO3,NINO34,0.7,block
block_NINO34_NINO3_r700_s13_n410_943f2c56,multiscale_weighted,6,0.3259252096456988,0.10958874909919068,13,NINO3,NINO34,0.7,block
block_NINO34_NINO3_r700_s14_n410_e9f503c0,multiscale_equal,1,0.3333333333333333,,14,NINO3,NINO34,0.7,block
block_NINO34_NINO3_r700_s14_n410_e9f503c0,multiscale_equal,3,0.3333333333333333,,14,NINO3,NINO34,0.7,block
block_NINO34_NINO3_r700_s14_n410_e9f503c0,multiscale_equal,6,0.3333333333333333,,14,NINO3,NINO34,0.7,block
block_NINO34_NINO3_r700_s14_n410_e9f503c0,multiscale_weighted,1,0.4765163419301953,0.3262389784525784,14,NINO3,NINO34,0.7,block
block_NINO34_NINO3_r700_s14_n410_e9f503c0,multiscale_weighted,3,0.27677363006841227,0.5616799792876436,14,NINO3,NINO34,0.7,block
block_NINO34_NINO3_r700_s14_n410_e9f503c0,multiscale_weighted,6,0.24671002800139238,0.630125205668483,14,NINO3,NINO34,0.7,block
block_NINO34_NINO3_r700_s15_n410_f14b58ad,multiscale_equal,1,0.3333333333333333,,15,NINO3,NINO34,0.7,block
block_NINO34_NINO3_r700_s15_n410_f14b58ad,multiscale_equal,3,0.3333333333333333,,15,NINO3,NINO34,0.7,block
block_NINO34_NINO3_r700_s15_n410_f14b58ad,multiscale_equal,6,0.3333333333333333,,15,NINO3,NINO34,0.7,block
block_NINO34_NINO3_r700_s15_n410_f14b58ad,multiscale_weighted,1,0.4777621110151311,0.3263605305773921,15,NINO3,NINO34,0.7,block
block_NINO34_NINO3_r700_s15_n410_f14b58ad,multiscale_weighted,3,0.2820177137474275,0.5528826406321337,15,NINO3,NINO34,0.7,block
block_NINO34_NINO3_r700_s15_n410_f14b58ad,multiscale_weighted,6,0.24022017523744138,0.6490824453280338,15,NINO3,NINO34,0.7,block
block_NINO34_NINO3_r700_s16_n410_a5a95af9,multiscale_equal,1,0.3333333333333333,,16,NINO3,NINO34,0.7,block
block_NINO34_NINO3_r700_s16_n410_a5a95af9,multiscale_equal,3,0.3333333333333333,,16,NINO3,NINO34,0.7,block
block_NINO34_NINO3_r700_s16_n410_a5a95af9,multiscale_equal,6,0.3333333333333333,,16,NINO3,NINO34,0.7,block
block_NINO34_NINO3_r700_s16_n410_a5a95af9,multiscale_weighted,1,0.39159492325794054,0.08703566126825911,16,NINO3,NINO34,0.7,block
block_NINO34_NINO3_r700_s16_n410_a5a95af9,multiscale_weighted,3,0.35187897249028816,0.09685922195204068,16,NINO3,NINO34,0.7,block
block_NINO34_NINO3_r700_s16_n410_a5a95af9,multiscale_weighted,6,0.2565261042517713,0.1328625972019563,16,NINO3,NINO34,0.7,block
block_NINO34_NINO3_r700_s17_n410_7d65ebbe,multiscale_equal,1,0.3333333333333333,,17,NINO3,NINO34,0.7,block
block_NINO34_NINO3_r700_s17_n410_7d65ebbe,multiscale_equal,3,0.3333333333333333,,17,NINO3,NINO34,0.7,block
block_NINO34_NINO3_r700_s17_n410_7d65ebbe,multiscale_equal,6,0.3333333333333333,,17,NINO3,NINO34,0.7,block
block_NINO34_NINO3_r700_s17_n410_7d65ebbe,multiscale_weighted,1,0.42605738013182687,0.10739257637014152,17,NINO3,NINO34,0.7,block
block_NINO34_NINO3_r700_s17_n410_7d65ebbe,multiscale_weighted,3,0.2770895846836066,0.16512854958367765,17,NINO3,NINO34,0.7,block
block_NINO34_NINO3_r700_s17_n410_7d65ebbe,multiscale_weighted,6,0.29685303518456657,0.15413486002413596,17,NINO3,NINO34,0.7,block
block_NINO34_NINO3_r700_s18_n410_62e9ef2f,multiscale_equal,1,0.3333333333333333,,18,NINO3,NINO34,0.7,block
block_NINO34_NINO3_r700_s18_n410_62e9ef2f,multiscale_equal,3,0.3333333333333333,,18,NINO3,NINO34,0.7,block
block_NINO34_NINO3_r700_s18_n410_62e9ef2f,multiscale_equal,6,0.3333333333333333,,18,NINO3,NINO34,0.7,block
block_NINO34_NINO3_r700_s18_n410_62e9ef2f,multiscale_weighted,1,0.41177642961099137,0.13353232288488692,18,NINO3,NINO34,0.7,block
block_NINO34_NINO3_r700_s18_n410_62e9ef2f,multiscale_weighted,3,0.2985448892726333,0.18417821327131512,18,NINO3,NINO34,0.7,block
block_NINO34_NINO3_r700_s18_n410_62e9ef2f,multiscale_weighted,6,0.2896786811163753,0.1898153642659277,18,NINO3,NINO34,0.7,block
block_NINO34_NINO3_r700_s19_n410_2dc1f0a5,multiscale_equal,1,0.3333333333333333,,19,NINO3,NINO34,0.7,block
block_NINO34_NINO3_r700_s19_n410_2dc1f0a5,multiscale_equal,3,0.3333333333333333,,19,NINO3,NINO34,0.7,block
block_NINO34_NINO3_r700_s19_n410_2dc1f0a5,multiscale_equal,6,0.3333333333333333,,19,NINO3,NINO34,0.7,block
block_NINO34_NINO3_r700_s19_n410_2dc1f0a5,multiscale_weighted,1,0.3838229216728201,0.12104287965624844,19,NINO3,NINO34,0.7,block
block_NINO34_NINO3_r700_s19_n410_2dc1f0a5,multiscale_weighted,3,0.29883626431639354,0.1554665149944145,19,NINO3,NINO34,0.7,block
block_NINO34_NINO3_r700_s19_n410_2dc1f0a5,multiscale_weighted,6,0.31734081401078634,0.14640106261463984,19,NINO3,NINO34,0.7,block
block_NINO34_NINO3_r900_s00_n410_a27a02fe,multiscale_equal,1,0.3333333333333333,,0,NINO3,NINO34,0.9,block
block_NINO34_NINO3_r900_s00_n410_a27a02fe,multiscale_equal,3,0.3333333333333333,,0,NINO3,NINO34,0.9,block
block_NINO34_NINO3_r900_s00_n410_a27a02fe,multiscale_equal,6,0.3333333333333333,,0,NINO3,NINO34,0.9,block
block_NINO34_NINO3_r900_s00_n410_a27a02fe,multiscale_weighted,1,0.3642101648326376,1.449946353161922,0,NINO3,NINO34,0.9,block
block_NINO34_NINO3_r900_s00_n410_a27a02fe,multiscale_weighted,3,0.3198572483740763,1.6510027630082986,0,NINO3,NINO34,0.9,block
block_NINO34_NINO3_r900_s00_n410_a27a02fe,multiscale_weighted,6,0.31593258679328623,1.6715122876135784,0,NINO3,NINO34,0.9,block
block_NINO34_NINO3_r900_s01_n410_43f9f097,multiscale_equal,1,0.3333333333333333,,1,NINO3,NINO34,0.9,block
block_NINO34_NINO3_r900_s01_n410_43f9f097,multiscale_equal,3,0.3333333333333333,,1,NINO3,NINO34,0.9,block
block_NINO34_NINO3_r900_s01_n410_43f9f097,multiscale_equal,6,0.3333333333333333,,1,NINO3,NINO34,0.9,block
block_NINO34_NINO3_r900_s01_n410_43f9f097,multiscale_weighted,1,0.14007991721823546,0.9460844316272664,1,NINO3,NINO34,0.9,block
block_NINO34_NINO3_r900_s01_n410_43f9f097,multiscale_weighted,3,0.31889023280298745,0.41558948328650136,1,NINO3,NINO34,0.9,block
block_NINO34_NINO3_r900_s01_n410_43f9f097,multiscale_weighted,6,0.5410298499787771,0.24495399811952728,1,NINO3,NINO34,0.9,block
block_NINO34_NINO3_r900_s02_n410_8f7acf3d,multiscale_equal,1,0.3333333333333333,,2,NINO3,NINO34,0.9,block
block_NINO34_NINO3_r900_s02_n410_8f7acf3d,multiscale_equal,3,0.3333333333333333,,2,NINO3,NINO34,0.9,block
block_NINO34_NINO3_r900_s02_n410_8f7acf3d,multiscale_equal,6,0.3333333333333333,,2,NINO3,NINO34,0.9,block
block_NINO34_NINO3_r900_s02_n410_8f7acf3d,multiscale_weighted,1,0.20645305712765044,1.4338690906655631,2,NINO3,NINO34,0.9,block
block_NINO34_NINO3_r900_s02_n410_8f7acf3d,multiscale_weighted,3,0.413108087976295,0.716584020933296,2,NINO3,NINO34,0.9,block
block_NINO34_NINO3_r900_s02_n410_8f7acf3d,multiscale_weighted,6,0.38043885489605456,0.7781188786366883,2,NINO3,NINO34,0.9,block
block_NINO34_NINO3_r900_s03_n410_87a15bc8,multiscale_equal,1,0.3333333333333333,,3,NINO3,NINO34,0.9,block
block_NINO34_NINO3_r900_s03_n410_87a15bc8,multiscale_equal,3,0.3333333333333333,,3,NINO3,NINO34,0.9,block
block_NINO34_NINO3_r900_s03_n410_87a15bc8,multiscale_equal,6,0.3333333333333333,,3,NINO3,NINO34,0.9,block
block_NINO34_NINO3_r900_s03_n410_87a15bc8,multiscale_weighted,1,0.32262518278067626,0.2931836207963041,3,NINO3,NINO34,0.9,block
block_NINO34_NINO3_r900_s03_n410_87a15bc8,multiscale_weighted,3,0.3158207107327504,0.29950036872595776,3,NINO3,NINO34,0.9,block
block_NINO34_NINO3_r900_s03_n410_87a15bc8,multiscale_weighted,6,0.3615541064865733,0.26161622053636246,3,NINO3,NINO34,0.9,block
block_NINO34_NINO3_r900_s04_n410_627f6deb,multiscale_equal,1,0.3333333333333333,,4,NINO3,NINO34,0.9,block
block_NINO34_NINO3_r900_s04_n410_627f6deb,multiscale_equal,3,0.3333333333333333,,4,NINO3,NINO34,0.9,block
block_NINO34_NINO3_r900_s04_n410_627f6deb,multiscale_equal,6,0.3333333333333333,,4,NINO3,NINO34,0.9,block
block_NINO34_NINO3_r900_s04_n410_627f6deb,multiscale_weighted,1,0.3290952232951438,0.3973570537161284,4,NINO3,NINO34,0.9,block
block_NINO34_NINO3_r900_s04_n410_627f6deb,multiscale_weighted,3,0.3069295002958774,0.42605324159524394,4,NINO3,NINO34,0.9,block
block_NINO34_NINO3_r900_s04_n410_627f6deb,multiscale_weighted,6,0.3639752764089787,0.3592779961924451,4,NINO3,NINO34,0.9,block
block_NINO34_NINO3_r900_s05_n410_c2aabe58,multiscale_equal,1,0.3333333333333333,,5,NINO3,NINO34,0.9,block
block_NINO34_NINO3_r900_s05_n410_c2aabe58,multiscale_equal,3,0.3333333333333333,,5,NINO3,NINO34,0.9,block
block_NINO34_NINO3_r900_s05_n410_c2aabe58,multiscale_equal,6,0.3333333333333333,,5,NINO3,NINO34,0.9,block
block_NINO34_NINO3_r900_s05_n410_c2aabe58,multiscale_weighted,1,0.36242139630712394,1.102955169629467,5,NINO3,NINO34,0.9,block
block_NINO34_NINO3_r900_s05_n410_c2aabe58,multiscale_weighted,3,0.28480585884749776,1.4035334637309695,5,NINO3,NINO34,0.9,block
block_NINO34_NINO3_r900_s05_n410_c2aabe58,multiscale_weighted,6,0.35277274484537824,1.1331219846095992,5,NINO3,NINO34,0.9,block
block_NINO34_NINO3_r900_s06_n410_558ff5bd,multiscale_equal,1,0.3333333333333333,,6,NINO3,NINO34,0.9,block
block_NINO34_NINO3_r900_s06_n410_558ff5bd,multiscale_equal,3,0.3333333333333333,,6,NINO3,NINO34,0.9,block
block_NINO34_NINO3_r900_s06_n410_558ff5bd,multiscale_equal,6,0.3333333333333333,,6,NINO3,NINO34,0.9,block
block_NINO34_NINO3_r900_s06_n410_558ff5bd,multiscale_weighted,1,0.3397560227211632,0.06428483753568205,6,NINO3,NINO34,0.9,block
block_NINO34_NINO3_r900_s06_n410_558ff5bd,multiscale_weighted,3,0.2506735287700663,0.08712990845259339,6,NINO3,NINO34,0.9,block
block_NINO34_NINO3_r900_s06_n410_558ff5bd,multiscale_weighted,6,0.40957044850877056,0.05332699198337671,6,NINO3,NINO34,0.9,block
block_NINO34_NINO3_r900_s07_n410_cb340c73,multiscale_equal,1,0.3333333333333333,,7,NINO3,NINO34,0.9,block
block_NINO34_NINO3_r900_s07_n410_cb340c73,multiscale_equal,3,0.3333333333333333,,7,NINO3,NINO34,0.9,block
block_NINO34_NINO3_r900_s07_n410_cb340c73,multiscale_equal,6,0.3333333333333333,,7,NINO3,NINO34,0.9,block
block_NINO34_NINO3_r900_s07_n410_cb340c73,multiscale_weighted,1,0.34772309339678587,1.282519396634276,7,NINO3,NINO34,0.9,block
block_NINO34_NINO3_r900_s07_n410_cb340c73,multiscale_weighted,3,0.3070165416617372,1.452565422065206,7,NINO3,NINO34,0.9,block
block_NINO34_NINO3_r900_s07_n410_cb340c73,multiscale_weighted,6,0.345260364941477,1.2916675565807623,7,NINO3,NINO34,0.9,block
block_NINO34_NINO3_r900_s08_n410_67bc2b10,multiscale_equal,1,0.3333333333333333,,8,NINO3,NINO34,0.9,block
block_NINO34_NINO3_r900_s08_n410_67bc2b10,multiscale_equal,3,0.3333333333333333,,8,NINO3,NINO34,0.9,block
block_NINO34_NINO3_r900_s08_n410_67bc2b10,multiscale_equal,6,0.3333333333333333,,8,NINO3,NINO34,0.9,block
block_NINO34_NINO3_r900_s08_n410_67bc2b10,multiscale_weighted,1,0.20645300304324293,1.4338698357819737,8,NINO3,NINO34,0.9,block
block_NINO34_NINO3_r900_s08_n410_67bc2b10,multiscale_weighted,3,0.41310875416625925,0.7165830500036614,8,NINO3,NINO34,0.9,block
block_NINO34_NINO3_r900_s08_n410_67bc2b10,multiscale_weighted,6,0.38043824279049776,0.7781203310996494,8,NINO3,NINO34,0.9,block
block_NINO34_NINO3_r900_s09_n410_44b501a4,multiscale_equal,1,0.3333333333333333,,9,NINO3,NINO34,0.9,block
block_NINO34_NINO3_r900_s09_n410_44b501a4,multiscale_equal,3,0.3333333333333333,,9,NINO3,NINO34,0.9,block
block_NINO34_NINO3_r900_s09_n410_44b501a4,multiscale_equal,6,0.3333333333333333,,9,NINO3,NINO34,0.9,block
block_NINO34_NINO3_r900_s09_n410_44b501a4,multiscale_weighted,1,0.32909547705071573,0.3973570911660924,9,NINO3,NINO34,0.9,block
block_NINO34_NINO3_r900_s09_n410_44b501a4,multiscale_weighted,3,0.3069292776669563,0.4260539193017177,9,NINO3,NINO34,0.9,block
block_NINO34_NINO3_r900_s09_n410_44b501a4,multiscale_weighted,6,0.3639752452823279,0.35927833780717133,9,NINO3,NINO34,0.9,block
block_NINO34_NINO3_r900_s10_n410_d8015a5c,multiscale_equal,1,0.3333333333333333,,10,NINO3,NINO34,0.9,block
block_NINO34_NINO3_r900_s10_n410_d8015a5c,multiscale_equal,3,0.3333333333333333,,10,NINO3,NINO34,0.9,block
block_NINO34_NINO3_r900_s10_n410_d8015a5c,multiscale_equal,6,0.3333333333333333,,10,NINO3,NINO34,0.9,block
block_NINO34_NINO3_r900_s10_n410_d8015a5c,multiscale_weighted,1,0.33881757834555987,0.24211642446106557,10,NINO3,NINO34,0.9,block
block_NINO34_NINO3_r900_s10_n410_d8015a5c,multiscale_weighted,3,0.34125359878389155,0.2403880893316926,10,NINO3,NINO34,0.9,block
block_NINO34_NINO3_r900_s10_n410_d8015a5c,multiscale_weighted,6,0.3199288228705485,0.2564110981512418,10,NINO3,NINO34,0.9,block
block_NINO34_NINO3_r900_s11_n410_90254349,multiscale_equal,1,0.3333333333333333,,11,NINO3,NINO34,0.9,block
block_NINO34_NINO3_r900_s11_n410_90254349,multiscale_equal,3,0.3333333333333333,,11,NINO3,NINO34,0.9,block
block_NINO34_NINO3_r900_s11_n410_90254349,multiscale_equal,6,0.3333333333333333,,11,NINO3,NINO34,0.9,block
block_NINO34_NINO3_r900_s11_n410_90254349,multiscale_weighted,1,0.3642098949489458,1.4499480294596743,11,NINO3,NINO34,0.9,block
block_NINO34_NINO3_r900_s11_n410_90254349,multiscale_weighted,3,0.31985738843400174,1.6510027253916113,11,NINO3,NINO34,0.9,block
block_NINO34_NINO3_r900_s11_n410_90254349,multiscale_weighted,6,0.3159327166170525,1.671512294593951,11,NINO3,NINO34,0.9,block
block_NINO34_NINO3_r900_s12_n410_d221df10,multiscale_equal,1,0.3333333333333333,,12,NINO3,NINO34,0.9,block
block_NINO34_NINO3_r900_s12_n410_d221df10,multiscale_equal,3,0.3333333333333333,,12,NINO3,NINO34,0.9,block
block_NINO34_NINO3_r900_s12_n410_d221df10,multiscale_equal,6,0.3333333333333333,,12,NINO3,NINO34,0.9,block
block_NINO34_NINO3_r900_s12_n410_d221df10,multiscale_weighted,1,0.14057632550694546,0.9421946437436275,12,NINO3,NINO34,0.9,block
block_NINO34_NINO3_r900_s12_n410_d221df10,multiscale_weighted,3,0.3187083996178648,0.41558446312457853,12,NINO3,NINO34,0.9,block
block_NINO34_NINO3_r900_s12_n410_d221df10,multiscale_weighted,6,0.5407152748751898,0.24495379191754466,12,NINO3,NINO34,0.9,block
block_NINO34_NINO3_r900_s13_n410_a88eb2fb,multiscale_equal,1,0.3333333333333333,,13,NINO3,NINO34,0.9,block
block_NINO34_NINO3_r900_s13_n410_a88eb2fb,multiscale_equal,3,0.3333333333333333,,13,NINO3,NINO34,0.9,block
block_NINO34_NINO3_r900_s13_n410_a88eb2fb,multiscale_equal,6,0.3333333333333333,,13,NINO3,NINO34,0.9,block
block_NINO34_NINO3_r900_s13_n410_a88eb2fb,multiscale_weighted,1,0.17409061995448702,1.661886162608964,13,NINO3,NINO34,0.9,block
block_NINO34_NINO3_r900_s13_n410_a88eb2fb,multiscale_weighted,3,0.3906627446578099,0.7405845421734245,13,NINO3,NINO34,0.9,block
block_NINO34_NINO3_r900_s13_n410_a88eb2fb,multiscale_weighted,6,0.43524663538770314,0.6647237815759653,13,NINO3,NINO34,0.9,block
block_NINO34_NINO3_r900_s14_n410_fceff85b,multiscale_equal,1,0.3333333333333333,,14,NINO3,NINO34,0.9,block
block_NINO34_NINO3_r900_s14_n410_fceff85b,multiscale_equal,3,0.3333333333333333,,14,NINO3,NINO34,0.9,block
block_NINO34_NINO3_r900_s14_n410_fceff85b,multiscale_equal,6,0.3333333333333333,,14,NINO3,NINO34,0.9,block
block_NINO34_NINO3_r900_s14_n410_fceff85b,multiscale_weighted,1,0.15184518988065704,1.081091188932941,14,NINO3,NINO34,0.9,block
block_NINO34_NINO3_r900_s14_n410_fceff85b,multiscale_weighted,3,0.19259256818762424,0.852361531907245,14,NINO3,NINO34,0.9,block
block_NINO34_NINO3_r900_s14_n410_fceff85b,multiscale_weighted,6,0.6555622419317187,0.2504087046577576,14,NINO3,NINO34,0.9,block
block_NINO34_NINO3_r900_s15_n410_fc6cacb4,multiscale_equal,1,0.3333333333333333,,15,NINO3,NINO34,0.9,block
block_NINO34_NINO3_r900_s15_n410_fc6cacb4,multiscale_equal,3,0.3333333333333333,,15,NINO3,NINO34,0.9,block
block_NINO34_NINO3_r900_s15_n410_fc6cacb4,multiscale_equal,6,0.3333333333333333,,15,NINO3,NINO34,0.9,block
block_NINO34_NINO3_r900_s15_n410_fc6cacb4,multiscale_weighted,1,0.32673589818372445,0.18657542925862255,15,NINO3,NINO34,0.9,block
block_NINO34_NINO3_r900_s15_n410_fc6cacb4,multiscale_weighted,3,0.3733101558460023,0.16329823616487668,15,NINO3,NINO34,0.9,block
block_NINO34_NINO3_r900_s15_n410_fc6cacb4,multiscale_weighted,6,0.29995394597027325,0.20323416826025348,15,NINO3,NINO34,0.9,block
block_NINO34_NINO3_r900_s16_n410_6d0a8ea9,multiscale_equal,1,0.3333333333333333,,16,NINO3,NINO34,0.9,block
block_NINO34_NINO3_r900_s16_n410_6d0a8ea9,multiscale_equal,3,0.3333333333333333,,16,NINO3,NINO34,0.9,block
block_NINO34_NINO3_r900_s16_n410_6d0a8ea9,multiscale_equal,6,0.3333333333333333,,16,NINO3,NINO34,0.9,block
block_NINO34_NINO3_r900_s16_n410_6d0a8ea9,multiscale_weighted,1,0.2995092035360263,0.2776134773226747,16,NINO3,NINO34,0.9,block
block_NINO34_NINO3_r900_s16_n410_6d0a8ea9,multiscale_weighted,3,0.3183387198541912,0.2611928304969312,16,NINO3,NINO34,0.9,block
block_NINO34_NINO3_r900_s16_n410_6d0a8ea9,multiscale_weighted,6,0.3821520766097824,0.21757775437199817,16,NINO3,NINO34,0.9,block
block_NINO34_NINO3_r900_s17_n410_d21b53d5,multiscale_equal,1,0.3333333333333333,,17,NINO3,NINO34,0.9,block
block_NINO34_NINO3_r900_s17_n410_d21b53d5,multiscale_equal,3,0.3333333333333333,,17,NINO3,NINO34,0.9,block
block_NINO34_NINO3_r900_s17_n410_d21b53d5,multiscale_equal,6,0.3333333333333333,,17,NINO3,NINO34,0.9,block
block_NINO34_NINO3_r900_s17_n410_d21b53d5,multiscale_weighted,1,0.3559655428352533,1.581054074563074,17,NINO3,NINO34,0.9,block
block_NINO34_NINO3_r900_s17_n410_d21b53d5,multiscale_weighted,3,0.3299339732206098,1.7057981836353928,17,NINO3,NINO34,0.9,block
block_NINO34_NINO3_r900_s17_n410_d21b53d5,multiscale_weighted,6,0.3141004839441369,1.7917857539612692,17,NINO3,NINO34,0.9,block
block_NINO34_NINO3_r900_s18_n410_943a4d73,multiscale_equal,1,0.3333333333333333,,18,NINO3,NINO34,0.9,block
block_NINO34_NINO3_r900_s18_n410_943a4d73,multiscale_equal,3,0.3333333333333333,,18,NINO3,NINO34,0.9,block
block_NINO34_NINO3_r900_s18_n410_943a4d73,multiscale_equal,6,0.3333333333333333,,18,NINO3,NINO34,0.9,block
block_NINO34_NINO3_r900_s18_n410_943a4d73,multiscale_weighted,1,0.28875648263447723,0.270181027000513,18,NINO3,NINO34,0.9,block
block_NINO34_NINO3_r900_s18_n410_943a4d73,multiscale_weighted,3,0.3378328328636551,0.23093232791841103,18,NINO3,NINO34,0.9,block
block_NINO34_NINO3_r900_s18_n410_943a4d73,multiscale_weighted,6,0.3734106845018677,0.20892953903761857,18,NINO3,NINO34,0.9,block
block_NINO34_NINO3_r900_s19_n410_1a191d4b,multiscale_equal,1,0.3333333333333333,,19,NINO3,NINO34,0.9,block
block_NINO34_NINO3_r900_s19_n410_1a191d4b,multiscale_equal,3,0.3333333333333333,,19,NINO3,NINO34,0.9,block
block_NINO34_NINO3_r900_s19_n410_1a191d4b,multiscale_equal,6,0.3333333333333333,,19,NINO3,NINO34,0.9,block
block_NINO34_NINO3_r900_s19_n410_1a191d4b,multiscale_weighted,1,0.28334066591411394,1.2940352495949545,19,NINO3,NINO34,0.9,block
block_NINO34_NINO3_r900_s19_n410_1a191d4b,multiscale_weighted,3,0.43279928157518716,0.8471659339098262,19,NINO3,NINO34,0.9,block
block_NINO34_NINO3_r900_s19_n410_1a191d4b,multiscale_weighted,6,0.283860052510699,1.2916675174525178,19,NINO3,NINO34,0.9,block
block_NINO34_NINO12_r100_s00_n410_21e8b8dc,multiscale_equal,1,0.3333333333333333,,0,NINO12,NINO34,0.1,block
block_NINO34_NINO12_r100_s00_n410_21e8b8dc,multiscale_equal,3,0.3333333333333333,,0,NINO12,NINO34,0.1,block
block_NINO34_NINO12_r100_s00_n410_21e8b8dc,multiscale_equal,6,0.3333333333333333,,0,NINO12,NINO34,0.1,block
block_NINO34_NINO12_r100_s00_n410_21e8b8dc,multiscale_weighted,1,0.3604182831692493,0.8585559466829412,0,NINO12,NINO34,0.1,block
block_NINO34_NINO12_r100_s00_n410_21e8b8dc,multiscale_weighted,3,0.34323450153022483,0.9015389162579653,0,NINO12,NINO34,0.1,block
block_NINO34_NINO12_r100_s00_n410_21e8b8dc,multiscale_weighted,6,0.2963472153005259,1.0441780626433272,0,NINO12,NINO34,0.1,block
block_NINO34_NINO12_r100_s01_n410_28a57103,multiscale_equal,1,0.3333333333333333,,1,NINO12,NINO34,0.1,block
block_NINO34_NINO12_r100_s01_n410_28a57103,multiscale_equal,3,0.3333333333333333,,1,NINO12,NINO34,0.1,block
block_NINO34_NINO12_r100_s01_n410_28a57103,multiscale_equal,6,0.3333333333333333,,1,NINO12,NINO34,0.1,block
block_NINO34_NINO12_r100_s01_n410_28a57103,multiscale_weighted,1,0.33663575724860006,0.8251778627925386,1,NINO12,NINO34,0.1,block
block_NINO34_NINO12_r100_s01_n410_28a57103,multiscale_weighted,3,0.35045707106057783,0.7926345263473386,1,NINO12,NINO34,0.1,block
block_NINO34_NINO12_r100_s01_n410_28a57103,multiscale_weighted,6,0.31290717169082205,0.8877533024099905,1,NINO12,NINO34,0.1,block
block_NINO34_NINO12_r100_s02_n410_4b0cabd1,multiscale_equal,1,0.3333333333333333,,2,NINO12,NINO34,0.1,block
block_NINO34_NINO12_r100_s02_n410_4b0cabd1,multiscale_equal,3,0.3333333333333333,,2,NINO12,NINO34,0.1,block
block_NINO34_NINO12_r100_s02_n410_4b0cabd1,multiscale_equal,6,0.3333333333333333,,2,NINO12,NINO34,0.1,block
block_NINO34_NINO12_r100_s02_n410_4b0cabd1,multiscale_weighted,1,0.3687339002701629,0.6678627077572878,2,NINO12,NINO34,0.1,block
block_NINO34_NINO12_r100_s02_n410_4b0cabd1,multiscale_weighted,3,0.3357019975501566,0.7335780638894231,2,NINO12,NINO34,0.1,block
block_NINO34_NINO12_r100_s02_n410_4b0cabd1,multiscale_weighted,6,0.29556410217968043,0.8331986868226819,2,NINO12,NINO34,0.1,block
block_NINO34_NINO12_r100_s03_n410_a7969f0e,multiscale_equal,1,0.3333333333333333,,3,NINO12,NINO34,0.1,block
block_NINO34_NINO12_r100_s03_n410_a7969f0e,multiscale_equal,3,0.3333333333333333,,3,NINO12,NINO34,0.1,block
block_NINO34_NINO12_r100_s03_n410_a7969f0e,multiscale_equal,6,0.3333333333333333,,3,NINO12,NINO34,0.1,block
block_NINO34_NINO12_r100_s03_n410_a7969f0e,multiscale_weighted,1,0.3635629106440127,0.8259951888221462,3,NINO12,NINO34,0.1,block
block_NINO34_NINO12_r100_s03_n410_a7969f0e,multiscale_weighted,3,0.3376131997957055,0.8894830400268974,3,NINO12,NINO34,0.1,block
block_NINO34_NINO12_r100_s03_n410_a7969f0e,multiscale_weighted,6,0.29882388956028194,1.004943802083431,3,NINO12,NINO34,0.1,block
block_NINO34_NINO12_r100_s04_n410_cd52acf7,multiscale_equal,1,0.3333333333333333,,4,NINO12,NINO34,0.1,block
block_NINO34_NINO12_r100_s04_n410_cd52acf7,multiscale_equal,3,0.3333333333333333,,4,NINO12,NINO34,0.1,block
block_NINO34_NINO12_r100_s04_n410_cd52acf7,multiscale_equal,6,0.3333333333333333,,4,NINO12,NINO34,0.1,block
block_NINO34_NINO12_r100_s04_n410_cd52acf7,multiscale_weighted,1,0.4121840312893663,0.7326598148850518,4,NINO12,NINO34,0.1,block
block_NINO34_NINO12_r100_s04_n410_cd52acf7,multiscale_weighted,3,0.2856777787695046,1.0571024419969564,4,NINO12,NINO34,0.1,block
block_NINO34_NINO12_r100_s04_n410_cd52acf7,multiscale_weighted,6,0.30213818994112907,0.9995117711712578,4,NINO12,NINO34,0.1,block
block_NINO34_NINO12_r100_s05_n410_5f71b0d7,multiscale_equal,1,0.3333333333333333,,5,NINO12,NINO34,0.1,block
block_NINO34_NINO12_r100_s05_n410_5f71b0d7,multiscale_equal,3,0.3333333333333333,,5,NINO12,NINO34,0.1,block
block_NINO34_NINO12_r100_s05_n410_5f71b0d7,multiscale_equal,6,0.3333333333333333,,5,NINO12,NINO34,0.1,block
block_NINO34_NINO12_r100_s05_n410_5f71b0d7,multiscale_weighted,1,0.3870811847652287,0.8841406631256203,5,NINO12,NINO34,0.1,block
block_NINO34_NINO12_r100_s05_n410_5f71b0d7,multiscale_weighted,3,0.30267976345290326,1.1306808640584258,5,NINO12,NINO34,0.1,block
block_NINO34_NINO12_r100_s05_n410_5f71b0d7,multiscale_weighted,6,0.3102390517818681,1.1031306807137222,5,NINO12,NINO34,0.1,block
block_NINO34_NINO12_r100_s06_n410_5e5edb2c,multiscale_equal,1,0.3333333333333333,,6,NINO12,NINO34,0.1,block
block_NINO34_NINO12_r100_s06_n410_5e5edb2c,multiscale_equal,3,0.3333333333333333,,6,NINO12,NINO34,0.1,block
block_NINO34_NINO12_r100_s06_n410_5e5edb2c,multiscale_equal,6,0.3333333333333333,,6,NINO12,NINO34,0.1,block
block_NINO34_NINO12_r100_s06_n410_5e5edb2c,multiscale_weighted,1,0.3849987687770801,0.7650892916561163,6,NINO12,NINO34,0.1,block
block_NINO34_NINO12_r100_s06_n410_5e5edb2c,multiscale_weighted,3,0.3152571357609942,0.9343434380265135,6,NINO12,NINO34,0.1,block
block_NINO34_NINO12_r100_s06_n410_5e5edb2c,multiscale_weighted,6,0.29974409546192576,0.982699711941638,6,NINO12,NINO34,0.1,block
block_NINO34_NINO12_r100_s07_n410_2da49439,multiscale_equal,1,0.3333333333333333,,7,NINO12,NINO34,0.1,block
block_NINO34_NINO12_r100_s07_n410_2da49439,multiscale_equal,3,0.3333333333333333,,7,NINO12,NINO34,0.1,block
block_NINO34_NINO12_r100_s07_n410_2da49439,multiscale_equal,6,0.3333333333333333,,7,NINO12,NINO34,0.1,block
block_NINO34_NINO12_r100_s07_n410_2da49439,multiscale_weighted,1,0.3509298576810508,0.8214145089172873,7,NINO12,NINO34,0.1,block
block_NINO34_NINO12_r100_s07_n410_2da49439,multiscale_weighted,3,0.3465306737393392,0.8318423118458406,7,NINO12,NINO34,0.1,block
block_NINO34_NINO12_r100_s07_n410_2da49439,multiscale_weighted,6,0.30253946857961,0.9527975926430771,7,NINO12,NINO34,0.1,block
block_NINO34_NINO12_r100_s08_n410_f9369448,multiscale_equal,1,0.3333333333333333,,8,NINO12,NINO34,0.1,block
block_NINO34_NINO12_r100_s08_n410_f9369448,multiscale_equal,3,0.3333333333333333,,8,NINO12,NINO34,0.1,block
block_NINO34_NINO12_r100_s08_n410_f9369448,multiscale_equal,6,0.3333333333333333,,8,NINO12,NINO34,0.1,block
block_NINO34_NINO12_r100_s08_n410_f9369448,multiscale_weighted,1,0.3716216066150308,0.6728491729044529,8,NINO12,NINO34,0.1,block
block_NINO34_NINO12_r100_s08_n410_f9369448,multiscale_weighted,3,0.3243804015522941,0.7708396990699486,8,NINO12,NINO34,0.1,block
block_NINO34_NINO12_r100_s08_n410_f9369448,multiscale_weighted,6,0.30399799183267506,0.8225228390923456,8,NINO12,NINO34,0.1,block
block_NINO34_NINO12_r100_s09_n410_6598f6e9,multiscale_equal,1,0.3333333333333333,,9,NINO12,NINO34,0.1,block
block_NINO34_NINO12_r100_s09_n410_6598f6e9,multiscale_equal,3,0.3333333333333333,,9,NINO12,NINO34,0.1,block
block_NINO34_NINO12_r100_s09_n410_6598f6e9,multiscale_equal,6,0.3333333333333333,,9,NINO12,NINO34,0.1,block
block_NINO34_NINO12_r100_s09_n410_6598f6e9,multiscale_weighted,1,0.3914049601523182,0.769267317358527,9,NINO12,NINO34,0.1,block
block_NINO34_NINO12_r100_s09_n410_6598f6e9,multiscale_weighted,3,0.34898631686648635,0.8627703427163924,9,NINO12,NINO34,0.1,block
block_NINO34_NINO12_r100_s09_n410_6598f6e9,multiscale_weighted,6,0.25960872298119564,1.1598032678608958,9,NINO12,NINO34,0.1,block
block_NINO34_NINO12_r100_s10_n410_ccf3ad69,multiscale_equal,1,0.3333333333333333,,10,NINO12,NINO34,0.1,block
block_NINO34_NINO12_r100_s10_n410_ccf3ad69,multiscale_equal,3,0.3333333333333333,,10,NINO12,NINO34,0.1,block
block_NINO34_NINO12_r100_s10_n410_ccf3ad69,multiscale_equal,6,0.3333333333333333,,10,NINO12,NINO34,0.1,block
block_NINO34_NINO12_r100_s10_n410_ccf3ad69,multiscale_weighted,1,0.3182674469914435,0.6609047414868505,10,NINO12,NINO34,0.1,block
block_NINO34_NINO12_r100_s10_n410_ccf3ad69,multiscale_weighted,3,0.3696930140187077,0.5689706221470182,10,NINO12,NINO34,0.1,block
block_NINO34_NINO12_r100_s10_n410_ccf3ad69,multiscale_weighted,6,0.31203953898984893,0.6740955506141932,10,NINO12,NINO34,0.1,block
block_NINO34_NINO12_r100_s11_n410_61c100a3,multiscale_equal,1,0.3333333333333333,,11,NINO12,NINO34,0.1,block
block_NINO34_NINO12_r100_s11_n410_61c100a3,multiscale_equal,3,0.3333333333333333,,11,NINO12,NINO34,0.1,block
block_NINO34_NINO12_r100_s11_n410_61c100a3,multiscale_equal,6,0.3333333333333333,,11,NINO12,NINO34,0.1,block
block_NINO34_NINO12_r100_s11_n410_61c100a3,multiscale_weighted,1,0.3560160634760194,0.7922944682302382,11,NINO12,NINO34,0.1,block
block_NINO34_NINO12_r100_s11_n410_61c100a3,multiscale_weighted,3,0.37167732068562,0.758909790277049,11,NINO12,NINO34,0.1,block
block_NINO34_NINO12_r100_s11_n410_61c100a3,multiscale_weighted,6,0.27230661583836063,1.0358527570052887,11,NINO12,NINO34,0.1,block
block_NINO34_NINO12_r100_s12_n410_7ba9c6d4,multiscale_equal,1,0.3333333333333333,,12,NINO12,NINO34,0.1,block
block_NINO34_NINO12_r100_s12_n410_7ba9c6d4,multiscale_equal,3,0.3333333333333333,,12,NINO12,NINO34,0.1,block
block_NINO34_NINO12_r100_s12_n410_7ba9c6d4,multiscale_equal,6,0.3333333333333333,,12,NINO12,NINO34,0.1,block
block_NINO34_NINO12_r100_s12_n410_7ba9c6d4,multiscale_weighted,1,0.4056683356867515,0.8651234148630553,12,NINO12,NINO34,0.1,block
block_NINO34_NINO12_r100_s12_n410_7ba9c6d4,multiscale_weighted,3,0.25931198624407675,1.3534012940413656,12,NINO12,NINO34,0.1,block
block_NINO34_NINO12_r100_s12_n410_7ba9c6d4,multiscale_weighted,6,0.3350196780691717,1.047559889011463,12,NINO12,NINO34,0.1,block
block_NINO34_NINO12_r100_s13_n410_aeabd3a9,multiscale_equal,1,0.3333333333333333,,13,NINO12,NINO34,0.1,block
block_NINO34_NINO12_r100_s13_n410_aeabd3a9,multiscale_equal,3,0.3333333333333333,,13,NINO12,NINO34,0.1,block
block_NINO34_NINO12_r100_s13_n410_aeabd3a9,multiscale_equal,6,0.3333333333333333,,13,NINO12,NINO34,0.1,block
block_NINO34_NINO12_r100_s13_n410_aeabd3a9,multiscale_weighted,1,0.39565937861283634,0.798593000974386,13,NINO12,NINO34,0.1,block
block_NINO34_NINO12_r100_s13_n410_aeabd3a9,multiscale_weighted,3,0.30501477865599047,1.0359196791867218,13,NINO12,NINO34,0.1,block
block_NINO34_NINO12_r100_s13_n410_aeabd3a9,multiscale_weighted,6,0.29932584273117313,1.0556081921958993,13,NINO12,NINO34,0.1,block
block_NINO34_NINO12_r100_s14_n410_1fd71eda,multiscale_equal,1,0.3333333333333333,,14,NINO12,NINO34,0.1,block
block_NINO34_NINO12_r100_s14_n410_1fd71eda,multiscale_equal,3,0.3333333333333333,,14,NINO12,NINO34,0.1,block
block_NINO34_NINO12_r100_s14_n410_1fd71eda,multiscale_equal,6,0.3333333333333333,,14,NINO12,NINO34,0.1,block
block_NINO34_NINO12_r100_s14_n410_1fd71eda,multiscale_weighted,1,0.34684467578572337,0.8214971341301428,14,NINO12,NINO34,0.1,block
block_NINO34_NINO12_r100_s14_n410_1fd71eda,multiscale_weighted,3,0.34194821335857273,0.8332604063326023,14,NINO12,NINO34,0.1,block
block_NINO34_NINO12_r100_s14_n410_1fd71eda,multiscale_weighted,6,0.3112071108557039,0.9155700421213471,14,NINO12,NINO34,0.1,block
block_NINO34_NINO12_r100_s15_n410_9e3b3a08,multiscale_equal,1,0.3333333333333333,,15,NINO12,NINO34,0.1,block
block_NINO34_NINO12_r100_s15_n410_9e3b3a08,multiscale_equal,3,0.3333333333333333,,15,NINO12,NINO34,0.1,block
block_NINO34_NINO12_r100_s15_n410_9e3b3a08,multiscale_equal,6,0.3333333333333333,,15,NINO12,NINO34,0.1,block
block_NINO34_NINO12_r100_s15_n410_9e3b3a08,multiscale_weighted,1,0.35238441556132044,0.9142233731256655,15,NINO12,NINO34,0.1,block
block_NINO34_NINO12_r100_s15_n410_9e3b3a08,multiscale_weighted,3,0.34094077977158405,0.9449091698459714,15,NINO12,NINO34,0.1,block
block_NINO34_NINO12_r100_s15_n410_9e3b3a08,multiscale_weighted,6,0.3066748046670955,1.0504875676928467,15,NINO12,NINO34,0.1,block
block_NINO34_NINO12_r100_s16_n410_f39a9093,multiscale_equal,1,0.3333333333333333,,16,NINO12,NINO34,0.1,block
block_NINO34_NINO12_r100_s16_n410_f39a9093,multiscale_equal,3,0.3333333333333333,,16,NINO12,NINO34,0.1,block
block_NINO34_NINO12_r100_s16_n410_f39a9093,multiscale_equal,6,0.3333333333333333,,16,NINO12,NINO34,0.1,block
block_NINO34_NINO12_r100_s16_n410_f39a9093,multiscale_weighted,1,0.40277479310772674,0.7584647981657812,16,NINO12,NINO34,0.1,block
block_NINO34_NINO12_r100_s16_n410_f39a9093,multiscale_weighted,3,0.3070657505055894,0.9948700002870968,16,NINO12,NINO34,0.1,block
block_NINO34_NINO12_r100_s16_n410_f39a9093,multiscale_weighted,6,0.2901594563866838,1.0528366274806615,16,NINO12,NINO34,0.1,block
block_NINO34_NINO12_r100_s17_n410_06185b49,multiscale_equal,1,0.3333333333333333,,17,NINO12,NINO34,0.1,block
block_NINO34_NINO12_r100_s17_n410_06185b49,multiscale_equal,3,0.3333333333333333,,17,NINO12,NINO34,0.1,block
block_NINO34_NINO12_r100_s17_n410_06185b49,multiscale_equal,6,0.3333333333333333,,17,NINO12,NINO34,0.1,block
block_NINO34_NINO12_r100_s17_n410_06185b49,multiscale_weighted,1,0.36166511338539553,0.8133602280653728,17,NINO12,NINO34,0.1,block
block_NINO34_NINO12_r100_s17_n410_06185b49,multiscale_weighted,3,0.339340547196401,0.8668696441470712,17,NINO12,NINO34,0.1,block
block_NINO34_NINO12_r100_s17_n410_06185b49,multiscale_weighted,6,0.2989943394182035,0.9838447794121459,17,NINO12,NINO34,0.1,block
block_NINO34_NINO12_r100_s18_n410_5c71b8f0,multiscale_equal,1,0.3333333333333333,,18,NINO12,NINO34,0.1,block
block_NINO34_NINO12_r100_s18_n410_5c71b8f0,multiscale_equal,3,0.3333333333333333,,18,NINO12,NINO34,0.1,block
block_NINO34_NINO12_r100_s18_n410_5c71b8f0,multiscale_equal,6,0.3333333333333333,,18,NINO12,NINO34,0.1,block
block_NINO34_NINO12_r100_s18_n410_5c71b8f0,multiscale_weighted,1,0.3445233382454273,0.8221445141922837,18,NINO12,NINO34,0.1,block
block_NINO34_NINO12_r100_s18_n410_5c71b8f0,multiscale_weighted,3,0.3453087645953719,0.8202744951223705,18,NINO12,NINO34,0.1,block
block_NINO34_NINO12_r100_s18_n410_5c71b8f0,multiscale_weighted,6,0.3101678971592009,0.9132085414920189,18,NINO12,NINO34,0.1,block
block_NINO34_NINO12_r100_s19_n410_28b91716,multiscale_equal,1,0.3333333333333333,,19,NINO12,NINO34,0.1,block
block_NINO34_NINO12_r100_s19_n410_28b91716,multiscale_equal,3,0.3333333333333333,,19,NINO12,NINO34,0.1,block
block_NINO34_NINO12_r100_s19_n410_28b91716,multiscale_equal,6,0.3333333333333333,,19,NINO12,NINO34,0.1,block
block_NINO34_NINO12_r100_s19_n410_28b91716,multiscale_weighted,1,0.34068659467833784,0.8492863721508129,19,NINO12,NINO34,0.1,block
block_NINO34_NINO12_r100_s19_n410_28b91716,multiscale_weighted,3,0.35257788254455225,0.8206427464774887,19,NINO12,NINO34,0.1,block
block_NINO34_NINO12_r100_s19_n410_28b91716,multiscale_weighted,6,0.30673552277710986,0.9432897757036226,19,NINO12,NINO34,0.1,block
block_NINO34_NINO12_r300_s00_n410_7b86d2b3,multiscale_equal,1,0.3333333333333333,,0,NINO12,NINO34,0.3,block
block_NINO34_NINO12_r300_s00_n410_7b86d2b3,multiscale_equal,3,0.3333333333333333,,0,NINO12,NINO34,0.3,block
block_NINO34_NINO12_r300_s00_n410_7b86d2b3,multiscale_equal,6,0.3333333333333333,,0,NINO12,NINO34,0.3,block
block_NINO34_NINO12_r300_s00_n410_7b86d2b3,multiscale_weighted,1,0.39003902153982234,0.8146334817925908,0,NINO12,NINO34,0.3,block
block_NINO34_NINO12_r300_s00_n410_7b86d2b3,multiscale_weighted,3,0.3379535412099643,0.9401849902906174,0,NINO12,NINO34,0.3,block
block_NINO34_NINO12_r300_s00_n410_7b86d2b3,multiscale_weighted,6,0.2720074372502135,1.1681255886647994,0,NINO12,NINO34,0.3,block
block_NINO34_NINO12_r300_s01_n410_72cb51c6,multiscale_equal,1,0.3333333333333333,,1,NINO12,NINO34,0.3,block
block_NINO34_NINO12_r300_s01_n410_72cb51c6,multiscale_equal,3,0.3333333333333333,,1,NINO12,NINO34,0.3,block
block_NINO34_NINO12_r300_s01_n410_72cb51c6,multiscale_equal,6,0.3333333333333333,,1,NINO12,NINO34,0.3,block
block_NINO34_NINO12_r300_s01_n410_72cb51c6,multiscale_weighted,1,0.35672209659054055,0.6436059651650504,1,NINO12,NINO34,0.3,block
block_NINO34_NINO12_r300_s01_n410_72cb51c6,multiscale_weighted,3,0.3233950304058854,0.709931965953699,1,NINO12,NINO34,0.3,block
block_NINO34_NINO12_r300_s01_n410_72cb51c6,multiscale_weighted,6,0.31988287300357404,0.7177266716618379,1,NINO12,NINO34,0.3,block
block_NINO34_NINO12_r300_s02_n410_8d001174,multiscale_equal,1,0.3333333333333333,,2,NINO12,NINO34,0.3,block
block_NINO34_NINO12_r300_s02_n410_8d001174,multiscale_equal,3,0.3333333333333333,,2,NINO12,NINO34,0.3,block
block_NINO34_NINO12_r300_s02_n410_8d001174,multiscale_equal,6,0.3333333333333333,,2,NINO12,NINO34,0.3,block
block_NINO34_NINO12_r300_s02_n410_8d001174,multiscale_weighted,1,0.35043828855268466,0.8017221087215928,2,NINO12,NINO34,0.3,block
block_NINO34_NINO12_r300_s02_n410_8d001174,multiscale_weighted,3,0.34116498026162234,0.8235139597100402,2,NINO12,NINO34,0.3,block
block_NINO34_NINO12_r300_s02_n410_8d001174,multiscale_weighted,6,0.30839673118569294,0.9110152471603254,2,NINO12,NINO34,0.3,block
block_NINO34_NINO12_r300_s03_n410_07d8a5ab,multiscale_equal,1,0.3333333333333333,,3,NINO12,NINO34,0.3,block
block_NINO34_NINO12_r300_s03_n410_07d8a5ab,multiscale_equal,3,0.3333333333333333,,3,NINO12,NINO34,0.3,block
block_NINO34_NINO12_r300_s03_n410_07d8a5ab,multiscale_equal,6,0.3333333333333333,,3,NINO12,NINO34,0.3,block
block_NINO34_NINO12_r300_s03_n410_07d8a5ab,multiscale_weighted,1,0.37511035361005496,0.7896049920085506,3,NINO12,NINO34,0.3,block
block_NINO34_NINO12_r300_s03_n410_07d8a5ab,multiscale_weighted,3,0.3284178969050513,0.9018662234764745,3,NINO12,NINO34,0.3,block
block_NINO34_NINO12_r300_s03_n410_07d8a5ab,multiscale_weighted,6,0.29647174948489363,0.9990463150564098,3,NINO12,NINO34,0.3,block
block_NINO34_NINO12_r300_s04_n410_2942b6a6,multiscale_equal,1,0.3333333333333333,,4,NINO12,NINO34,0.3,block
block_NINO34_NINO12_r300_s04_n410_2942b6a6,multiscale_equal,3,0.3333333333333333,,4,NINO12,NINO34,0.3,block
block_NINO34_NINO12_r300_s04_n410_2942b6a6,multiscale_equal,6,0.3333333333333333,,4,NINO12,NINO34,0.3,block
block_NINO34_NINO12_r300_s04_n410_2942b6a6,multiscale_weighted,1,0.3691606474962022,0.7903045546853527,4,NINO12,NINO34,0.3,block
block_NINO34_NINO12_r300_s04_n410_2942b6a6,multiscale_weighted,3,0.3261490445283842,0.8945276604608886,4,NINO12,NINO34,0.3,block
block_NINO34_NINO12_r300_s04_n410_2942b6a6,multiscale_weighted,6,0.3046903079754135,0.9575274777191758,4,NINO12,NINO34,0.3,block
block_NINO34_NINO12_r300_s05_n410_d98ac9c2,multiscale_equal,1,0.3333333333333333,,5,NINO12,NINO34,0.3,block
block_NINO34_NINO12_r300_s05_n410_d98ac9c2,multiscale_equal,3,0.3333333333333333,,5,NINO12,NINO34,0.3,block
block_NINO34_NINO12_r300_s05_n410_d98ac9c2,multiscale_equal,6,0.3333333333333333,,5,NINO12,NINO34,0.3,block
block_NINO34_NINO12_r300_s05_n410_d98ac9c2,multiscale_weighted,1,0.39890694472473703,0.5578561639704868,5,NINO12,NINO34,0.3,block
block_NINO34_NINO12_r300_s05_n410_d98ac9c2,multiscale_weighted,3,0.32520434902707335,0.6842857403638087,5,NINO12,NINO34,0.3,block
block_NINO34_NINO12_r300_s05_n410_d98ac9c2,multiscale_weighted,6,0.2758887062481897,0.8066031491119919,5,NINO12,NINO34,0.3,block
block_NINO34_NINO12_r300_s06_n410_a4194997,multiscale_equal,1,0.3333333333333333,,6,NINO12,NINO34,0.3,block
block_NINO34_NINO12_r300_s06_n410_a4194997,multiscale_equal,3,0.3333333333333333,,6,NINO12,NINO34,0.3,block
block_NINO34_NINO12_r300_s06_n410_a4194997,multiscale_equal,6,0.3333333333333333,,6,NINO12,NINO34,0.3,block
block_NINO34_NINO12_r300_s06_n410_a4194997,multiscale_weighted,1,0.3793899831367428,0.8043190285672808,6,NINO12,NINO34,0.3,block
block_NINO34_NINO12_r300_s06_n410_a4194997,multiscale_weighted,3,0.3379847319427765,0.9028531600689275,6,NINO12,NINO34,0.3,block
block_NINO34_NINO12_r300_s06_n410_a4194997,multiscale_weighted,6,0.2826252849204808,1.0797002263409659,6,NINO12,NINO34,0.3,block
block_NINO34_NINO12_r300_s07_n410_a81cb9e2,multiscale_equal,1,0.3333333333333333,,7,NINO12,NINO34,0.3,block
block_NINO34_NINO12_r300_s07_n410_a81cb9e2,multiscale_equal,3,0.3333333333333333,,7,NINO12,NINO34,0.3,block
block_NINO34_NINO12_r300_s07_n410_a81cb9e2,multiscale_equal,6,0.3333333333333333,,7,NINO12,NINO34,0.3,block
block_NINO34_NINO12_r300_s07_n410_a81cb9e2,multiscale_weighted,1,0.3691606420892968,0.7903045570341591,7,NINO12,NINO34,0.3,block
block_NINO34_NINO12_r300_s07_n410_a81cb9e2,multiscale_weighted,3,0.3261490343921592,0.8945276778183481,7,NINO12,NINO34,0.3,block
block_NINO34_NINO12_r300_s07_n410_a81cb9e2,multiscale_weighted,6,0.30469032351854397,0.9575274176943294,7,NINO12,NINO34,0.3,block
block_NINO34_NINO12_r300_s08_n410_a4a13269,multiscale_equal,1,0.3333333333333333,,8,NINO12,NINO34,0.3,block
block_NINO34_NINO12_r300_s08_n410_a4a13269,multiscale_equal,3,0.3333333333333333,,8,NINO12,NINO34,0.3,block
block_NINO34_NINO12_r300_s08_n410_a4a13269,multiscale_equal,6,0.3333333333333333,,8,NINO12,NINO34,0.3,block
block_NINO34_NINO12_r300_s08_n410_a4a13269,multiscale_weighted,1,0.3535230908049509,0.5867817468308715,8,NINO12,NINO34,0.3,block
block_NINO34_NINO12_r300_s08_n410_a4a13269,multiscale_weighted,3,0.3283905434069723,0.6316896183025075,8,NINO12,NINO34,0.3,block
block_NINO34_NINO12_r300_s08_n410_a4a13269,multiscale_weighted,6,0.31808636578807664,0.652152746654195,8,NINO12,NINO34,0.3,block
block_NINO34_NINO12_r300_s09_n410_1125eda2,multiscale_equal,1,0.3333333333333333,,9,NINO12,NINO34,0.3,block
block_NINO34_NINO12_r300_s09_n410_1125eda2,multiscale_equal,3,0.3333333333333333,,9,NINO12,NINO34,0.3,block
block_NINO34_NINO12_r300_s09_n410_1125eda2,multiscale_equal,6,0.3333333333333333,,9,NINO12,NINO34,0.3,block
block_NINO34_NINO12_r300_s09_n410_1125eda2,multiscale_weighted,1,0.3768669417324005,0.7039610817240093,9,NINO12,NINO34,0.3,block
block_NINO34_NINO12_r300_s09_n410_1125eda2,multiscale_weighted,3,0.36365065491443493,0.72954539351652,9,NINO12,NINO34,0.3,block
block_NINO34_NINO12_r300_s09_n410_1125eda2,multiscale_weighted,6,0.25948240335316447,1.0224187000206082,9,NINO12,NINO34,0.3,block
block_NINO34_NINO12_r300_s10_n410_1ae589de,multiscale_equal,1,0.3333333333333333,,10,NINO12,NINO34,0.3,block
block_NINO34_NINO12_r300_s10_n410_1ae589de,multiscale_equal,3,0.3333333333333333,,10,NINO12,NINO34,0.3,block
block_NINO34_NINO12_r300_s10_n410_1ae589de,multiscale_equal,6,0.3333333333333333,,10,NINO12,NINO34,0.3,block
block_NINO34_NINO12_r300_s10_n410_1ae589de,multiscale_weighted,1,0.38004943701908467,0.7010064315748605,10,NINO12,NINO34,0.3,block
block_NINO34_NINO12_r300_s10_n410_1ae589de,multiscale_weighted,3,0.3189134463747263,0.8353899891249768,10,NINO12,NINO34,0.3,block
block_NINO34_NINO12_r300_s10_n410_1ae589de,multiscale_weighted,6,0.30103711660618904,0.8849975170689487,10,NINO12,NINO34,0.3,block
block_NINO34_NINO12_r300_s11_n410_daf0c23c,multiscale_equal,1,0.3333333333333333,,11,NINO12,NINO34,0.3,block
block_NINO34_NINO12_r300_s11_n410_daf0c23c,multiscale_equal,3,0.3333333333333333,,11,NINO12,NINO34,0.3,block
block_NINO34_NINO12_r300_s11_n410_daf0c23c,multiscale_equal,6,0.3333333333333333,,11,NINO12,NINO34,0.3,block
block_NINO34_NINO12_r300_s11_n410_daf0c23c,multiscale_weighted,1,0.3669875542929294,0.8006759791576928,11,NINO12,NINO34,0.3,block
block_NINO34_NINO12_r300_s11_n410_daf0c23c,multiscale_weighted,3,0.34368086086018473,0.8549737654097936,11,NINO12,NINO34,0.3,block
block_NINO34_NINO12_r300_s11_n410_daf0c23c,multiscale_weighted,6,0.28933158484688587,1.0155756781605594,11,NINO12,NINO34,0.3,block
block_NINO34_NINO12_r300_s12_n410_318bbcd2,multiscale_equal,1,0.3333333333333333,,12,NINO12,NINO34,0.3,block
block_NINO34_NINO12_r300_s12_n410_318bbcd2,multiscale_equal,3,0.3333333333333333,,12,NINO12,NINO34,0.3,block
block_NINO34_NINO12_r300_s12_n410_318bbcd2,multiscale_equal,6,0.3333333333333333,,12,NINO12,NINO34,0.3,block
block_NINO34_NINO12_r300_s12_n410_318bbcd2,multiscale_weighted,1,0.34992341638626334,0.8147899922016674,12,NINO12,NINO34,0.3,block
block_NINO34_NINO12_r300_s12_n410_318bbcd2,multiscale_weighted,3,0.33826864103302695,0.8428629298950282,12,NINO12,NINO34,0.3,block
block_NINO34_NINO12_r300_s12_n410_318bbcd2,multiscale_weighted,6,0.31180794258070976,0.9143901078517792,12,NINO12,NINO34,0.3,block
block_NINO34_NINO12_r300_s13_n410_c35c1cf3,multiscale_equal,1,0.3333333333333333,,13,NINO12,NINO34,0.3,block
block_NINO34_NINO12_r300_s13_n410_c35c1cf3,multiscale_equal,3,0.3333333333333333,,13,NINO12,NINO34,0.3,block
block_NINO34_NINO12_r300_s13_n410_c35c1cf3,multiscale_equal,6,0.3333333333333333,,13,NINO12,NINO34,0.3,block
block_NINO34_NINO12_r300_s13_n410_c35c1cf3,multiscale_weighted,1,0.364533573534746,0.5880463265967845,13,NINO12,NINO34,0.3,block
block_NINO34_NINO12_r300_s13_n410_c35c1cf3,multiscale_weighted,3,0.33864956765831594,0.6329924782701324,13,NINO12,NINO34,0.3,block
block_NINO34_NINO12_r300_s13_n410_c35c1cf3,multiscale_weighted,6,0.2968168588069381,0.7222050336935331,13,NINO12,NINO34,0.3,block
block_NINO34_NINO12_r300_s14_n410_afbe063b,multiscale_equal,1,0.3333333333333333,,14,NINO12,NINO34,0.3,block
block_NINO34_NINO12_r300_s14_n410_afbe063b,multiscale_equal,3,0.3333333333333333,,14,NINO12,NINO34,0.3,block
block_NINO34_NINO12_r300_s14_n410_afbe063b,multiscale_equal,6,0.3333333333333333,,14,NINO12,NINO34,0.3,block
block_NINO34_NINO12_r300_s14_n410_afbe063b,multiscale_weighted,1,0.3578127453918392,0.5695065020702671,14,NINO12,NINO34,0.3,block
block_NINO34_NINO12_r300_s14_n410_afbe063b,multiscale_weighted,3,0.32852492118535503,0.6202777085582865,14,NINO12,NINO34,0.3,block
block_NINO34_NINO12_r300_s14_n410_afbe063b,multiscale_weighted,6,0.31366233342280575,0.6496689712216284,14,NINO12,NINO34,0.3,block
block_NINO34_NINO12_r300_s15_n410_384ecb3c,multiscale_equal,1,0.3333333333333333,,15,NINO12,NINO34,0.3,block
block_NINO34_NINO12_r300_s15_n410_384ecb3c,multiscale_equal,3,0.3333333333333333,,15,NINO12,NINO34,0.3,block
block_NINO34_NINO12_r300_s15_n410_384ecb3c,multiscale_equal,6,0.3333333333333333,,15,NINO12,NINO34,0.3,block
block_NINO34_NINO12_r300_s15_n410_384ecb3c,multiscale_weighted,1,0.4074186632980709,0.7198854992200908,15,NINO12,NINO34,0.3,block
block_NINO34_NINO12_r300_s15_n410_384ecb3c,multiscale_weighted,3,0.31869979540852034,0.9202854632913634,15,NINO12,NINO34,0.3,block
block_NINO34_NINO12_r300_s15_n410_384ecb3c,multiscale_weighted,6,0.2738815412934086,1.0708819149073239,15,NINO12,NINO34,0.3,block
block_NINO34_NINO12_r300_s16_n410_cba8e7e4,multiscale_equal,1,0.3333333333333333,,16,NINO12,NINO34,0.3,block
block_NINO34_NINO12_r300_s16_n410_cba8e7e4,multiscale_equal,3,0.3333333333333333,,16,NINO12,NINO34,0.3,block
block_NINO34_NINO12_r300_s16_n410_cba8e7e4,multiscale_equal,6,0.3333333333333333,,16,NINO12,NINO34,0.3,block
block_NINO34_NINO12_r300_s16_n410_cba8e7e4,multiscale_weighted,1,0.41281462226409904,0.5443943401924327,16,NINO12,NINO34,0.3,block
block_NINO34_NINO12_r300_s16_n410_cba8e7e4,multiscale_weighted,3,0.3571438194680102,0.6292533489749785,16,NINO12,NINO34,0.3,block
block_NINO34_NINO12_r300_s16_n410_cba8e7e4,multiscale_weighted,6,0.23004155826789072,0.9769275926885931,16,NINO12,NINO34,0.3,block
block_NINO34_NINO12_r300_s17_n410_d73f8377,multiscale_equal,1,0.3333333333333333,,17,NINO12,NINO34,0.3,block
block_NINO34_NINO12_r300_s17_n410_d73f8377,multiscale_equal,3,0.3333333333333333,,17,NINO12,NINO34,0.3,block
block_NINO34_NINO12_r300_s17_n410_d73f8377,multiscale_equal,6,0.3333333333333333,,17,NINO12,NINO34,0.3,block
block_NINO34_NINO12_r300_s17_n410_d73f8377,multiscale_weighted,1,0.3712289840215365,0.5857189277752135,17,NINO12,NINO34,0.3,block
block_NINO34_NINO12_r300_s17_n410_d73f8377,multiscale_weighted,3,0.29370706790319073,0.7403153244070543,17,NINO12,NINO34,0.3,block
block_NINO34_NINO12_r300_s17_n410_d73f8377,multiscale_weighted,6,0.3350639480752728,0.6489383417429893,17,NINO12,NINO34,0.3,block
block_NINO34_NINO12_r300_s18_n410_e9638697,multiscale_equal,1,0.3333333333333333,,18,NINO12,NINO34,0.3,block
block_NINO34_NINO12_r300_s18_n410_e9638697,multiscale_equal,3,0.3333333333333333,,18,NINO12,NINO34,0.3,block
block_NINO34_NINO12_r300_s18_n410_e9638697,multiscale_equal,6,0.3333333333333333,,18,NINO12,NINO34,0.3,block
block_NINO34_NINO12_r300_s18_n410_e9638697,multiscale_weighted,1,0.35354414759941244,0.5894159293206339,18,NINO12,NINO34,0.3,block
block_NINO34_NINO12_r300_s18_n410_e9638697,multiscale_weighted,3,0.3284451148200837,0.634457762230133,18,NINO12,NINO34,0.3,block
block_NINO34_NINO12_r300_s18_n410_e9638697,multiscale_weighted,6,0.3180107375805039,0.655275209428301,18,NINO12,NINO34,0.3,block
block_NINO34_NINO12_r300_s19_n410_73be139b,multiscale_equal,1,0.3333333333333333,,19,NINO12,NINO34,0.3,block
block_NINO34_NINO12_r300_s19_n410_73be139b,multiscale_equal,3,0.3333333333333333,,19,NINO12,NINO34,0.3,block
block_NINO34_NINO12_r300_s19_n410_73be139b,multiscale_equal,6,0.3333333333333333,,19,NINO12,NINO34,0.3,block
block_NINO34_NINO12_r300_s19_n410_73be139b,multiscale_weighted,1,0.36253176387582003,0.5769759336603152,19,NINO12,NINO34,0.3,block
block_NINO34_NINO12_r300_s19_n410_73be139b,multiscale_weighted,3,0.3166921672833506,0.6604902962914704,19,NINO12,NINO34,0.3,block
block_NINO34_NINO12_r300_s19_n410_73be139b,multiscale_weighted,6,0.32077606884082926,0.6520813853639481,19,NINO12,NINO34,0.3,block
block_NINO34_NINO12_r500_s00_n410_2f58551b,multiscale_equal,1,0.3333333333333333,,0,NINO12,NINO34,0.5,block
block_NINO34_NINO12_r500_s00_n410_2f58551b,multiscale_equal,3,0.3333333333333333,,0,NINO12,NINO34,0.5,block
block_NINO34_NINO12_r500_s00_n410_2f58551b,multiscale_equal,6,0.3333333333333333,,0,NINO12,NINO34,0.5,block
block_NINO34_NINO12_r500_s00_n410_2f58551b,multiscale_weighted,1,0.3653395938596965,0.9193377314544899,0,NINO12,NINO34,0.5,block
block_NINO34_NINO12_r500_s00_n410_2f58551b,multiscale_weighted,3,0.34692338331625805,0.9681402000362963,0,NINO12,NINO34,0.5,block
block_NINO34_NINO12_r500_s00_n410_2f58551b,multiscale_weighted,6,0.2877370228240454,1.1672827895476827,0,NINO12,NINO34,0.5,block
block_NINO34_NINO12_r500_s01_n410_18adde22,multiscale_equal,1,0.3333333333333333,,1,NINO12,NINO34,0.5,block
block_NINO34_NINO12_r500_s01_n410_18adde22,multiscale_equal,3,0.3333333333333333,,1,NINO12,NINO34,0.5,block
block_NINO34_NINO12_r500_s01_n410_18adde22,multiscale_equal,6,0.3333333333333333,,1,NINO12,NINO34,0.5,block
block_NINO34_NINO12_r500_s01_n410_18adde22,multiscale_weighted,1,0.4016790635144435,0.9648605998573362,1,NINO12,NINO34,0.5,block
block_NINO34_NINO12_r500_s01_n410_18adde22,multiscale_weighted,3,0.2669371826972454,1.4518932898788577,1,NINO12,NINO34,0.5,block
block_NINO34_NINO12_r500_s01_n410_18adde22,multiscale_weighted,6,0.33138375378831103,1.1695332040037587,1,NINO12,NINO34,0.5,block
block_NINO34_NINO12_r500_s02_n410_9633f9cd,multiscale_equal,1,0.3333333333333333,,2,NINO12,NINO34,0.5,block
block_NINO34_NINO12_r500_s02_n410_9633f9cd,multiscale_equal,3,0.3333333333333333,,2,NINO12,NINO34,0.5,block
block_NINO34_NINO12_r500_s02_n410_9633f9cd,multiscale_equal,6,0.3333333333333333,,2,NINO12,NINO34,0.5,block
block_NINO34_NINO12_r500_s02_n410_9633f9cd,multiscale_weighted,1,0.3649120643435062,0.9131751096952687,2,NINO12,NINO34,0.5,block
block_NINO34_NINO12_r500_s02_n410_9633f9cd,multiscale_weighted,3,0.32197255203574693,1.0349596975669675,2,NINO12,NINO34,0.5,block
block_NINO34_NINO12_r500_s02_n410_9633f9cd,multiscale_weighted,6,0.3131153836207469,1.0642358461266188,2,NINO12,NINO34,0.5,block
block_NINO34_NINO12_r500_s03_n410_70ff8dd9,multiscale_equal,1,0.3333333333333333,,3,NINO12,NINO34,0.5,block
block_NINO34_NINO12_r500_s03_n410_70ff8dd9,multiscale_equal,3,0.3333333333333333,,3,NINO12,NINO34,0.5,block
block_NINO34_NINO12_r500_s03_n410_70ff8dd9,multiscale_equal,6,0.3333333333333333,,3,NINO12,NINO34,0.5,block
block_NINO34_NINO12_r500_s03_n410_70ff8dd9,multiscale_weighted,1,0.4204456594221984,0.5412942372882324,3,NINO12,NINO34,0.5,block
block_NINO34_NINO12_r500_s03_n410_70ff8dd9,multiscale_weighted,3,0.3130112249723476,0.7270819560367238,3,NINO12,NINO34,0.5,block
block_NINO34_NINO12_r500_s03_n410_70ff8dd9,multiscale_weighted,6,0.266543115605454,0.8538386508544671,3,NINO12,NINO34,0.5,block
block_NINO34_NINO12_r500_s04_n410_8ce4601c,multiscale_equal,1,0.3333333333333333,,4,NINO12,NINO34,0.5,block
block_NINO34_NINO12_r500_s04_n410_8ce4601c,multiscale_equal,3,0.3333333333333333,,4,NINO12,NINO34,0.5,block
block_NINO34_NINO12_r500_s04_n410_8ce4601c,multiscale_equal,6,0.3333333333333333,,4,NINO12,NINO34,0.5,block
block_NINO34_NINO12_r500_s04_n410_8ce4601c,multiscale_weighted,1,0.32458944119555694,1.3864768694737455,4,NINO12,NINO34,0.5,block
block_NINO34_NINO12_r500_s04_n410_8ce4601c,multiscale_weighted,3,0.3438857824533288,1.3086779824658326,4,NINO12,NINO34,0.5,block
block_NINO34_NINO12_r500_s04_n410_8ce4601c,multiscale_weighted,6,0.3315247763511142,1.3574724554034585,4,NINO12,NINO34,0.5,block
block_NINO34_NINO12_r500_s05_n410_98de3fbb,multiscale_equal,1,0.3333333333333333,,5,NINO12,NINO34,0.5,block
block_NINO34_NINO12_r500_s05_n410_98de3fbb,multiscale_equal,3,0.3333333333333333,,5,NINO12,NINO34,0.5,block
block_NINO34_NINO12_r500_s05_n410_98de3fbb,multiscale_equal,6,0.3333333333333333,,5,NINO12,NINO34,0.5,block
block_NINO34_NINO12_r500_s05_n410_98de3fbb,multiscale_weighted,1,0.38109451858291615,0.9531193585459213,5,NINO12,NINO34,0.5,block
block_NINO34_NINO12_r500_s05_n410_98de3fbb,multiscale_weighted,3,0.3314323590892903,1.0959357285171116,5,NINO12,NINO34,0.5,block
block_NINO34_NINO12_r500_s05_n410_98de3fbb,multiscale_weighted,6,0.28747312232779354,1.2635218266436379,5,NINO12,NINO34,0.5,block
block_NINO34_NINO12_r500_s06_n410_d64cebe0,multiscale_equal,1,0.3333333333333333,,6,NINO12,NINO34,0.5,block
block_NINO34_NINO12_r500_s06_n410_d64cebe0,multiscale_equal,3,0.3333333333333333,,6,NINO12,NINO34,0.5,block
block_NINO34_NINO12_r500_s06_n410_d64cebe0,multiscale_equal,6,0.3333333333333333,,6,NINO12,NINO34,0.5,block
block_NINO34_NINO12_r500_s06_n410_d64cebe0,multiscale_weighted,1,0.3938515140265558,0.6112964167882636,6,NINO12,NINO34,0.5,block
block_NINO34_NINO12_r500_s06_n410_d64cebe0,multiscale_weighted,3,0.31876329388154573,0.7552940526967328,6,NINO12,NINO34,0.5,block
block_NINO34_NINO12_r500_s06_n410_d64cebe0,multiscale_weighted,6,0.2873851920918984,0.8377607025438698,6,NINO12,NINO34,0.5,block
block_NINO34_NINO12_r500_s07_n410_ff4a31c2,multiscale_equal,1,0.3333333333333333,,7,NINO12,NINO34,0.5,block
block_NINO34_NINO12_r500_s07_n410_ff4a31c2,multiscale_equal,3,0.3333333333333333,,7,NINO12,NINO34,0.5,block
block_NINO34_NINO12_r500_s07_n410_ff4a31c2,multiscale_equal,6,0.3333333333333333,,7,NINO12,NINO34,0.5,block
block_NINO34_NINO12_r500_s07_n410_ff4a31c2,multiscale_weighted,1,0.373225177348553,0.960238520560268,7,NINO12,NINO34,0.5,block
block_NINO34_NINO12_r500_s07_n410_ff4a31c2,multiscale_weighted,3,0.32118877355068703,1.1158085913955769,7,NINO12,NINO34,0.5,block
block_NINO34_NINO12_r500_s07_n410_ff4a31c2,multiscale_weighted,6,0.30558604910076004,1.1727799560828613,7,NINO12,NINO34,0.5,block
block_NINO34_NINO12_r500_s08_n410_75a66711,multiscale_equal,1,0.3333333333333333,,8,NINO12,NINO34,0.5,block
block_NINO34_NINO12_r500_s08_n410_75a66711,multiscale_equal,3,0.3333333333333333,,8,NINO12,NINO34,0.5,block
block_NINO34_NINO12_r500_s08_n410_75a66711,multiscale_equal,6,0.3333333333333333,,8,NINO12,NINO34,0.5,block
block_NINO34_NINO12_r500_s08_n410_75a66711,multiscale_weighted,1,0.419387531879287,0.5604130738819736,8,NINO12,NINO34,0.5,block
block_NINO34_NINO12_r500_s08_n410_75a66711,multiscale_weighted,3,0.34904805809405387,0.6733464095656564,8,NINO12,NINO34,0.5,block
block_NINO34_NINO12_r500_s08_n410_75a66711,multiscale_weighted,6,0.23156441002665906,1.014967101311877,8,NINO12,NINO34,0.5,block
block_NINO34_NINO12_r500_s09_n410_9271bfdc,multiscale_equal,1,0.3333333333333333,,9,NINO12,NINO34,0.5,block
block_NINO34_NINO12_r500_s09_n410_9271bfdc,multiscale_equal,3,0.3333333333333333,,9,NINO12,NINO34,0.5,block
block_NINO34_NINO12_r500_s09_n410_9271bfdc,multiscale_equal,6,0.3333333333333333,,9,NINO12,NINO34,0.5,block
block_NINO34_NINO12_r500_s09_n410_9271bfdc,multiscale_weighted,1,0.4448120654748326,0.49570741490367254,9,NINO12,NINO34,0.5,block
block_NINO34_NINO12_r500_s09_n410_9271bfdc,multiscale_weighted,3,0.3440002537593343,0.6409781323743718,9,NINO12,NINO34,0.5,block
block_NINO34_NINO12_r500_s09_n410_9271bfdc,multiscale_weighted,6,0.21118768076583302,1.0440790903896882,9,NINO12,NINO34,0.5,block
block_NINO34_NINO12_r500_s10_n410_cf616386,multiscale_equal,1,0.3333333333333333,,10,NINO12,NINO34,0.5,block
block_NINO34_NINO12_r500_s10_n410_cf616386,multiscale_equal,3,0.3333333333333333,,10,NINO12,NINO34,0.5,block
block_NINO34_NINO12_r500_s10_n410_cf616386,multiscale_equal,6,0.3333333333333333,,10,NINO12,NINO34,0.5,block
block_NINO34_NINO12_r500_s10_n410_cf616386,multiscale_weighted,1,0.3686854420892037,0.9838164150219044,10,NINO12,NINO34,0.5,block
block_NINO34_NINO12_r500_s10_n410_cf616386,multiscale_weighted,3,0.3309949671792838,1.0958438239042176,10,NINO12,NINO34,0.5,block
block_NINO34_NINO12_r500_s10_n410_cf616386,multiscale_weighted,6,0.3003195907315125,1.2077759900636513,10,NINO12,NINO34,0.5,block
block_NINO34_NINO12_r500_s11_n410_ba61921a,multiscale_equal,1,0.3333333333333333,,11,NINO12,NINO34,0.5,block
block_NINO34_NINO12_r500_s11_n410_ba61921a,multiscale_equal,3,0.3333333333333333,,11,NINO12,NINO34,0.5,block
block_NINO34_NINO12_r500_s11_n410_ba61921a,multiscale_equal,6,0.3333333333333333,,11,NINO12,NINO34,0.5,block
block_NINO34_NINO12_r500_s11_n410_ba61921a,multiscale_weighted,1,0.40635452078511647,0.7284015548100188,11,NINO12,NINO34,0.5,block
block_NINO34_NINO12_r500_s11_n410_ba61921a,multiscale_weighted,3,0.32434602429564996,0.9125725120065775,11,NINO12,NINO34,0.5,block
block_NINO34_NINO12_r500_s11_n410_ba61921a,multiscale_weighted,6,0.26929945491923357,1.0991083037428775,11,NINO12,NINO34,0.5,block
block_NINO34_NINO12_r500_s12_n410_ab5ef1f1,multiscale_equal,1,0.3333333333333333,,12,NINO12,NINO34,0.5,block
block_NINO34_NINO12_r500_s12_n410_ab5ef1f1,multiscale_equal,3,0.3333333333333333,,12,NINO12,NINO34,0.5,block
block_NINO34_NINO12_r500_s12_n410_ab5ef1f1,multiscale_equal,6,0.3333333333333333,,12,NINO12,NINO34,0.5,block
block_NINO34_NINO12_r500_s12_n410_ab5ef1f1,multiscale_weighted,1,0.46104809825217413,0.49264211908787203,12,NINO12,NINO34,0.5,block
block_NINO34_NINO12_r500_s12_n410_ab5ef1f1,multiscale_weighted,3,0.3131174940034875,0.7253881307803527,12,NINO12,NINO34,0.5,block
block_NINO34_NINO12_r500_s12_n410_ab5ef1f1,multiscale_weighted,6,0.22583440774433844,1.005744504932113,12,NINO12,NINO34,0.5,block
block_NINO34_NINO12_r500_s13_n410_635fd65d,multiscale_equal,1,0.3333333333333333,,13,NINO12,NINO34,0.5,block
block_NINO34_NINO12_r500_s13_n410_635fd65d,multiscale_equal,3,0.3333333333333333,,13,NINO12,NINO34,0.5,block
block_NINO34_NINO12_r500_s13_n410_635fd65d,multiscale_equal,6,0.3333333333333333,,13,NINO12,NINO34,0.5,block
block_NINO34_NINO12_r500_s13_n410_635fd65d,multiscale_weighted,1,0.37322509193508346,0.9602387222825566,13,NINO12,NINO34,0.5,block
block_NINO34_NINO12_r500_s13_n410_635fd65d,multiscale_weighted,3,0.32118874134944875,1.115808682310761,13,NINO12,NINO34,0.5,block
block_NINO34_NINO12_r500_s13_n410_635fd65d,multiscale_weighted,6,0.30558616671546773,1.1727794826790403,13,NINO12,NINO34,0.5,block
block_NINO34_NINO12_r500_s14_n410_65876b34,multiscale_equal,1,0.3333333333333333,,14,NINO12,NINO34,0.5,block
block_NINO34_NINO12_r500_s14_n410_65876b34,multiscale_equal,3,0.3333333333333333,,14,NINO12,NINO34,0.5,block
block_NINO34_NINO12_r500_s14_n410_65876b34,multiscale_equal,6,0.3333333333333333,,14,NINO12,NINO34,0.5,block
block_NINO34_NINO12_r500_s14_n410_65876b34,multiscale_weighted,1,0.3740304673036302,0.9608376805329787,14,NINO12,NINO34,0.5,block
block_NINO34_NINO12_r500_s14_n410_65876b34,multiscale_weighted,3,0.3216824690758059,1.1171966210792734,14,NINO12,NINO34,0.5,block
block_NINO34_NINO12_r500_s14_n410_65876b34,multiscale_weighted,6,0.30428706362056396,1.1810642342837006,14,NINO12,NINO34,0.5,block
block_NINO34_NINO12_r500_s15_n410_2117cb27,multiscale_equal,1,0.3333333333333333,,15,NINO12,NINO34,0.5,block
block_NINO34_NINO12_r500_s15_n410_2117cb27,multiscale_equal,3,0.3333333333333333,,15,NINO12,NINO34,0.5,block
block_NINO34_NINO12_r500_s15_n410_2117cb27,multiscale_equal,6,0.3333333333333333,,15,NINO12,NINO34,0.5,block
block_NINO34_NINO12_r500_s15_n410_2117cb27,multiscale_weighted,1,0.3724658875863581,0.9456416686131927,15,NINO12,NINO34,0.5,block
block_NINO34_NINO12_r500_s15_n410_2117cb27,multiscale_weighted,3,0.3279928962799444,1.073862477394369,15,NINO12,NINO34,0.5,block
block_NINO34_NINO12_r500_s15_n410_2117cb27,multiscale_weighted,6,0.29954121613369744,1.1758624378277303,15,NINO12,NINO34,0.5,block
block_NINO34_NINO12_r500_s16_n410_43314952,multiscale_equal,1,0.3333333333333333,,16,NINO12,NINO34,0.5,block
block_NINO34_NINO12_r500_s16_n410_43314952,multiscale_equal,3,0.3333333333333333,,16,NINO12,NINO34,0.5,block
block_NINO34_NINO12_r500_s16_n410_43314952,multiscale_equal,6,0.3333333333333333,,16,NINO12,NINO34,0.5,block
block_NINO34_NINO12_r500_s16_n410_43314952,multiscale_weighted,1,0.38579507647725025,0.9569557328459785,16,NINO12,NINO34,0.5,block
block_NINO34_NINO12_r500_s16_n410_43314952,multiscale_weighted,3,0.36821729991737767,1.0026384162441286,16,NINO12,NINO34,0.5,block
block_NINO34_NINO12_r500_s16_n410_43314952,multiscale_weighted,6,0.24598762360537205,1.5008430383119271,16,NINO12,NINO34,0.5,block
block_NINO34_NINO12_r500_s17_n410_8412fc6f,multiscale_equal,1,0.3333333333333333,,17,NINO12,NINO34,0.5,block
block_NINO34_NINO12_r500_s17_n410_8412fc6f,multiscale_equal,3,0.3333333333333333,,17,NINO12,NINO34,0.5,block
block_NINO34_NINO12_r500_s17_n410_8412fc6f,multiscale_equal,6,0.3333333333333333,,17,NINO12,NINO34,0.5,block
block_NINO34_NINO12_r500_s17_n410_8412fc6f,multiscale_weighted,1,0.3683167334028646,0.949377089292366,17,NINO12,NINO34,0.5,block
block_NINO34_NINO12_r500_s17_n410_8412fc6f,multiscale_weighted,3,0.33833157666933394,1.0335170965128826,17,NINO12,NINO34,0.5,block
block_NINO34_NINO12_r500_s17_n410_8412fc6f,multiscale_weighted,6,0.29335168992780153,1.1919872341194206,17,NINO12,NINO34,0.5,block
block_NINO34_NINO12_r500_s18_n410_15868dd5,multiscale_equal,1,0.3333333333333333,,18,NINO12,NINO34,0.5,block
block_NINO34_NINO12_r500_s18_n410_15868dd5,multiscale_equal,3,0.3333333333333333,,18,NINO12,NINO34,0.5,block
block_NINO34_NINO12_r500_s18_n410_15868dd5,multiscale_equal,6,0.3333333333333333,,18,NINO12,NINO34,0.5,block
block_NINO34_NINO12_r500_s18_n410_15868dd5,multiscale_weighted,1,0.48356560364477297,0.5685427532831705,18,NINO12,NINO34,0.5,block
block_NINO34_NINO12_r500_s18_n410_15868dd5,multiscale_weighted,3,0.26882361928237924,1.0227067204600946,18,NINO12,NINO34,0.5,block
block_NINO34_NINO12_r500_s18_n410_15868dd5,multiscale_weighted,6,0.24761077707284773,1.11032211740789,18,NINO12,NINO34,0.5,block
block_NINO34_NINO12_r500_s19_n410_bca64673,multiscale_equal,1,0.3333333333333333,,19,NINO12,NINO34,0.5,block
block_NINO34_NINO12_r500_s19_n410_bca64673,multiscale_equal,3,0.3333333333333333,,19,NINO12,NINO34,0.5,block
block_NINO34_NINO12_r500_s19_n410_bca64673,multiscale_equal,6,0.3333333333333333,,19,NINO12,NINO34,0.5,block
block_NINO34_NINO12_r500_s19_n410_bca64673,multiscale_weighted,1,0.43851753637467733,0.4988028832276705,19,NINO12,NINO34,0.5,block
block_NINO34_NINO12_r500_s19_n410_bca64673,multiscale_weighted,3,0.33603678854906976,0.6509222205784465,19,NINO12,NINO34,0.5,block
block_NINO34_NINO12_r500_s19_n410_bca64673,multiscale_weighted,6,0.22544567507625285,0.9702284761994527,19,NINO12,NINO34,0.5,block
block_NINO34_NINO12_r700_s00_n410_c82d1793,multiscale_equal,1,0.3333333333333333,,0,NINO12,NINO34,0.7,block
block_NINO34_NINO12_r700_s00_n410_c82d1793,multiscale_equal,3,0.3333333333333333,,0,NINO12,NINO34,0.7,block
block_NINO34_NINO12_r700_s00_n410_c82d1793,multiscale_equal,6,0.3333333333333333,,0,NINO12,NINO34,0.7,block
block_NINO34_NINO12_r700_s00_n410_c82d1793,multiscale_weighted,1,0.27232716540220503,2.819539396231438,0,NINO12,NINO34,0.7,block
block_NINO34_NINO12_r700_s00_n410_c82d1793,multiscale_weighted,3,0.3756630455401596,2.04395182972001,0,NINO12,NINO34,0.7,block
block_NINO34_NINO12_r700_s00_n410_c82d1793,multiscale_weighted,6,0.35200978905763536,2.18129493459542,0,NINO12,NINO34,0.7,block
block_NINO34_NINO12_r700_s01_n410_b0e6bd15,multiscale_equal,1,0.3333333333333333,,1,NINO12,NINO34,0.7,block
block_NINO34_NINO12_r700_s01_n410_b0e6bd15,multiscale_equal,3,0.3333333333333333,,1,NINO12,NINO34,0.7,block
block_NINO34_NINO12_r700_s01_n410_b0e6bd15,multiscale_equal,6,0.3333333333333333,,1,NINO12,NINO34,0.7,block
block_NINO34_NINO12_r700_s01_n410_b0e6bd15,multiscale_weighted,1,0.32611239111837426,1.9378262533987836,1,NINO12,NINO34,0.7,block
block_NINO34_NINO12_r700_s01_n410_b0e6bd15,multiscale_weighted,3,0.3397168979192973,1.8602228993988497,1,NINO12,NINO34,0.7,block
block_NINO34_NINO12_r700_s01_n410_b0e6bd15,multiscale_weighted,6,0.33417071096232837,1.8910967723727035,1,NINO12,NINO34,0.7,block
block_NINO34_NINO12_r700_s02_n410_32dc707b,multiscale_equal,1,0.3333333333333333,,2,NINO12,NINO34,0.7,block
block_NINO34_NINO12_r700_s02_n410_32dc707b,multiscale_equal,3,0.3333333333333333,,2,NINO12,NINO34,0.7,block
block_NINO34_NINO12_r700_s02_n410_32dc707b,multiscale_equal,6,0.3333333333333333,,2,NINO12,NINO34,0.7,block
block_NINO34_NINO12_r700_s02_n410_32dc707b,multiscale_weighted,1,0.45064618743447016,0.6517405199373251,2,NINO12,NINO34,0.7,block
block_NINO34_NINO12_r700_s02_n410_32dc707b,multiscale_weighted,3,0.320073446894438,0.9176155820982859,2,NINO12,NINO34,0.7,block
block_NINO34_NINO12_r700_s02_n410_32dc707b,multiscale_weighted,6,0.22928036567109172,1.280983579489033,2,NINO12,NINO34,0.7,block
block_NINO34_NINO12_r700_s03_n410_78d17181,multiscale_equal,1,0.3333333333333333,,3,NINO12,NINO34,0.7,block
block_NINO34_NINO12_r700_s03_n410_78d17181,multiscale_equal,3,0.3333333333333333,,3,NINO12,NINO34,0.7,block
block_NINO34_NINO12_r700_s03_n410_78d17181,multiscale_equal,6,0.3333333333333333,,3,NINO12,NINO34,0.7,block
block_NINO34_NINO12_r700_s03_n410_78d17181,multiscale_weighted,1,0.392255053613133,0.862868366998941,3,NINO12,NINO34,0.7,block
block_NINO34_NINO12_r700_s03_n410_78d17181,multiscale_weighted,3,0.315788915049984,1.0718060776808653,3,NINO12,NINO34,0.7,block
block_NINO34_NINO12_r700_s03_n410_78d17181,multiscale_weighted,6,0.29195603133688297,1.1592994915431185,3,NINO12,NINO34,0.7,block
block_NINO34_NINO12_r700_s04_n410_3e4fe68b,multiscale_equal,1,0.3333333333333333,,4,NINO12,NINO34,0.7,block
block_NINO34_NINO12_r700_s04_n410_3e4fe68b,multiscale_equal,3,0.3333333333333333,,4,NINO12,NINO34,0.7,block
block_NINO34_NINO12_r700_s04_n410_3e4fe68b,multiscale_equal,6,0.3333333333333333,,4,NINO12,NINO34,0.7,block
block_NINO34_NINO12_r700_s04_n410_3e4fe68b,multiscale_weighted,1,0.4659541129184007,0.7411989314039296,4,NINO12,NINO34,0.7,block
block_NINO34_NINO12_r700_s04_n410_3e4fe68b,multiscale_weighted,3,0.25461516204568513,1.3564184108016866,4,NINO12,NINO34,0.7,block
block_NINO34_NINO12_r700_s04_n410_3e4fe68b,multiscale_weighted,6,0.27943072503591426,1.2359581899389567,4,NINO12,NINO34,0.7,block
block_NINO34_NINO12_r700_s05_n410_83958059,multiscale_equal,1,0.3333333333333333,,5,NINO12,NINO34,0.7,block
block_NINO34_NINO12_r700_s05_n410_83958059,multiscale_equal,3,0.3333333333333333,,5,NINO12,NINO34,0.7,block
block_NINO34_NINO12_r700_s05_n410_83958059,multiscale_equal,6,0.3333333333333333,,5,NINO12,NINO34,0.7,block
block_NINO34_NINO12_r700_s05_n410_83958059,multiscale_weighted,1,0.2806381117949596,1.098162906043535,5,NINO12,NINO34,0.7,block
block_NINO34_NINO12_r700_s05_n410_83958059,multiscale_weighted,3,0.373637445105592,0.8248272955620304,5,NINO12,NINO34,0.7,block
block_NINO34_NINO12_r700_s05_n410_83958059,multiscale_weighted,6,0.3457244430994483,0.8914219686430993,5,NINO12,NINO34,0.7,block
block_NINO34_NINO12_r700_s06_n410_ae45adb0,multiscale_equal,1,0.3333333333333333,,6,NINO12,NINO34,0.7,block
block_NINO34_NINO12_r700_s06_n410_ae45adb0,multiscale_equal,3,0.3333333333333333,,6,NINO12,NINO34,0.7,block
block_NINO34_NINO12_r700_s06_n410_ae45adb0,multiscale_equal,6,0.3333333333333333,,6,NINO12,NINO34,0.7,block
block_NINO34_NINO12_r700_s06_n410_ae45adb0,multiscale_weighted,1,0.4216317170869873,0.789554699716531,6,NINO12,NINO34,0.7,block
block_NINO34_NINO12_r700_s06_n410_ae45adb0,multiscale_weighted,3,0.31533677330982973,1.0557008678253257,6,NINO12,NINO34,0.7,block
block_NINO34_NINO12_r700_s06_n410_ae45adb0,multiscale_weighted,6,0.263031509603183,1.2656327999009136,6,NINO12,NINO34,0.7,block
block_NINO34_NINO12_r700_s07_n410_e8484d24,multiscale_equal,1,0.3333333333333333,,7,NINO12,NINO34,0.7,block
block_NINO34_NINO12_r700_s07_n410_e8484d24,multiscale_equal,3,0.3333333333333333,,7,NINO12,NINO34,0.7,block
block_NINO34_NINO12_r700_s07_n410_e8484d24,multiscale_equal,6,0.3333333333333333,,7,NINO12,NINO34,0.7,block
block_NINO34_NINO12_r700_s07_n410_e8484d24,multiscale_weighted,1,0.3261209375275474,1.0934132522709648,7,NINO12,NINO34,0.7,block
block_NINO34_NINO12_r700_s07_n410_e8484d24,multiscale_weighted,3,0.29671301886914825,1.2017839884967616,7,NINO12,NINO34,0.7,block
block_NINO34_NINO12_r700_s07_n410_e8484d24,multiscale_weighted,6,0.3771660436033043,0.9454322848733318,7,NINO12,NINO34,0.7,block
block_NINO34_NINO12_r700_s08_n410_c5e4ade6,multiscale_equal,1,0.3333333333333333,,8,NINO12,NINO34,0.7,block
block_NINO34_NINO12_r700_s08_n410_c5e4ade6,multiscale_equal,3,0.3333333333333333,,8,NINO12,NINO34,0.7,block
block_NINO34_NINO12_r700_s08_n410_c5e4ade6,multiscale_equal,6,0.3333333333333333,,8,NINO12,NINO34,0.7,block
block_NINO34_NINO12_r700_s08_n410_c5e4ade6,multiscale_weighted,1,0.3747123364295501,0.8820289706633926,8,NINO12,NINO34,0.7,block
block_NINO34_NINO12_r700_s08_n410_c5e4ade6,multiscale_weighted,3,0.28786512024969596,1.1481319346165972,8,NINO12,NINO34,0.7,block
block_NINO34_NINO12_r700_s08_n410_c5e4ade6,multiscale_weighted,6,0.3374225433207541,0.9795052031298239,8,NINO12,NINO34,0.7,block
block_NINO34_NINO12_r700_s09_n410_ad25c121,multiscale_equal,1,0.3333333333333333,,9,NINO12,NINO34,0.7,block
block_NINO34_NINO12_r700_s09_n410_ad25c121,multiscale_equal,3,0.3333333333333333,,9,NINO12,NINO34,0.7,block
block_NINO34_NINO12_r700_s09_n410_ad25c121,multiscale_equal,6,0.3333333333333333,,9,NINO12,NINO34,0.7,block
block_NINO34_NINO12_r700_s09_n410_ad25c121,multiscale_weighted,1,0.41819789842624977,0.7761606152848153,9,NINO12,NINO34,0.7,block
block_NINO34_NINO12_r700_s09_n410_ad25c121,multiscale_weighted,3,0.31376401485400146,1.0344995728043587,9,NINO12,NINO34,0.7,block
block_NINO34_NINO12_r700_s09_n410_ad25c121,multiscale_weighted,6,0.2680380867197487,1.2109799163783683,9,NINO12,NINO34,0.7,block
block_NINO34_NINO12_r700_s10_n410_f2666cb3,multiscale_equal,1,0.3333333333333333,,10,NINO12,NINO34,0.7,block
block_NINO34_NINO12_r700_s10_n410_f2666cb3,multiscale_equal,3,0.3333333333333333,,10,NINO12,NINO34,0.7,block
block_NINO34_NINO12_r700_s10_n410_f2666cb3,multiscale_equal,6,0.3333333333333333,,10,NINO12,NINO34,0.7,block
block_NINO34_NINO12_r700_s10_n410_f2666cb3,multiscale_weighted,1,0.2971171699827415,1.158539274594608,10,NINO12,NINO34,0.7,block
block_NINO34_NINO12_r700_s10_n410_f2666cb3,multiscale_weighted,3,0.374438446636491,0.9193017245892596,10,NINO12,NINO34,0.7,block
block_NINO34_NINO12_r700_s10_n410_f2666cb3,multiscale_weighted,6,0.3284443833807675,1.0480371340180774,10,NINO12,NINO34,0.7,block
block_NINO34_NINO12_r700_s11_n410_d7b535ec,multiscale_equal,1,0.3333333333333333,,11,NINO12,NINO34,0.7,block
block_NINO34_NINO12_r700_s11_n410_d7b535ec,multiscale_equal,3,0.3333333333333333,,11,NINO12,NINO34,0.7,block
block_NINO34_NINO12_r700_s11_n410_d7b535ec,multiscale_equal,6,0.3333333333333333,,11,NINO12,NINO34,0.7,block
block_NINO34_NINO12_r700_s11_n410_d7b535ec,multiscale_weighted,1,0.2856055257996129,1.2210251588341903,11,NINO12,NINO34,0.7,block
block_NINO34_NINO12_r700_s11_n410_d7b535ec,multiscale_weighted,3,0.3804288730977519,0.9166799788797025,11,NINO12,NINO34,0.7,block
block_NINO34_NINO12_r700_s11_n410_d7b535ec,multiscale_weighted,6,0.3339656011026353,1.0442139273238835,11,NINO12,NINO34,0.7,block
block_NINO34_NINO12_r700_s12_n410_e2be647f,multiscale_equal,1,0.3333333333333333,,12,NINO12,NINO34,0.7,block
block_NINO34_NINO12_r700_s12_n410_e2be647f,multiscale_equal,3,0.3333333333333333,,12,NINO12,NINO34,0.7,block
block_NINO34_NINO12_r700_s12_n410_e2be647f,multiscale_equal,6,0.3333333333333333,,12,NINO12,NINO34,0.7,block
block_NINO34_NINO12_r700_s12_n410_e2be647f,multiscale_weighted,1,0.36242121767234486,0.8289733734106378,12,NINO12,NINO34,0.7,block
block_NINO34_NINO12_r700_s12_n410_e2be647f,multiscale_weighted,3,0.32407481126358956,0.9270622997389533,12,NINO12,NINO34,0.7,block
block_NINO34_NINO12_r700_s12_n410_e2be647f,multiscale_weighted,6,0.3135039710640655,0.9583213217691036,12,NINO12,NINO34,0.7,block
block_NINO34_NINO12_r700_s13_n410_0a82314a,multiscale_equal,1,0.3333333333333333,,13,NINO12,NINO34,0.7,block
block_NINO34_NINO12_r700_s13_n410_0a82314a,multiscale_equal,3,0.3333333333333333,,13,NINO12,NINO34,0.7,block
block_NINO34_NINO12_r700_s13_n410_0a82314a,multiscale_equal,6,0.3333333333333333,,13,NINO12,NINO34,0.7,block
block_NINO34_NINO12_r700_s13_n410_0a82314a,multiscale_weighted,1,0.3101101322599538,2.594837126384125,13,NINO12,NINO34,0.7,block
block_NINO34_NINO12_r700_s13_n410_0a82314a,multiscale_weighted,3,0.35887867020817193,2.2422209794636427,13,NINO12,NINO34,0.7,block
block_NINO34_NINO12_r700_s13_n410_0a82314a,multiscale_weighted,6,0.3310111975318743,2.430991126624076,13,NINO12,NINO34,0.7,block
block_NINO34_NINO12_r700_s14_n410_955aa495,multiscale_equal,1,0.3333333333333333,,14,NINO12,NINO34,0.7,block
block_NINO34_NINO12_r700_s14_n410_955aa495,multiscale_equal,3,0.3333333333333333,,14,NINO12,NINO34,0.7,block
block_NINO34_NINO12_r700_s14_n410_955aa495,multiscale_equal,6,0.3333333333333333,,14,NINO12,NINO34,0.7,block
block_NINO34_NINO12_r700_s14_n410_955aa495,multiscale_weighted,1,0.3815801135651484,1.6229093640522971,14,NINO12,NINO34,0.7,block
block_NINO34_NINO12_r700_s14_n410_955aa495,multiscale_weighted,3,0.2986982303392223,2.0732293602528755,14,NINO12,NINO34,0.7,block
block_NINO34_NINO12_r700_s14_n410_955aa495,multiscale_weighted,6,0.3197216560956292,1.9369033307380634,14,NINO12,NINO34,0.7,block
block_NINO34_NINO12_r700_s15_n410_b4d0d1ea,multiscale_equal,1,0.3333333333333333,,15,NINO12,NINO34,0.7,block
block_NINO34_NINO12_r700_s15_n410_b4d0d1ea,multiscale_equal,3,0.3333333333333333,,15,NINO12,NINO34,0.7,block
block_NINO34_NINO12_r700_s15_n410_b4d0d1ea,multiscale_equal,6,0.3333333333333333,,15,NINO12,NINO34,0.7,block
block_NINO34_NINO12_r700_s15_n410_b4d0d1ea,multiscale_weighted,1,0.2953570423900125,1.1229770423676402,15,NINO12,NINO34,0.7,block
block_NINO34_NINO12_r700_s15_n410_b4d0d1ea,multiscale_weighted,3,0.37965035484949516,0.8736437954249852,15,NINO12,NINO34,0.7,block
block_NINO34_NINO12_r700_s15_n410_b4d0d1ea,multiscale_weighted,6,0.3249926027604923,1.0205745446223558,15,NINO12,NINO34,0.7,block
block_NINO34_NINO12_r700_s16_n410_66dc3a4d,multiscale_equal,1,0.3333333333333333,,16,NINO12,NINO34,0.7,block
block_NINO34_NINO12_r700_s16_n410_66dc3a4d,multiscale_equal,3,0.3333333333333333,,16,NINO12,NINO34,0.7,block
block_NINO34_NINO12_r700_s16_n410_66dc3a4d,multiscale_equal,6,0.3333333333333333,,16,NINO12,NINO34,0.7,block
block_NINO34_NINO12_r700_s16_n410_66dc3a4d,multiscale_weighted,1,0.2812907166728006,1.1962223259040528,16,NINO12,NINO34,0.7,block
block_NINO34_NINO12_r700_s16_n410_66dc3a4d,multiscale_weighted,3,0.3781466002616911,0.8898301187581326,16,NINO12,NINO34,0.7,block
block_NINO34_NINO12_r700_s16_n410_66dc3a4d,multiscale_weighted,6,0.34056268306550824,0.9880302551951449,16,NINO12,NINO34,0.7,block
block_NINO34_NINO12_r700_s17_n410_c1a18ccf,multiscale_equal,1,0.3333333333333333,,17,NINO12,NINO34,0.7,block
block_NINO34_NINO12_r700_s17_n410_c1a18ccf,multiscale_equal,3,0.3333333333333333,,17,NINO12,NINO34,0.7,block
block_NINO34_NINO12_r700_s17_n410_c1a18ccf,multiscale_equal,6,0.3333333333333333,,17,NINO12,NINO34,0.7,block
block_NINO34_NINO12_r700_s17_n410_c1a18ccf,multiscale_weighted,1,0.32731036549200127,1.0526209565194233,17,NINO12,NINO34,0.7,block
block_NINO34_NINO12_r700_s17_n410_c1a18ccf,multiscale_weighted,3,0.3917305492724069,0.8795171833234294,17,NINO12,NINO34,0.7,block
block_NINO34_NINO12_r700_s17_n410_c1a18ccf,multiscale_weighted,6,0.2809590852355919,1.2262773072703979,17,NINO12,NINO34,0.7,block
block_NINO34_NINO12_r700_s18_n410_9373e910,multiscale_equal,1,0.3333333333333333,,18,NINO12,NINO34,0.7,block
block_NINO34_NINO12_r700_s18_n410_9373e910,multiscale_equal,3,0.3333333333333333,,18,NINO12,NINO34,0.7,block
block_NINO34_NINO12_r700_s18_n410_9373e910,multiscale_equal,6,0.3333333333333333,,18,NINO12,NINO34,0.7,block
block_NINO34_NINO12_r700_s18_n410_9373e910,multiscale_weighted,1,0.313863976541001,1.1567876569363538,18,NINO12,NINO34,0.7,block
block_NINO34_NINO12_r700_s18_n410_9373e910,multiscale_weighted,3,0.4126131005231343,0.8799380642416196,18,NINO12,NINO34,0.7,block
block_NINO34_NINO12_r700_s18_n410_9373e910,multiscale_weighted,6,0.27352292293586455,1.3273987077843845,18,NINO12,NINO34,0.7,block
block_NINO34_NINO12_r700_s19_n410_f36905df,multiscale_equal,1,0.3333333333333333,,19,NINO12,NINO34,0.7,block
block_NINO34_NINO12_r700_s19_n410_f36905df,multiscale_equal,3,0.3333333333333333,,19,NINO12,NINO34,0.7,block
block_NINO34_NINO12_r700_s19_n410_f36905df,multiscale_equal,6,0.3333333333333333,,19,NINO12,NINO34,0.7,block
block_NINO34_NINO12_r700_s19_n410_f36905df,multiscale_weighted,1,0.2833181520495132,1.2348244011463136,19,NINO12,NINO34,0.7,block
block_NINO34_NINO12_r700_s19_n410_f36905df,multiscale_weighted,3,0.38164694843488045,0.9166801088907336,19,NINO12,NINO34,0.7,block
block_NINO34_NINO12_r700_s19_n410_f36905df,multiscale_weighted,6,0.33503489951560633,1.0442141022284563,19,NINO12,NINO34,0.7,block
block_NINO34_NINO12_r900_s00_n410_3b7b1f03,multiscale_equal,1,0.3333333333333333,,0,NINO12,NINO34,0.9,block
block_NINO34_NINO12_r900_s00_n410_3b7b1f03,multiscale_equal,3,0.3333333333333333,,0,NINO12,NINO34,0.9,block
block_NINO34_NINO12_r900_s00_n410_3b7b1f03,multiscale_equal,6,0.3333333333333333,,0,NINO12,NINO34,0.9,block
block_NINO34_NINO12_r900_s00_n410_3b7b1f03,multiscale_weighted,1,0.269689531676738,0.3672482722597337,0,NINO12,NINO34,0.9,block
block_NINO34_NINO12_r900_s00_n410_3b7b1f03,multiscale_weighted,3,0.33354599965556225,0.29693959459424274,0,NINO12,NINO34,0.9,block
block_NINO34_NINO12_r900_s00_n410_3b7b1f03,multiscale_weighted,6,0.3967644686676998,0.2496267209023205,0,NINO12,NINO34,0.9,block
block_NINO34_NINO12_r900_s01_n410_94c45f22,multiscale_equal,1,0.3333333333333333,,1,NINO12,NINO34,0.9,block
block_NINO34_NINO12_r900_s01_n410_94c45f22,multiscale_equal,3,0.3333333333333333,,1,NINO12,NINO34,0.9,block
block_NINO34_NINO12_r900_s01_n410_94c45f22,multiscale_equal,6,0.3333333333333333,,1,NINO12,NINO34,0.9,block
block_NINO34_NINO12_r900_s01_n410_94c45f22,multiscale_weighted,1,0.30142226990005117,2.2568778907269036,1,NINO12,NINO34,0.9,block
block_NINO34_NINO12_r900_s01_n410_94c45f22,multiscale_weighted,3,0.35901285030515473,1.8948437505389244,1,NINO12,NINO34,0.9,block
block_NINO34_NINO12_r900_s01_n410_94c45f22,multiscale_weighted,6,0.3395648797947941,2.0033675346359012,1,NINO12,NINO34,0.9,block
block_NINO34_NINO12_r900_s02_n410_faeb49c3,multiscale_equal,1,0.3333333333333333,,2,NINO12,NINO34,0.9,block
block_NINO34_NINO12_r900_s02_n410_faeb49c3,multiscale_equal,3,0.3333333333333333,,2,NINO12,NINO34,0.9,block
block_NINO34_NINO12_r900_s02_n410_faeb49c3,multiscale_equal,6,0.3333333333333333,,2,NINO12,NINO34,0.9,block
block_NINO34_NINO12_r900_s02_n410_faeb49c3,multiscale_weighted,1,0.35156961406226656,3.0009246034287216,2,NINO12,NINO34,0.9,block
block_NINO34_NINO12_r900_s02_n410_faeb49c3,multiscale_weighted,3,0.3471137756308834,3.0394469445609644,2,NINO12,NINO34,0.9,block
block_NINO34_NINO12_r900_s02_n410_faeb49c3,multiscale_weighted,6,0.30131661030685,3.5014130309594518,2,NINO12,NINO34,0.9,block
block_NINO34_NINO12_r900_s03_n410_c48311c4,multiscale_equal,1,0.3333333333333333,,3,NINO12,NINO34,0.9,block
block_NINO34_NINO12_r900_s03_n410_c48311c4,multiscale_equal,3,0.3333333333333333,,3,NINO12,NINO34,0.9,block
block_NINO34_NINO12_r900_s03_n410_c48311c4,multiscale_equal,6,0.3333333333333333,,3,NINO12,NINO34,0.9,block
block_NINO34_NINO12_r900_s03_n410_c48311c4,multiscale_weighted,1,0.31158365684016265,0.3533997770901348,3,NINO12,NINO34,0.9,block
block_NINO34_NINO12_r900_s03_n410_c48311c4,multiscale_weighted,3,0.2948021500349723,0.37351693339751724,3,NINO12,NINO34,0.9,block
block_NINO34_NINO12_r900_s03_n410_c48311c4,multiscale_weighted,6,0.3936141931248651,0.27975005976729644,3,NINO12,NINO34,0.9,block
block_NINO34_NINO12_r900_s04_n410_dfbc7326,multiscale_equal,1,0.3333333333333333,,4,NINO12,NINO34,0.9,block
block_NINO34_NINO12_r900_s04_n410_dfbc7326,multiscale_equal,3,0.3333333333333333,,4,NINO12,NINO34,0.9,block
block_NINO34_NINO12_r900_s04_n410_dfbc7326,multiscale_equal,6,0.3333333333333333,,4,NINO12,NINO34,0.9,block
block_NINO34_NINO12_r900_s04_n410_dfbc7326,multiscale_weighted,1,0.34448015462154563,3.1066944052679553,4,NINO12,NINO34,0.9,block
block_NINO34_NINO12_r900_s04_n410_dfbc7326,multiscale_weighted,3,0.3472846352767136,3.0816064412792334,4,NINO12,NINO34,0.9,block
block_NINO34_NINO12_r900_s04_n410_dfbc7326,multiscale_weighted,6,0.3082352101017407,3.472006230384754,4,NINO12,NINO34,0.9,block
block_NINO34_NINO12_r900_s05_n410_64314c6a,multiscale_equal,1,0.3333333333333333,,5,NINO12,NINO34,0.9,block
block_NINO34_NINO12_r900_s05_n410_64314c6a,multiscale_equal,3,0.3333333333333333,,5,NINO12,NINO34,0.9,block
block_NINO34_NINO12_r900_s05_n410_64314c6a,multiscale_equal,6,0.3333333333333333,,5,NINO12,NINO34,0.9,block
block_NINO34_NINO12_r900_s05_n410_64314c6a,multiscale_weighted,1,0.357174568031821,3.103488241458095,5,NINO12,NINO34,0.9,block
block_NINO34_NINO12_r900_s05_n410_64314c6a,multiscale_weighted,3,0.349367285551592,3.17284164274441,5,NINO12,NINO34,0.9,block
block_NINO34_NINO12_r900_s05_n410_64314c6a,multiscale_weighted,6,0.293458146416587,3.7773259560418473,5,NINO12,NINO34,0.9,block
block_NINO34_NINO12_r900_s06_n410_bf23617c,multiscale_equal,1,0.3333333333333333,,6,NINO12,NINO34,0.9,block
block_NINO34_NINO12_r900_s06_n410_bf23617c,multiscale_equal,3,0.3333333333333333,,6,NINO12,NINO34,0.9,block
block_NINO34_NINO12_r900_s06_n410_bf23617c,multiscale_equal,6,0.3333333333333333,,6,NINO12,NINO34,0.9,block
block_NINO34_NINO12_r900_s06_n410_bf23617c,multiscale_weighted,1,0.31825250987568077,3.621164466256567,6,NINO12,NINO34,0.9,block
block_NINO34_NINO12_r900_s06_n410_bf23617c,multiscale_weighted,3,0.36624421679395325,3.1466563188576964,6,NINO12,NINO34,0.9,block
block_NINO34_NINO12_r900_s06_n410_bf23617c,multiscale_weighted,6,0.31550327333036604,3.652718616683156,6,NINO12,NINO34,0.9,block
block_NINO34_NINO12_r900_s07_n410_a2d82ade,multiscale_equal,1,0.3333333333333333,,7,NINO12,NINO34,0.9,block
block_NINO34_NINO12_r900_s07_n410_a2d82ade,multiscale_equal,3,0.3333333333333333,,7,NINO12,NINO34,0.9,block
block_NINO34_NINO12_r900_s07_n410_a2d82ade,multiscale_equal,6,0.3333333333333333,,7,NINO12,NINO34,0.9,block
block_NINO34_NINO12_r900_s07_n410_a2d82ade,multiscale_weighted,1,0.31158364473541605,0.3533998022443813,7,NINO12,NINO34,0.9,block
block_NINO34_NINO12_r900_s07_n410_a2d82ade,multiscale_weighted,3,0.2948021592504153,0.37351693379681145,7,NINO12,NINO34,0.9,block
block_NINO34_NINO12_r900_s07_n410_a2d82ade,multiscale_weighted,6,0.3936141960141686,0.2797500667577813,7,NINO12,NINO34,0.9,block
block_NINO34_NINO12_r900_s08_n410_0497b890,multiscale_equal,1,0.3333333333333333,,8,NINO12,NINO34,0.9,block
block_NINO34_NINO12_r900_s08_n410_0497b890,multiscale_equal,3,0.3333333333333333,,8,NINO12,NINO34,0.9,block
block_NINO34_NINO12_r900_s08_n410_0497b890,multiscale_equal,6,0.3333333333333333,,8,NINO12,NINO34,0.9,block
block_NINO34_NINO12_r900_s08_n410_0497b890,multiscale_weighted,1,0.3479496525531961,2.307144077368323,8,NINO12,NINO34,0.9,block
block_NINO34_NINO12_r900_s08_n410_0497b890,multiscale_weighted,3,0.3355521418736056,2.3923852067633957,8,NINO12,NINO34,0.9,block
block_NINO34_NINO12_r900_s08_n410_0497b890,multiscale_weighted,6,0.31649820557319835,2.536412423503268,8,NINO12,NINO34,0.9,block
block_NINO34_NINO12_r900_s09_n410_ce6bad76,multiscale_equal,1,0.3333333333333333,,9,NINO12,NINO34,0.9,block
block_NINO34_NINO12_r900_s09_n410_ce6bad76,multiscale_equal,3,0.3333333333333333,,9,NINO12,NINO34,0.9,block
block_NINO34_NINO12_r900_s09_n410_ce6bad76,multiscale_equal,6,0.3333333333333333,,9,NINO12,NINO34,0.9,block
block_NINO34_NINO12_r900_s09_n410_ce6bad76,multiscale_weighted,1,0.34448016407407955,3.1066944057583283,9,NINO12,NINO34,0.9,block
block_NINO34_NINO12_r900_s09_n410_ce6bad76,multiscale_weighted,3,0.3472846383018404,3.0816064994816577,9,NINO12,NINO34,0.9,block
block_NINO34_NINO12_r900_s09_n410_ce6bad76,multiscale_weighted,6,0.30823519762408,3.4720064667548205,9,NINO12,NINO34,0.9,block
block_NINO34_NINO12_r900_s10_n410_6b23e939,multiscale_equal,1,0.3333333333333333,,10,NINO12,NINO34,0.9,block
block_NINO34_NINO12_r900_s10_n410_6b23e939,multiscale_equal,3,0.3333333333333333,,10,NINO12,NINO34,0.9,block
block_NINO34_NINO12_r900_s10_n410_6b23e939,multiscale_equal,6,0.3333333333333333,,10,NINO12,NINO34,0.9,block
block_NINO34_NINO12_r900_s10_n410_6b23e939,multiscale_weighted,1,0.3592298849690384,1.0983102160547595,10,NINO12,NINO34,0.9,block
block_NINO34_NINO12_r900_s10_n410_6b23e939,multiscale_weighted,3,0.3690524897947189,1.0690778774428598,10,NINO12,NINO34,0.9,block
block_NINO34_NINO12_r900_s10_n410_6b23e939,multiscale_weighted,6,0.27171762523624265,1.452043654842847,10,NINO12,NINO34,0.9,block
block_NINO34_NINO12_r900_s11_n410_fd3f28f2,multiscale_equal,1,0.3333333333333333,,11,NINO12,NINO34,0.9,block
block_NINO34_NINO12_r900_s11_n410_fd3f28f2,multiscale_equal,3,0.3333333333333333,,11,NINO12,NINO34,0.9,block
block_NINO34_NINO12_r900_s11_n410_fd3f28f2,multiscale_equal,6,0.3333333333333333,,11,NINO12,NINO34,0.9,block
block_NINO34_NINO12_r900_s11_n410_fd3f28f2,multiscale_weighted,1,0.3461874496673465,1.9257570989805408,11,NINO12,NINO34,0.9,block
block_NINO34_NINO12_r900_s11_n410_fd3f28f2,multiscale_weighted,3,0.3798993600884327,1.7548672315540506,11,NINO12,NINO34,0.9,block
block_NINO34_NINO12_r900_s11_n410_fd3f28f2,multiscale_weighted,6,0.27391319024422073,2.4338840315879984,11,NINO12,NINO34,0.9,block
block_NINO34_NINO12_r900_s12_n410_8413379d,multiscale_equal,1,0.3333333333333333,,12,NINO12,NINO34,0.9,block
block_NINO34_NINO12_r900_s12_n410_8413379d,multiscale_equal,3,0.3333333333333333,,12,NINO12,NINO34,0.9,block
block_NINO34_NINO12_r900_s12_n410_8413379d,multiscale_equal,6,0.3333333333333333,,12,NINO12,NINO34,0.9,block
block_NINO34_NINO12_r900_s12_n410_8413379d,multiscale_weighted,1,0.3456885315463826,3.106694469024542,12,NINO12,NINO34,0.9,block
block_NINO34_NINO12_r900_s12_n410_8413379d,multiscale_weighted,3,0.34848000653904876,3.0818085076503405,12,NINO12,NINO34,0.9,block
block_NINO34_NINO12_r900_s12_n410_8413379d,multiscale_weighted,6,0.3058314619145686,3.511570206434636,12,NINO12,NINO34,0.9,block
block_NINO34_NINO12_r900_s13_n410_b2194622,multiscale_equal,1,0.3333333333333333,,13,NINO12,NINO34,0.9,block
block_NINO34_NINO12_r900_s13_n410_b2194622,multiscale_equal,3,0.3333333333333333,,13,NINO12,NINO34,0.9,block
block_NINO34_NINO12_r900_s13_n410_b2194622,multiscale_equal,6,0.3333333333333333,,13,NINO12,NINO34,0.9,block
block_NINO34_NINO12_r900_s13_n410_b2194622,multiscale_weighted,1,0.34007237191841494,3.257606111475745,13,NINO12,NINO34,0.9,block
block_NINO34_NINO12_r900_s13_n410_b2194622,multiscale_weighted,3,0.3586655661053932,3.0887320707579784,13,NINO12,NINO34,0.9,block
block_NINO34_NINO12_r900_s13_n410_b2194622,multiscale_weighted,6,0.30126206197619193,3.6772696524472086,13,NINO12,NINO34,0.9,block
block_NINO34_NINO12_r900_s14_n410_c7dd50ce,multiscale_equal,1,0.3333333333333333,,14,NINO12,NINO34,0.9,block
block_NINO34_NINO12_r900_s14_n410_c7dd50ce,multiscale_equal,3,0.3333333333333333,,14,NINO12,NINO34,0.9,block
block_NINO34_NINO12_r900_s14_n410_c7dd50ce,multiscale_equal,6,0.3333333333333333,,14,NINO12,NINO34,0.9,block
block_NINO34_NINO12_r900_s14_n410_c7dd50ce,multiscale_weighted,1,0.35023910340310876,3.0729801246027595,14,NINO12,NINO34,0.9,block
block_NINO34_NINO12_r900_s14_n410_c7dd50ce,multiscale_weighted,3,0.34277169225297716,3.13992616108397,14,NINO12,NINO34,0.9,block
block_NINO34_NINO12_r900_s14_n410_c7dd50ce,multiscale_weighted,6,0.30698920434391413,3.5059141799071676,14,NINO12,NINO34,0.9,block
block_NINO34_NINO12_r900_s15_n410_ea941d16,multiscale_equal,1,0.3333333333333333,,15,NINO12,NINO34,0.9,block
block_NINO34_NINO12_r900_s15_n410_ea941d16,multiscale_equal,3,0.3333333333333333,,15,NINO12,NINO34,0.9,block
block_NINO34_NINO12_r900_s15_n410_ea941d16,multiscale_equal,6,0.3333333333333333,,15,NINO12,NINO34,0.9,block
block_NINO34_NINO12_r900_s15_n410_ea941d16,multiscale_weighted,1,0.3021255773901442,3.261188085801969,15,NINO12,NINO34,0.9,block
block_NINO34_NINO12_r900_s15_n410_ea941d16,multiscale_weighted,3,0.3985592394625668,2.472125179821128,15,NINO12,NINO34,0.9,block
block_NINO34_NINO12_r900_s15_n410_ea941d16,multiscale_weighted,6,0.29931518314728917,3.2918087318362828,15,NINO12,NINO34,0.9,block
block_NINO34_NINO12_r900_s16_n410_70b91522,multiscale_equal,1,0.3333333333333333,,16,NINO12,NINO34,0.9,block
block_NINO34_NINO12_r900_s16_n410_70b91522,multiscale_equal,3,0.3333333333333333,,16,NINO12,NINO34,0.9,block
block_NINO34_NINO12_r900_s16_n410_70b91522,multiscale_equal,6,0.3333333333333333,,16,NINO12,NINO34,0.9,block
block_NINO34_NINO12_r900_s16_n410_70b91522,multiscale_weighted,1,0.31784194043156266,2.0899817859416085,16,NINO12,NINO34,0.9,block
block_NINO34_NINO12_r900_s16_n410_70b91522,multiscale_weighted,3,0.35057449072692565,1.8948437018194741,16,NINO12,NINO34,0.9,block
block_NINO34_NINO12_r900_s16_n410_70b91522,multiscale_weighted,6,0.3315835688415117,2.003367864111594,16,NINO12,NINO34,0.9,block
block_NINO34_NINO12_r900_s17_n410_e35431ec,multiscale_equal,1,0.3333333333333333,,17,NINO12,NINO34,0.9,block
block_NINO34_NINO12_r900_s17_n410_e35431ec,multiscale_equal,3,0.3333333333333333,,17,NINO12,NINO34,0.9,block
block_NINO34_NINO12_r900_s17_n410_e35431ec,multiscale_equal,6,0.3333333333333333,,17,NINO12,NINO34,0.9,block
block_NINO34_NINO12_r900_s17_n410_e35431ec,multiscale_weighted,1,0.2859966681513499,2.6644606972626237,17,NINO12,NINO34,0.9,block
block_NINO34_NINO12_r900_s17_n410_e35431ec,multiscale_weighted,3,0.4341516031649342,1.7552091807508663,17,NINO12,NINO34,0.9,block
block_NINO34_NINO12_r900_s17_n410_e35431ec,multiscale_weighted,6,0.27985172868371605,2.722966499115972,17,NINO12,NINO34,0.9,block
block_NINO34_NINO12_r900_s18_n410_63c3f0ca,multiscale_equal,1,0.3333333333333333,,18,NINO12,NINO34,0.9,block
block_NINO34_NINO12_r900_s18_n410_63c3f0ca,multiscale_equal,3,0.3333333333333333,,18,NINO12,NINO34,0.9,block
block_NINO34_NINO12_r900_s18_n410_63c3f0ca,multiscale_equal,6,0.3333333333333333,,18,NINO12,NINO34,0.9,block
block_NINO34_NINO12_r900_s18_n410_63c3f0ca,multiscale_weighted,1,0.32327893693577797,3.629222661622301,18,NINO12,NINO34,0.9,block
block_NINO34_NINO12_r900_s18_n410_63c3f0ca,multiscale_weighted,3,0.366909019406787,3.197662583789191,18,NINO12,NINO34,0.9,block
block_NINO34_NINO12_r900_s18_n410_63c3f0ca,multiscale_weighted,6,0.309812043657435,3.786977518343712,18,NINO12,NINO34,0.9,block
block_NINO34_NINO12_r900_s19_n410_4072d655,multiscale_equal,1,0.3333333333333333,,19,NINO12,NINO34,0.9,block
block_NINO34_NINO12_r900_s19_n410_4072d655,multiscale_equal,3,0.3333333333333333,,19,NINO12,NINO34,0.9,block
block_NINO34_NINO12_r900_s19_n410_4072d655,multiscale_equal,6,0.3333333333333333,,19,NINO12,NINO34,0.9,block
block_NINO34_NINO12_r900_s19_n410_4072d655,multiscale_weighted,1,0.3368130425703475,2.089981497295507,19,NINO12,NINO34,0.9,block
block_NINO34_NINO12_r900_s19_n410_4072d655,multiscale_weighted,3,0.3118121293025908,2.2575549867320834,19,NINO12,NINO34,0.9,block
block_NINO34_NINO12_r900_s19_n410_4072d655,multiscale_weighted,6,0.3513748281270618,2.0033678295418995,19,NINO12,NINO34,0.9,block
reference_check_NINO3_NINO4_r100_s00_n410_b8bbb57b,multiscale_equal,1,0.3333333333333333,,0,NINO4,NINO3,0.1,reference_check
reference_check_NINO3_NINO4_r100_s00_n410_b8bbb57b,multiscale_equal,3,0.3333333333333333,,0,NINO4,NINO3,0.1,reference_check
reference_check_NINO3_NINO4_r100_s00_n410_b8bbb57b,multiscale_equal,6,0.3333333333333333,,0,NINO4,NINO3,0.1,reference_check
reference_check_NINO3_NINO4_r100_s00_n410_b8bbb57b,multiscale_weighted,1,0.34587377190900465,0.21906477568557864,0,NINO4,NINO3,0.1,reference_check
reference_check_NINO3_NINO4_r100_s00_n410_b8bbb57b,multiscale_weighted,3,0.34437572465833455,0.22001771567645778,0,NINO4,NINO3,0.1,reference_check
reference_check_NINO3_NINO4_r100_s00_n410_b8bbb57b,multiscale_weighted,6,0.3097505034326608,0.24461222751967462,0,NINO4,NINO3,0.1,reference_check
reference_check_NINO3_NINO4_r100_s01_n410_8476845d,multiscale_equal,1,0.3333333333333333,,1,NINO4,NINO3,0.1,reference_check
reference_check_NINO3_NINO4_r100_s01_n410_8476845d,multiscale_equal,3,0.3333333333333333,,1,NINO4,NINO3,0.1,reference_check
reference_check_NINO3_NINO4_r100_s01_n410_8476845d,multiscale_equal,6,0.3333333333333333,,1,NINO4,NINO3,0.1,reference_check
reference_check_NINO3_NINO4_r100_s01_n410_8476845d,multiscale_weighted,1,0.34724714238215065,0.21250362209241164,1,NINO4,NINO3,0.1,reference_check
reference_check_NINO3_NINO4_r100_s01_n410_8476845d,multiscale_weighted,3,0.34086699256761926,0.21648114129621865,1,NINO4,NINO3,0.1,reference_check
reference_check_NINO3_NINO4_r100_s01_n410_8476845d,multiscale_weighted,6,0.3118858650502301,0.2365970508447854,1,NINO4,NINO3,0.1,reference_check
reference_check_NINO3_NINO4_r100_s02_n410_133794fb,multiscale_equal,1,0.3333333333333333,,2,NINO4,NINO3,0.1,reference_check
reference_check_NINO3_NINO4_r100_s02_n410_133794fb,multiscale_equal,3,0.3333333333333333,,2,NINO4,NINO3,0.1,reference_check
reference_check_NINO3_NINO4_r100_s02_n410_133794fb,multiscale_equal,6,0.3333333333333333,,2,NINO4,NINO3,0.1,reference_check
reference_check_NINO3_NINO4_r100_s02_n410_133794fb,multiscale_weighted,1,0.3497589005486041,0.22140183484351808,2,NINO4,NINO3,0.1,reference_check
reference_check_NINO3_NINO4_r100_s02_n410_133794fb,multiscale_weighted,3,0.33311245427213654,0.23246582800388044,2,NINO4,NINO3,0.1,reference_check
reference_check_NINO3_NINO4_r100_s02_n410_133794fb,multiscale_weighted,6,0.31712864517925937,0.24418249135723158,2,NINO4,NINO3,0.1,reference_check
reference_check_NINO3_NINO4_r100_s03_n410_035f96ed,multiscale_equal,1,0.3333333333333333,,3,NINO4,NINO3,0.1,reference_check
reference_check_NINO3_NINO4_r100_s03_n410_035f96ed,multiscale_equal,3,0.3333333333333333,,3,NINO4,NINO3,0.1,reference_check
reference_check_NINO3_NINO4_r100_s03_n410_035f96ed,multiscale_equal,6,0.3333333333333333,,3,NINO4,NINO3,0.1,reference_check
reference_check_NINO3_NINO4_r100_s03_n410_035f96ed,multiscale_weighted,1,0.3480012376339056,0.22833460677896408,3,NINO4,NINO3,0.1,reference_check
reference_check_NINO3_NINO4_r100_s03_n410_035f96ed,multiscale_weighted,3,0.33663218033135955,0.23604613732770616,3,NINO4,NINO3,0.1,reference_check
reference_check_NINO3_NINO4_r100_s03_n410_035f96ed,multiscale_weighted,6,0.31536658203473483,0.25196305064220575,3,NINO4,NINO3,0.1,reference_check
reference_check_NINO3_NINO4_r100_s04_n410_7d793019,multiscale_equal,1,0.3333333333333333,,4,NINO4,NINO3,0.1,reference_check
reference_check_NINO3_NINO4_r100_s04_n410_7d793019,multiscale_equal,3,0.3333333333333333,,4,NINO4,NINO3,0.1,reference_check
reference_check_NINO3_NINO4_r100_s04_n410_7d793019,multiscale_equal,6,0.3333333333333333,,4,NINO4,NINO3,0.1,reference_check
reference_check_NINO3_NINO4_r100_s04_n410_7d793019,multiscale_weighted,1,0.35401330463128444,0.21263291935797402,4,NINO4,NINO3,0.1,reference_check
reference_check_NINO3_NINO4_r100_s04_n410_7d793019,multiscale_weighted,3,0.3408211515462551,0.22086329514974154,4,NINO4,NINO3,0.1,reference_check
reference_check_NINO3_NINO4_r100_s04_n410_7d793019,multiscale_weighted,6,0.3051655438224605,0.24666901118949686,4,NINO4,NINO3,0.1,reference_check
reference_check_NINO3_NINO4_r100_s05_n410_2a839451,multiscale_equal,1,0.3333333333333333,,5,NINO4,NINO3,0.1,reference_check
reference_check_NINO3_NINO4_r100_s05_n410_2a839451,multiscale_equal,3,0.3333333333333333,,5,NINO4,NINO3,0.1,reference_check
reference_check_NINO3_NINO4_r100_s05_n410_2a839451,multiscale_equal,6,0.3333333333333333,,5,NINO4,NINO3,0.1,reference_check
reference_check_NINO3_NINO4_r100_s05_n410_2a839451,multiscale_weighted,1,0.37633602945144645,0.21857120612623665,5,NINO4,NINO3,0.1,reference_check
reference_check_NINO3_NINO4_r100_s05_n410_2a839451,multiscale_weighted,3,0.3691951953921849,0.22279872805492934,5,NINO4,NINO3,0.1,reference_check
reference_check_NINO3_NINO4_r100_s05_n410_2a839451,multiscale_weighted,6,0.2544687751563686,0.32324681499366065,5,NINO4,NINO3,0.1,reference_check
reference_check_NINO3_NINO4_r100_s06_n410_b9355f32,multiscale_equal,1,0.3333333333333333,,6,NINO4,NINO3,0.1,reference_check
reference_check_NINO3_NINO4_r100_s06_n410_b9355f32,multiscale_equal,3,0.3333333333333333,,6,NINO4,NINO3,0.1,reference_check
reference_check_NINO3_NINO4_r100_s06_n410_b9355f32,multiscale_equal,6,0.3333333333333333,,6,NINO4,NINO3,0.1,reference_check
reference_check_NINO3_NINO4_r100_s06_n410_b9355f32,multiscale_weighted,1,0.345361257111429,0.22444789677265942,6,NINO4,NINO3,0.1,reference_check
reference_check_NINO3_NINO4_r100_s06_n410_b9355f32,multiscale_weighted,3,0.3359149516510699,0.23075962382408013,6,NINO4,NINO3,0.1,reference_check
reference_check_NINO3_NINO4_r100_s06_n410_b9355f32,multiscale_weighted,6,0.31872379123750094,0.24320621862217637,6,NINO4,NINO3,0.1,reference_check
reference_check_NINO3_NINO4_r100_s07_n410_9a7ea1f1,multiscale_equal,1,0.3333333333333333,,7,NINO4,NINO3,0.1,reference_check
reference_check_NINO3_NINO4_r100_s07_n410_9a7ea1f1,multiscale_equal,3,0.3333333333333333,,7,NINO4,NINO3,0.1,reference_check
reference_check_NINO3_NINO4_r100_s07_n410_9a7ea1f1,multiscale_equal,6,0.3333333333333333,,7,NINO4,NINO3,0.1,reference_check
reference_check_NINO3_NINO4_r100_s07_n410_9a7ea1f1,multiscale_weighted,1,0.3484207787262655,0.21621146372983743,7,NINO4,NINO3,0.1,reference_check
reference_check_NINO3_NINO4_r100_s07_n410_9a7ea1f1,multiscale_weighted,3,0.34340278630026816,0.2193708659853607,7,NINO4,NINO3,0.1,reference_check
reference_check_NINO3_NINO4_r100_s07_n410_9a7ea1f1,multiscale_weighted,6,0.3081764349734663,0.24444622760083898,7,NINO4,NINO3,0.1,reference_check
reference_check_NINO3_NINO4_r100_s08_n410_07b6b477,multiscale_equal,1,0.3333333333333333,,8,NINO4,NINO3,0.1,reference_check
reference_check_NINO3_NINO4_r100_s08_n410_07b6b477,multiscale_equal,3,0.3333333333333333,,8,NINO4,NINO3,0.1,reference_check
reference_check_NINO3_NINO4_r100_s08_n410_07b6b477,multiscale_equal,6,0.3333333333333333,,8,NINO4,NINO3,0.1,reference_check
reference_check_NINO3_NINO4_r100_s08_n410_07b6b477,multiscale_weighted,1,0.34257467677554987,0.2079907488824024,8,NINO4,NINO3,0.1,reference_check
reference_check_NINO3_NINO4_r100_s08_n410_07b6b477,multiscale_weighted,3,0.33952178277005884,0.20986094918533743,8,NINO4,NINO3,0.1,reference_check
reference_check_NINO3_NINO4_r100_s08_n410_07b6b477,multiscale_weighted,6,0.31790354045439123,0.22413202355519948,8,NINO4,NINO3,0.1,reference_check
reference_check_NINO3_NINO4_r100_s09_n410_1c955a6c,multiscale_equal,1,0.3333333333333333,,9,NINO4,NINO3,0.1,reference_check
reference_check_NINO3_NINO4_r100_s09_n410_1c955a6c,multiscale_equal,3,0.3333333333333333,,9,NINO4,NINO3,0.1,reference_check
reference_check_NINO3_NINO4_r100_s09_n410_1c955a6c,multiscale_equal,6,0.3333333333333333,,9,NINO4,NINO3,0.1,reference_check
reference_check_NINO3_NINO4_r100_s09_n410_1c955a6c,multiscale_weighted,1,0.34947544736018377,0.2243026345236607,9,NINO4,NINO3,0.1,reference_check
reference_check_NINO3_NINO4_r100_s09_n410_1c955a6c,multiscale_weighted,3,0.344131716374388,0.2277856409851547,9,NINO4,NINO3,0.1,reference_check
reference_check_NINO3_NINO4_r100_s09_n410_1c955a6c,multiscale_weighted,6,0.30639283626542835,0.25584235235559627,9,NINO4,NINO3,0.1,reference_check
reference_check_NINO3_NINO4_r100_s10_n410_58f0553a,multiscale_equal,1,0.3333333333333333,,10,NINO4,NINO3,0.1,reference_check
reference_check_NINO3_NINO4_r100_s10_n410_58f0553a,multiscale_equal,3,0.3333333333333333,,10,NINO4,NINO3,0.1,reference_check
reference_check_NINO3_NINO4_r100_s10_n410_58f0553a,multiscale_equal,6,0.3333333333333333,,10,NINO4,NINO3,0.1,reference_check
reference_check_NINO3_NINO4_r100_s10_n410_58f0553a,multiscale_weighted,1,0.341266525079954,0.21266135950045073,10,NINO4,NINO3,0.1,reference_check
reference_check_NINO3_NINO4_r100_s10_n410_58f0553a,multiscale_weighted,3,0.3368911650038849,0.21542329024394088,10,NINO4,NINO3,0.1,reference_check
reference_check_NINO3_NINO4_r100_s10_n410_58f0553a,multiscale_weighted,6,0.32184230991616114,0.22549615489848174,10,NINO4,NINO3,0.1,reference_check
reference_check_NINO3_NINO4_r100_s11_n410_fe9d8f65,multiscale_equal,1,0.3333333333333333,,11,NINO4,NINO3,0.1,reference_check
reference_check_NINO3_NINO4_r100_s11_n410_fe9d8f65,multiscale_equal,3,0.3333333333333333,,11,NINO4,NINO3,0.1,reference_check
reference_check_NINO3_NINO4_r100_s11_n410_fe9d8f65,multiscale_equal,6,0.3333333333333333,,11,NINO4,NINO3,0.1,reference_check
reference_check_NINO3_NINO4_r100_s11_n410_fe9d8f65,multiscale_weighted,1,0.34958412490273494,0.20825275637312024,11,NINO4,NINO3,0.1,reference_check
reference_check_NINO3_NINO4_r100_s11_n410_fe9d8f65,multiscale_weighted,3,0.3423920792913516,0.21262716654508493,11,NINO4,NINO3,0.1,reference_check
reference_check_NINO3_NINO4_r100_s11_n410_fe9d8f65,multiscale_weighted,6,0.30802379580591344,0.23635140856700443,11,NINO4,NINO3,0.1,reference_check
reference_check_NINO3_NINO4_r100_s12_n410_a139ed42,multiscale_equal,1,0.3333333333333333,,12,NINO4,NINO3,0.1,reference_check
reference_check_NINO3_NINO4_r100_s12_n410_a139ed42,multiscale_equal,3,0.3333333333333333,,12,NINO4,NINO3,0.1,reference_check
reference_check_NINO3_NINO4_r100_s12_n410_a139ed42,multiscale_equal,6,0.3333333333333333,,12,NINO4,NINO3,0.1,reference_check
reference_check_NINO3_NINO4_r100_s12_n410_a139ed42,multiscale_weighted,1,0.3541677100975412,0.21267323001799732,12,NINO4,NINO3,0.1,reference_check
reference_check_NINO3_NINO4_r100_s12_n410_a139ed42,multiscale_weighted,3,0.3399871269987306,0.22154365572967363,12,NINO4,NINO3,0.1,reference_check
reference_check_NINO3_NINO4_r100_s12_n410_a139ed42,multiscale_weighted,6,0.30584516290372826,0.2462749145437901,12,NINO4,NINO3,0.1,reference_check
reference_check_NINO3_NINO4_r100_s13_n410_1160b779,multiscale_equal,1,0.3333333333333333,,13,NINO4,NINO3,0.1,reference_check
reference_check_NINO3_NINO4_r100_s13_n410_1160b779,multiscale_equal,3,0.3333333333333333,,13,NINO4,NINO3,0.1,reference_check
reference_check_NINO3_NINO4_r100_s13_n410_1160b779,multiscale_equal,6,0.3333333333333333,,13,NINO4,NINO3,0.1,reference_check
reference_check_NINO3_NINO4_r100_s13_n410_1160b779,multiscale_weighted,1,0.3426862002406973,0.2160144130153695,13,NINO4,NINO3,0.1,reference_check
reference_check_NINO3_NINO4_r100_s13_n410_1160b779,multiscale_weighted,3,0.34149170357561226,0.21677000533342705,13,NINO4,NINO3,0.1,reference_check
reference_check_NINO3_NINO4_r100_s13_n410_1160b779,multiscale_weighted,6,0.3158220961836904,0.2343887889941927,13,NINO4,NINO3,0.1,reference_check
reference_check_NINO3_NINO4_r100_s14_n410_4c3c7366,multiscale_equal,1,0.3333333333333333,,14,NINO4,NINO3,0.1,reference_check
reference_check_NINO3_NINO4_r100_s14_n410_4c3c7366,multiscale_equal,3,0.3333333333333333,,14,NINO4,NINO3,0.1,reference_check
reference_check_NINO3_NINO4_r100_s14_n410_4c3c7366,multiscale_equal,6,0.3333333333333333,,14,NINO4,NINO3,0.1,reference_check
reference_check_NINO3_NINO4_r100_s14_n410_4c3c7366,multiscale_weighted,1,0.34281189383064514,0.2182449617766338,14,NINO4,NINO3,0.1,reference_check
reference_check_NINO3_NINO4_r100_s14_n410_4c3c7366,multiscale_weighted,3,0.3439563731848562,0.21751877414403975,14,NINO4,NINO3,0.1,reference_check
reference_check_NINO3_NINO4_r100_s14_n410_4c3c7366,multiscale_weighted,6,0.3132317329844986,0.23885501078892535,14,NINO4,NINO3,0.1,reference_check
reference_check_NINO3_NINO4_r100_s15_n410_ccfbc660,multiscale_equal,1,0.3333333333333333,,15,NINO4,NINO3,0.1,reference_check
reference_check_NINO3_NINO4_r100_s15_n410_ccfbc660,multiscale_equal,3,0.3333333333333333,,15,NINO4,NINO3,0.1,reference_check
reference_check_NINO3_NINO4_r100_s15_n410_ccfbc660,multiscale_equal,6,0.3333333333333333,,15,NINO4,NINO3,0.1,reference_check
reference_check_NINO3_NINO4_r100_s15_n410_ccfbc660,multiscale_weighted,1,0.3536486201125163,0.2110593132210176,15,NINO4,NINO3,0.1,reference_check
reference_check_NINO3_NINO4_r100_s15_n410_ccfbc660,multiscale_weighted,3,0.33745329385593575,0.22118863974202865,15,NINO4,NINO3,0.1,reference_check
reference_check_NINO3_NINO4_r100_s15_n410_ccfbc660,multiscale_weighted,6,0.3088980860315479,0.24163579738849686,15,NINO4,NINO3,0.1,reference_check
reference_check_NINO3_NINO4_r100_s16_n410_ec1f86df,multiscale_equal,1,0.3333333333333333,,16,NINO4,NINO3,0.1,reference_check
reference_check_NINO3_NINO4_r100_s16_n410_ec1f86df,multiscale_equal,3,0.3333333333333333,,16,NINO4,NINO3,0.1,reference_check
reference_check_NINO3_NINO4_r100_s16_n410_ec1f86df,multiscale_equal,6,0.3333333333333333,,16,NINO4,NINO3,0.1,reference_check
reference_check_NINO3_NINO4_r100_s16_n410_ec1f86df,multiscale_weighted,1,0.3459786111165011,0.2168157874865433,16,NINO4,NINO3,0.1,reference_check
reference_check_NINO3_NINO4_r100_s16_n410_ec1f86df,multiscale_weighted,3,0.3426257638405563,0.2189374909096485,16,NINO4,NINO3,0.1,reference_check
reference_check_NINO3_NINO4_r100_s16_n410_ec1f86df,multiscale_weighted,6,0.3113956250429426,0.24089492380700567,16,NINO4,NINO3,0.1,reference_check
reference_check_NINO3_NINO4_r100_s17_n410_b5bf3a95,multiscale_equal,1,0.3333333333333333,,17,NINO4,NINO3,0.1,reference_check
reference_check_NINO3_NINO4_r100_s17_n410_b5bf3a95,multiscale_equal,3,0.3333333333333333,,17,NINO4,NINO3,0.1,reference_check
reference_check_NINO3_NINO4_r100_s17_n410_b5bf3a95,multiscale_equal,6,0.3333333333333333,,17,NINO4,NINO3,0.1,reference_check
reference_check_NINO3_NINO4_r100_s17_n410_b5bf3a95,multiscale_weighted,1,0.34548238803728615,0.20714504496097969,17,NINO4,NINO3,0.1,reference_check
reference_check_NINO3_NINO4_r100_s17_n410_b5bf3a95,multiscale_weighted,3,0.33721691984084956,0.21222234317198624,17,NINO4,NINO3,0.1,reference_check
reference_check_NINO3_NINO4_r100_s17_n410_b5bf3a95,multiscale_weighted,6,0.3173006921218643,0.2255430475315244,17,NINO4,NINO3,0.1,reference_check
reference_check_NINO3_NINO4_r100_s18_n410_3c435923,multiscale_equal,1,0.3333333333333333,,18,NINO4,NINO3,0.1,reference_check
reference_check_NINO3_NINO4_r100_s18_n410_3c435923,multiscale_equal,3,0.3333333333333333,,18,NINO4,NINO3,0.1,reference_check
reference_check_NINO3_NINO4_r100_s18_n410_3c435923,multiscale_equal,6,0.3333333333333333,,18,NINO4,NINO3,0.1,reference_check
reference_check_NINO3_NINO4_r100_s18_n410_3c435923,multiscale_weighted,1,0.3474906574263591,0.22535250195277098,18,NINO4,NINO3,0.1,reference_check
reference_check_NINO3_NINO4_r100_s18_n410_3c435923,multiscale_weighted,3,0.33511206003253785,0.2336767264431662,18,NINO4,NINO3,0.1,reference_check
reference_check_NINO3_NINO4_r100_s18_n410_3c435923,multiscale_weighted,6,0.31739728254110305,0.24671883996686744,18,NINO4,NINO3,0.1,reference_check
reference_check_NINO3_NINO4_r100_s19_n410_8cd0ef68,multiscale_equal,1,0.3333333333333333,,19,NINO4,NINO3,0.1,reference_check
reference_check_NINO3_NINO4_r100_s19_n410_8cd0ef68,multiscale_equal,3,0.3333333333333333,,19,NINO4,NINO3,0.1,reference_check
reference_check_NINO3_NINO4_r100_s19_n410_8cd0ef68,multiscale_equal,6,0.3333333333333333,,19,NINO4,NINO3,0.1,reference_check
reference_check_NINO3_NINO4_r100_s19_n410_8cd0ef68,multiscale_weighted,1,0.3392063112471734,0.21649823668633086,19,NINO4,NINO3,0.1,reference_check
reference_check_NINO3_NINO4_r100_s19_n410_8cd0ef68,multiscale_weighted,3,0.33980456823544936,0.21611707174289826,19,NINO4,NINO3,0.1,reference_check
reference_check_NINO3_NINO4_r100_s19_n410_8cd0ef68,multiscale_weighted,6,0.3209891205173772,0.22878522587211492,19,NINO4,NINO3,0.1,reference_check
reference_check_NINO3_NINO4_r300_s00_n410_c9fdc98b,multiscale_equal,1,0.3333333333333333,,0,NINO4,NINO3,0.3,reference_check
reference_check_NINO3_NINO4_r300_s00_n410_c9fdc98b,multiscale_equal,3,0.3333333333333333,,0,NINO4,NINO3,0.3,reference_check
reference_check_NINO3_NINO4_r300_s00_n410_c9fdc98b,multiscale_equal,6,0.3333333333333333,,0,NINO4,NINO3,0.3,reference_check
reference_check_NINO3_NINO4_r300_s00_n410_c9fdc98b,multiscale_weighted,1,0.29456969054477605,0.28039554157510616,0,NINO4,NINO3,0.3,reference_check
reference_check_NINO3_NINO4_r300_s00_n410_c9fdc98b,multiscale_weighted,3,0.3692674652432642,0.2236753435901101,0,NINO4,NINO3,0.3,reference_check
reference_check_NINO3_NINO4_r300_s00_n410_c9fdc98b,multiscale_weighted,6,0.3361628442119596,0.2457024293972935,0,NINO4,NINO3,0.3,reference_check
reference_check_NINO3_NINO4_r300_s01_n410_b1475b0d,multiscale_equal,1,0.3333333333333333,,1,NINO4,NINO3,0.3,reference_check
reference_check_NINO3_NINO4_r300_s01_n410_b1475b0d,multiscale_equal,3,0.3333333333333333,,1,NINO4,NINO3,0.3,reference_check
reference_check_NINO3_NINO4_r300_s01_n410_b1475b0d,multiscale_equal,6,0.3333333333333333,,1,NINO4,NINO3,0.3,reference_check
reference_check_NINO3_NINO4_r300_s01_n410_b1475b0d,multiscale_weighted,1,0.34744141117266814,0.2227133889429584,1,NINO4,NINO3,0.3,reference_check
reference_check_NINO3_NINO4_r300_s01_n410_b1475b0d,multiscale_weighted,3,0.3399065976565113,0.22765034497780542,1,NINO4,NINO3,0.3,reference_check
reference_check_NINO3_NINO4_r300_s01_n410_b1475b0d,multiscale_weighted,6,0.3126519911708206,0.24749515971259464,1,NINO4,NINO3,0.3,reference_check
reference_check_NINO3_NINO4_r300_s02_n410_397ab0df,multiscale_equal,1,0.3333333333333333,,2,NINO4,NINO3,0.3,reference_check
reference_check_NINO3_NINO4_r300_s02_n410_397ab0df,multiscale_equal,3,0.3333333333333333,,2,NINO4,NINO3,0.3,reference_check
reference_check_NINO3_NINO4_r300_s02_n410_397ab0df,multiscale_equal,6,0.3333333333333333,,2,NINO4,NINO3,0.3,reference_check
reference_check_NINO3_NINO4_r300_s02_n410_397ab0df,multiscale_weighted,1,0.37668435452684323,0.22186110532643108,2,NINO4,NINO3,0.3,reference_check
reference_check_NINO3_NINO4_r300_s02_n410_397ab0df,multiscale_weighted,3,0.3642842342488396,0.2294131876193489,2,NINO4,NINO3,0.3,reference_check
reference_check_NINO3_NINO4_r300_s02_n410_397ab0df,multiscale_weighted,6,0.25903141122431717,0.3226311744819874,2,NINO4,NINO3,0.3,reference_check
reference_check_NINO3_NINO4_r300_s03_n410_8e192258,multiscale_equal,1,0.3333333333333333,,3,NINO4,NINO3,0.3,reference_check
reference_check_NINO3_NINO4_r300_s03_n410_8e192258,multiscale_equal,3,0.3333333333333333,,3,NINO4,NINO3,0.3,reference_check
reference_check_NINO3_NINO4_r300_s03_n410_8e192258,multiscale_equal,6,0.3333333333333333,,3,NINO4,NINO3,0.3,reference_check
reference_check_NINO3_NINO4_r300_s03_n410_8e192258,multiscale_weighted,1,0.3786893411765785,0.23599708460561544,3,NINO4,NINO3,0.3,reference_check
reference_check_NINO3_NINO4_r300_s03_n410_8e192258,multiscale_weighted,3,0.26924455837336597,0.33192715991463523,3,NINO4,NINO3,0.3,reference_check
reference_check_NINO3_NINO4_r300_s03_n410_8e192258,multiscale_weighted,6,0.35206610045005554,0.2538431863814285,3,NINO4,NINO3,0.3,reference_check
reference_check_NINO3_NINO4_r300_s04_n410_38f7889d,multiscale_equal,1,0.3333333333333333,,4,NINO4,NINO3,0.3,reference_check
reference_check_NINO3_NINO4_r300_s04_n410_38f7889d,multiscale_equal,3,0.3333333333333333,,4,NINO4,NINO3,0.3,reference_check
reference_check_NINO3_NINO4_r300_s04_n410_38f7889d,multiscale_equal,6,0.3333333333333333,,4,NINO4,NINO3,0.3,reference_check
reference_check_NINO3_NINO4_r300_s04_n410_38f7889d,multiscale_weighted,1,0.34792305205530627,0.2275616989716649,4,NINO4,NINO3,0.3,reference_check
reference_check_NINO3_NINO4_r300_s04_n410_38f7889d,multiscale_weighted,3,0.3349099193864984,0.23640375033465091,4,NINO4,NINO3,0.3,reference_check
reference_check_NINO3_NINO4_r300_s04_n410_38f7889d,multiscale_weighted,6,0.31716702855819534,0.2496285994940534,4,NINO4,NINO3,0.3,reference_check
reference_check_NINO3_NINO4_r300_s05_n410_f5ae6b66,multiscale_equal,1,0.3333333333333333,,5,NINO4,NINO3,0.3,reference_check
reference_check_NINO3_NINO4_r300_s05_n410_f5ae6b66,multiscale_equal,3,0.3333333333333333,,5,NINO4,NINO3,0.3,reference_check
reference_check_NINO3_NINO4_r300_s05_n410_f5ae6b66,multiscale_equal,6,0.3333333333333333,,5,NINO4,NINO3,0.3,reference_check
reference_check_NINO3_NINO4_r300_s05_n410_f5ae6b66,multiscale_weighted,1,0.3409576845131492,0.22309506724606973,5,NINO4,NINO3,0.3,reference_check
reference_check_NINO3_NINO4_r300_s05_n410_f5ae6b66,multiscale_weighted,3,0.3475956992555335,0.21883463360179697,5,NINO4,NINO3,0.3,reference_check
reference_check_NINO3_NINO4_r300_s05_n410_f5ae6b66,multiscale_weighted,6,0.3114466162313173,0.2442344012918743,5,NINO4,NINO3,0.3,reference_check
reference_check_NINO3_NINO4_r300_s06_n410_4bb2df25,multiscale_equal,1,0.3333333333333333,,6,NINO4,NINO3,0.3,reference_check
reference_check_NINO3_NINO4_r300_s06_n410_4bb2df25,multiscale_equal,3,0.3333333333333333,,6,NINO4,NINO3,0.3,reference_check
reference_check_NINO3_NINO4_r300_s06_n410_4bb2df25,multiscale_equal,6,0.3333333333333333,,6,NINO4,NINO3,0.3,reference_check
reference_check_NINO3_NINO4_r300_s06_n410_4bb2df25,multiscale_weighted,1,0.34896439210403146,0.24059034347179648,6,NINO4,NINO3,0.3,reference_check
reference_check_NINO3_NINO4_r300_s06_n410_4bb2df25,multiscale_weighted,3,0.34093454779573157,0.2462568360374453,6,NINO4,NINO3,0.3,reference_check
reference_check_NINO3_NINO4_r300_s06_n410_4bb2df25,multiscale_weighted,6,0.3101010601002368,0.2707422648514345,6,NINO4,NINO3,0.3,reference_check
reference_check_NINO3_NINO4_r300_s07_n410_d4ba9896,multiscale_equal,1,0.3333333333333333,,7,NINO4,NINO3,0.3,reference_check
reference_check_NINO3_NINO4_r300_s07_n410_d4ba9896,multiscale_equal,3,0.3333333333333333,,7,NINO4,NINO3,0.3,reference_check
reference_check_NINO3_NINO4_r300_s07_n410_d4ba9896,multiscale_equal,6,0.3333333333333333,,7,NINO4,NINO3,0.3,reference_check
reference_check_NINO3_NINO4_r300_s07_n410_d4ba9896,multiscale_weighted,1,0.34049585363539037,0.21806044609125466,7,NINO4,NINO3,0.3,reference_check
reference_check_NINO3_NINO4_r300_s07_n410_d4ba9896,multiscale_weighted,3,0.3479286566587339,0.21340201860536778,7,NINO4,NINO3,0.3,reference_check
reference_check_NINO3_NINO4_r300_s07_n410_d4ba9896,multiscale_weighted,6,0.3115754897058758,0.23830076651808985,7,NINO4,NINO3,0.3,reference_check
reference_check_NINO3_NINO4_r300_s08_n410_17680480,multiscale_equal,1,0.3333333333333333,,8,NINO4,NINO3,0.3,reference_check
reference_check_NINO3_NINO4_r300_s08_n410_17680480,multiscale_equal,3,0.3333333333333333,,8,NINO4,NINO3,0.3,reference_check
reference_check_NINO3_NINO4_r300_s08_n410_17680480,multiscale_equal,6,0.3333333333333333,,8,NINO4,NINO3,0.3,reference_check
reference_check_NINO3_NINO4_r300_s08_n410_17680480,multiscale_weighted,1,0.3791856997239825,0.21139245515541902,8,NINO4,NINO3,0.3,reference_check
reference_check_NINO3_NINO4_r300_s08_n410_17680480,multiscale_weighted,3,0.2564919311585235,0.31251274412166685,8,NINO4,NINO3,0.3,reference_check
reference_check_NINO3_NINO4_r300_s08_n410_17680480,multiscale_weighted,6,0.364322369117494,0.22001667470289427,8,NINO4,NINO3,0.3,reference_check
reference_check_NINO3_NINO4_r300_s09_n410_c7aed707,multiscale_equal,1,0.3333333333333333,,9,NINO4,NINO3,0.3,reference_check
reference_check_NINO3_NINO4_r300_s09_n410_c7aed707,multiscale_equal,3,0.3333333333333333,,9,NINO4,NINO3,0.3,reference_check
reference_check_NINO3_NINO4_r300_s09_n410_c7aed707,multiscale_equal,6,0.3333333333333333,,9,NINO4,NINO3,0.3,reference_check
reference_check_NINO3_NINO4_r300_s09_n410_c7aed707,multiscale_weighted,1,0.3588836336786074,0.21877094574202116,9,NINO4,NINO3,0.3,reference_check
reference_check_NINO3_NINO4_r300_s09_n410_c7aed707,multiscale_weighted,3,0.36161837339527914,0.21711648992467816,9,NINO4,NINO3,0.3,reference_check
reference_check_NINO3_NINO4_r300_s09_n410_c7aed707,multiscale_weighted,6,0.2794979929261134,0.2809083239671556,9,NINO4,NINO3,0.3,reference_check
reference_check_NINO3_NINO4_r300_s10_n410_4fb9d064,multiscale_equal,1,0.3333333333333333,,10,NINO4,NINO3,0.3,reference_check
reference_check_NINO3_NINO4_r300_s10_n410_4fb9d064,multiscale_equal,3,0.3333333333333333,,10,NINO4,NINO3,0.3,reference_check
reference_check_NINO3_NINO4_r300_s10_n410_4fb9d064,multiscale_equal,6,0.3333333333333333,,10,NINO4,NINO3,0.3,reference_check
reference_check_NINO3_NINO4_r300_s10_n410_4fb9d064,multiscale_weighted,1,0.4316381897744413,0.23084514062878617,10,NINO4,NINO3,0.3,reference_check
reference_check_NINO3_NINO4_r300_s10_n410_4fb9d064,multiscale_weighted,3,0.26564520857274027,0.37509270660110955,10,NINO4,NINO3,0.3,reference_check
reference_check_NINO3_NINO4_r300_s10_n410_4fb9d064,multiscale_weighted,6,0.3027166016528185,0.32915796280882215,10,NINO4,NINO3,0.3,reference_check
reference_check_NINO3_NINO4_r300_s11_n410_d65dc0f6,multiscale_equal,1,0.3333333333333333,,11,NINO4,NINO3,0.3,reference_check
reference_check_NINO3_NINO4_r300_s11_n410_d65dc0f6,multiscale_equal,3,0.3333333333333333,,11,NINO4,NINO3,0.3,reference_check
reference_check_NINO3_NINO4_r300_s11_n410_d65dc0f6,multiscale_equal,6,0.3333333333333333,,11,NINO4,NINO3,0.3,reference_check
reference_check_NINO3_NINO4_r300_s11_n410_d65dc0f6,multiscale_weighted,1,0.34346727268858196,0.21363887963584882,11,NINO4,NINO3,0.3,reference_check
reference_check_NINO3_NINO4_r300_s11_n410_d65dc0f6,multiscale_weighted,3,0.3491314513085157,0.21017288186759722,11,NINO4,NINO3,0.3,reference_check
reference_check_NINO3_NINO4_r300_s11_n410_d65dc0f6,multiscale_weighted,6,0.3074012760029024,0.23870416103522088,11,NINO4,NINO3,0.3,reference_check
reference_check_NINO3_NINO4_r300_s12_n410_c07a253c,multiscale_equal,1,0.3333333333333333,,12,NINO4,NINO3,0.3,reference_check
reference_check_NINO3_NINO4_r300_s12_n410_c07a253c,multiscale_equal,3,0.3333333333333333,,12,NINO4,NINO3,0.3,reference_check
reference_check_NINO3_NINO4_r300_s12_n410_c07a253c,multiscale_equal,6,0.3333333333333333,,12,NINO4,NINO3,0.3,reference_check
reference_check_NINO3_NINO4_r300_s12_n410_c07a253c,multiscale_weighted,1,0.3527912474887428,0.21337828836448938,12,NINO4,NINO3,0.3,reference_check
reference_check_NINO3_NINO4_r300_s12_n410_c07a253c,multiscale_weighted,3,0.33795365653358783,0.22274649565750515,12,NINO4,NINO3,0.3,reference_check
reference_check_NINO3_NINO4_r300_s12_n410_c07a253c,multiscale_weighted,6,0.3092550959776693,0.24341714640627327,12,NINO4,NINO3,0.3,reference_check
reference_check_NINO3_NINO4_r300_s13_n410_ff29a826,multiscale_equal,1,0.3333333333333333,,13,NINO4,NINO3,0.3,reference_check
reference_check_NINO3_NINO4_r300_s13_n410_ff29a826,multiscale_equal,3,0.3333333333333333,,13,NINO4,NINO3,0.3,reference_check
reference_check_NINO3_NINO4_r300_s13_n410_ff29a826,multiscale_equal,6,0.3333333333333333,,13,NINO4,NINO3,0.3,reference_check
reference_check_NINO3_NINO4_r300_s13_n410_ff29a826,multiscale_weighted,1,0.39295224193618267,0.20506744268236823,13,NINO4,NINO3,0.3,reference_check
reference_check_NINO3_NINO4_r300_s13_n410_ff29a826,multiscale_weighted,3,0.3957055399791573,0.20364059428348585,13,NINO4,NINO3,0.3,reference_check
reference_check_NINO3_NINO4_r300_s13_n410_ff29a826,multiscale_weighted,6,0.21134221808465994,0.38128545208121584,13,NINO4,NINO3,0.3,reference_check
reference_check_NINO3_NINO4_r300_s14_n410_e26229e2,multiscale_equal,1,0.3333333333333333,,14,NINO4,NINO3,0.3,reference_check
reference_check_NINO3_NINO4_r300_s14_n410_e26229e2,multiscale_equal,3,0.3333333333333333,,14,NINO4,NINO3,0.3,reference_check
reference_check_NINO3_NINO4_r300_s14_n410_e26229e2,multiscale_equal,6,0.3333333333333333,,14,NINO4,NINO3,0.3,reference_check
reference_check_NINO3_NINO4_r300_s14_n410_e26229e2,multiscale_weighted,1,0.39946732822923026,0.20168677090883097,14,NINO4,NINO3,0.3,reference_check
reference_check_NINO3_NINO4_r300_s14_n410_e26229e2,multiscale_weighted,3,0.39270553345344666,0.20515951194586454,14,NINO4,NINO3,0.3,reference_check
reference_check_NINO3_NINO4_r300_s14_n410_e26229e2,multiscale_weighted,6,0.2078271383173231,0.38766485495035985,14,NINO4,NINO3,0.3,reference_check
reference_check_NINO3_NINO4_r300_s15_n410_84e04dd3,multiscale_equal,1,0.3333333333333333,,15,NINO4,NINO3,0.3,reference_check
reference_check_NINO3_NINO4_r300_s15_n410_84e04dd3,multiscale_equal,3,0.3333333333333333,,15,NINO4,NINO3,0.3,reference_check
reference_check_NINO3_NINO4_r300_s15_n410_84e04dd3,multiscale_equal,6,0.3333333333333333,,15,NINO4,NINO3,0.3,reference_check
reference_check_NINO3_NINO4_r300_s15_n410_84e04dd3,multiscale_weighted,1,0.3508837765023921,0.2104334749546152,15,NINO4,NINO3,0.3,reference_check
reference_check_NINO3_NINO4_r300_s15_n410_84e04dd3,multiscale_weighted,3,0.3324770909501524,0.22208354977977748,15,NINO4,NINO3,0.3,reference_check
reference_check_NINO3_NINO4_r300_s15_n410_84e04dd3,multiscale_weighted,6,0.3166391325474554,0.23319193727887422,15,NINO4,NINO3,0.3,reference_check
reference_check_NINO3_NINO4_r300_s16_n410_b11459d8,multiscale_equal,1,0.3333333333333333,,16,NINO4,NINO3,0.3,reference_check
reference_check_NINO3_NINO4_r300_s16_n410_b11459d8,multiscale_equal,3,0.3333333333333333,,16,NINO4,NINO3,0.3,reference_check
reference_check_NINO3_NINO4_r300_s16_n410_b11459d8,multiscale_equal,6,0.3333333333333333,,16,NINO4,NINO3,0.3,reference_check
reference_check_NINO3_NINO4_r300_s16_n410_b11459d8,multiscale_weighted,1,0.3682955662561735,0.219475387730316,16,NINO4,NINO3,0.3,reference_check
reference_check_NINO3_NINO4_r300_s16_n410_b11459d8,multiscale_weighted,3,0.36618247986229696,0.22074188872978753,16,NINO4,NINO3,0.3,reference_check
reference_check_NINO3_NINO4_r300_s16_n410_b11459d8,multiscale_weighted,6,0.26552195388152944,0.30442610130547476,16,NINO4,NINO3,0.3,reference_check
reference_check_NINO3_NINO4_r300_s17_n410_2b2afa63,multiscale_equal,1,0.3333333333333333,,17,NINO4,NINO3,0.3,reference_check
reference_check_NINO3_NINO4_r300_s17_n410_2b2afa63,multiscale_equal,3,0.3333333333333333,,17,NINO4,NINO3,0.3,reference_check
reference_check_NINO3_NINO4_r300_s17_n410_2b2afa63,multiscale_equal,6,0.3333333333333333,,17,NINO4,NINO3,0.3,reference_check
reference_check_NINO3_NINO4_r300_s17_n410_2b2afa63,multiscale_weighted,1,0.34915348496399146,0.20604909565159907,17,NINO4,NINO3,0.3,reference_check
reference_check_NINO3_NINO4_r300_s17_n410_2b2afa63,multiscale_weighted,3,0.3350862916468652,0.21469920362162806,17,NINO4,NINO3,0.3,reference_check
reference_check_NINO3_NINO4_r300_s17_n410_2b2afa63,multiscale_weighted,6,0.31576022338914334,0.227839844367303,17,NINO4,NINO3,0.3,reference_check
reference_check_NINO3_NINO4_r300_s18_n410_c29ddf9e,multiscale_equal,1,0.3333333333333333,,18,NINO4,NINO3,0.3,reference_check
reference_check_NINO3_NINO4_r300_s18_n410_c29ddf9e,multiscale_equal,3,0.3333333333333333,,18,NINO4,NINO3,0.3,reference_check
reference_check_NINO3_NINO4_r300_s18_n410_c29ddf9e,multiscale_equal,6,0.3333333333333333,,18,NINO4,NINO3,0.3,reference_check
reference_check_NINO3_NINO4_r300_s18_n410_c29ddf9e,multiscale_weighted,1,0.3549893109381975,0.22084677277594997,18,NINO4,NINO3,0.3,reference_check
reference_check_NINO3_NINO4_r300_s18_n410_c29ddf9e,multiscale_weighted,3,0.32719768114242986,0.23960513318689608,18,NINO4,NINO3,0.3,reference_check
reference_check_NINO3_NINO4_r300_s18_n410_c29ddf9e,multiscale_weighted,6,0.31781300791937256,0.24668041303806984,18,NINO4,NINO3,0.3,reference_check
reference_check_NINO3_NINO4_r300_s19_n410_ca3b70f1,multiscale_equal,1,0.3333333333333333,,19,NINO4,NINO3,0.3,reference_check
reference_check_NINO3_NINO4_r300_s19_n410_ca3b70f1,multiscale_equal,3,0.3333333333333333,,19,NINO4,NINO3,0.3,reference_check
reference_check_NINO3_NINO4_r300_s19_n410_ca3b70f1,multiscale_equal,6,0.3333333333333333,,19,NINO4,NINO3,0.3,reference_check
reference_check_NINO3_NINO4_r300_s19_n410_ca3b70f1,multiscale_weighted,1,0.37370406553348295,0.21760685032670368,19,NINO4,NINO3,0.3,reference_check
reference_check_NINO3_NINO4_r300_s19_n410_ca3b70f1,multiscale_weighted,3,0.3688342212263157,0.2204799880915216,19,NINO4,NINO3,0.3,reference_check
reference_check_NINO3_NINO4_r300_s19_n410_ca3b70f1,multiscale_weighted,6,0.2574617132402014,0.3158549859472892,19,NINO4,NINO3,0.3,reference_check
reference_check_NINO3_NINO4_r500_s00_n410_0ffb3c95,multiscale_equal,1,0.3333333333333333,,0,NINO4,NINO3,0.5,reference_check
reference_check_NINO3_NINO4_r500_s00_n410_0ffb3c95,multiscale_equal,3,0.3333333333333333,,0,NINO4,NINO3,0.5,reference_check
reference_check_NINO3_NINO4_r500_s00_n410_0ffb3c95,multiscale_equal,6,0.3333333333333333,,0,NINO4,NINO3,0.5,reference_check
reference_check_NINO3_NINO4_r500_s00_n410_0ffb3c95,multiscale_weighted,1,0.35610733163591923,0.2514729761083631,0,NINO4,NINO3,0.5,reference_check
reference_check_NINO3_NINO4_r500_s00_n410_0ffb3c95,multiscale_weighted,3,0.3526104452884114,0.2539668683445108,0,NINO4,NINO3,0.5,reference_check
reference_check_NINO3_NINO4_r500_s00_n410_0ffb3c95,multiscale_weighted,6,0.29128222307566937,0.3074385048396169,0,NINO4,NINO3,0.5,reference_check
reference_check_NINO3_NINO4_r500_s01_n410_49a64f39,multiscale_equal,1,0.3333333333333333,,1,NINO4,NINO3,0.5,reference_check
reference_check_NINO3_NINO4_r500_s01_n410_49a64f39,multiscale_equal,3,0.3333333333333333,,1,NINO4,NINO3,0.5,reference_check
reference_check_NINO3_NINO4_r500_s01_n410_49a64f39,multiscale_equal,6,0.3333333333333333,,1,NINO4,NINO3,0.5,reference_check
reference_check_NINO3_NINO4_r500_s01_n410_49a64f39,multiscale_weighted,1,0.35660618826139845,0.21219122456493544,1,NINO4,NINO3,0.5,reference_check
reference_check_NINO3_NINO4_r500_s01_n410_49a64f39,multiscale_weighted,3,0.3425614826793496,0.22089086993442242,1,NINO4,NINO3,0.5,reference_check
reference_check_NINO3_NINO4_r500_s01_n410_49a64f39,multiscale_weighted,6,0.300832329059252,0.25153115879861077,1,NINO4,NINO3,0.5,reference_check
reference_check_NINO3_NINO4_r500_s02_n410_6a0ad1cb,multiscale_equal,1,0.3333333333333333,,2,NINO4,NINO3,0.5,reference_check
reference_check_NINO3_NINO4_r500_s02_n410_6a0ad1cb,multiscale_equal,3,0.3333333333333333,,2,NINO4,NINO3,0.5,reference_check
reference_check_NINO3_NINO4_r500_s02_n410_6a0ad1cb,multiscale_equal,6,0.3333333333333333,,2,NINO4,NINO3,0.5,reference_check
reference_check_NINO3_NINO4_r500_s02_n410_6a0ad1cb,multiscale_weighted,1,0.3677156616347856,0.250742778346403,2,NINO4,NINO3,0.5,reference_check
reference_check_NINO3_NINO4_r500_s02_n410_6a0ad1cb,multiscale_weighted,3,0.3722022885395806,0.24772025705887296,2,NINO4,NINO3,0.5,reference_check
reference_check_NINO3_NINO4_r500_s02_n410_6a0ad1cb,multiscale_weighted,6,0.26008204982563377,0.3545113850722989,2,NINO4,NINO3,0.5,reference_check
reference_check_NINO3_NINO4_r500_s03_n410_26eeae29,multiscale_equal,1,0.3333333333333333,,3,NINO4,NINO3,0.5,reference_check
reference_check_NINO3_NINO4_r500_s03_n410_26eeae29,multiscale_equal,3,0.3333333333333333,,3,NINO4,NINO3,0.5,reference_check
reference_check_NINO3_NINO4_r500_s03_n410_26eeae29,multiscale_equal,6,0.3333333333333333,,3,NINO4,NINO3,0.5,reference_check
reference_check_NINO3_NINO4_r500_s03_n410_26eeae29,multiscale_weighted,1,0.39451592728529744,0.2552046996776943,3,NINO4,NINO3,0.5,reference_check
reference_check_NINO3_NINO4_r500_s03_n410_26eeae29,multiscale_weighted,3,0.2815927290965747,0.3575458790898451,3,NINO4,NINO3,0.5,reference_check
reference_check_NINO3_NINO4_r500_s03_n410_26eeae29,multiscale_weighted,6,0.32389134361812794,0.31085214665651273,3,NINO4,NINO3,0.5,reference_check
reference_check_NINO3_NINO4_r500_s04_n410_5604f6cd,multiscale_equal,1,0.3333333333333333,,4,NINO4,NINO3,0.5,reference_check
reference_check_NINO3_NINO4_r500_s04_n410_5604f6cd,multiscale_equal,3,0.3333333333333333,,4,NINO4,NINO3,0.5,reference_check
reference_check_NINO3_NINO4_r500_s04_n410_5604f6cd,multiscale_equal,6,0.3333333333333333,,4,NINO4,NINO3,0.5,reference_check
reference_check_NINO3_NINO4_r500_s04_n410_5604f6cd,multiscale_weighted,1,0.3575403456326717,0.22463108332727955,4,NINO4,NINO3,0.5,reference_check
reference_check_NINO3_NINO4_r500_s04_n410_5604f6cd,multiscale_weighted,3,0.32886958583115,0.2442143600978054,4,NINO4,NINO3,0.5,reference_check
reference_check_NINO3_NINO4_r500_s04_n410_5604f6cd,multiscale_weighted,6,0.31359006853617827,0.25611358161654924,4,NINO4,NINO3,0.5,reference_check
reference_check_NINO3_NINO4_r500_s05_n410_c6b0b4dd,multiscale_equal,1,0.3333333333333333,,5,NINO4,NINO3,0.5,reference_check
reference_check_NINO3_NINO4_r500_s05_n410_c6b0b4dd,multiscale_equal,3,0.3333333333333333,,5,NINO4,NINO3,0.5,reference_check
reference_check_NINO3_NINO4_r500_s05_n410_c6b0b4dd,multiscale_equal,6,0.3333333333333333,,5,NINO4,NINO3,0.5,reference_check
reference_check_NINO3_NINO4_r500_s05_n410_c6b0b4dd,multiscale_weighted,1,0.37805943234682143,0.2298871821660624,5,NINO4,NINO3,0.5,reference_check
reference_check_NINO3_NINO4_r500_s05_n410_c6b0b4dd,multiscale_weighted,3,0.37916462652594984,0.22921710387061064,5,NINO4,NINO3,0.5,reference_check
reference_check_NINO3_NINO4_r500_s05_n410_c6b0b4dd,multiscale_weighted,6,0.2427759411272288,0.35798859863465765,5,NINO4,NINO3,0.5,reference_check
reference_check_NINO3_NINO4_r500_s06_n410_d7f70f34,multiscale_equal,1,0.3333333333333333,,6,NINO4,NINO3,0.5,reference_check
reference_check_NINO3_NINO4_r500_s06_n410_d7f70f34,multiscale_equal,3,0.3333333333333333,,6,NINO4,NINO3,0.5,reference_check
reference_check_NINO3_NINO4_r500_s06_n410_d7f70f34,multiscale_equal,6,0.3333333333333333,,6,NINO4,NINO3,0.5,reference_check
reference_check_NINO3_NINO4_r500_s06_n410_d7f70f34,multiscale_weighted,1,0.3553991218415556,0.22887508549191685,6,NINO4,NINO3,0.5,reference_check
reference_check_NINO3_NINO4_r500_s06_n410_d7f70f34,multiscale_weighted,3,0.33934001028419253,0.23970649522791768,6,NINO4,NINO3,0.5,reference_check
reference_check_NINO3_NINO4_r500_s06_n410_d7f70f34,multiscale_weighted,6,0.30526086787425194,0.2664671874356607,6,NINO4,NINO3,0.5,reference_check
reference_check_NINO3_NINO4_r500_s07_n410_49e21e9c,multiscale_equal,1,0.3333333333333333,,7,NINO4,NINO3,0.5,reference_check
reference_check_NINO3_NINO4_r500_s07_n410_49e21e9c,multiscale_equal,3,0.3333333333333333,,7,NINO4,NINO3,0.5,reference_check
reference_check_NINO3_NINO4_r500_s07_n410_49e21e9c,multiscale_equal,6,0.3333333333333333,,7,NINO4,NINO3,0.5,reference_check
reference_check_NINO3_NINO4_r500_s07_n410_49e21e9c,multiscale_weighted,1,0.3521989139218821,0.17513037199171558,7,NINO4,NINO3,0.5,reference_check
reference_check_NINO3_NINO4_r500_s07_n410_49e21e9c,multiscale_weighted,3,0.33711600049509155,0.1829658837624488,7,NINO4,NINO3,0.5,reference_check
reference_check_NINO3_NINO4_r500_s07_n410_49e21e9c,multiscale_weighted,6,0.3106850855830264,0.19853134278913548,7,NINO4,NINO3,0.5,reference_check
reference_check_NINO3_NINO4_r500_s08_n410_0651c8ba,multiscale_equal,1,0.3333333333333333,,8,NINO4,NINO3,0.5,reference_check
reference_check_NINO3_NINO4_r500_s08_n410_0651c8ba,multiscale_equal,3,0.3333333333333333,,8,NINO4,NINO3,0.5,reference_check
reference_check_NINO3_NINO4_r500_s08_n410_0651c8ba,multiscale_equal,6,0.3333333333333333,,8,NINO4,NINO3,0.5,reference_check
reference_check_NINO3_NINO4_r500_s08_n410_0651c8ba,multiscale_weighted,1,0.3437757000765394,0.23692851459159794,8,NINO4,NINO3,0.5,reference_check
reference_check_NINO3_NINO4_r500_s08_n410_0651c8ba,multiscale_weighted,3,0.3367571048824943,0.24186651108794816,8,NINO4,NINO3,0.5,reference_check
reference_check_NINO3_NINO4_r500_s08_n410_0651c8ba,multiscale_weighted,6,0.3194671950409663,0.2549565885926459,8,NINO4,NINO3,0.5,reference_check
reference_check_NINO3_NINO4_r500_s09_n410_6d33854b,multiscale_equal,1,0.3333333333333333,,9,NINO4,NINO3,0.5,reference_check
reference_check_NINO3_NINO4_r500_s09_n410_6d33854b,multiscale_equal,3,0.3333333333333333,,9,NINO4,NINO3,0.5,reference_check
reference_check_NINO3_NINO4_r500_s09_n410_6d33854b,multiscale_equal,6,0.3333333333333333,,9,NINO4,NINO3,0.5,reference_check
reference_check_NINO3_NINO4_r500_s09_n410_6d33854b,multiscale_weighted,1,0.3615512080156262,0.21195124324904094,9,NINO4,NINO3,0.5,reference_check
reference_check_NINO3_NINO4_r500_s09_n410_6d33854b,multiscale_weighted,3,0.36365807543512113,0.21072329529420117,9,NINO4,NINO3,0.5,reference_check
reference_check_NINO3_NINO4_r500_s09_n410_6d33854b,multiscale_weighted,6,0.27479071654925263,0.2788712437851748,9,NINO4,NINO3,0.5,reference_check
reference_check_NINO3_NINO4_r500_s10_n410_8912a353,multiscale_equal,1,0.3333333333333333,,10,NINO4,NINO3,0.5,reference_check
reference_check_NINO3_NINO4_r500_s10_n410_8912a353,multiscale_equal,3,0.3333333333333333,,10,NINO4,NINO3,0.5,reference_check
reference_check_NINO3_NINO4_r500_s10_n410_8912a353,multiscale_equal,6,0.3333333333333333,,10,NINO4,NINO3,0.5,reference_check
reference_check_NINO3_NINO4_r500_s10_n410_8912a353,multiscale_weighted,1,0.4046895877820582,0.23712368535408693,10,NINO4,NINO3,0.5,reference_check
reference_check_NINO3_NINO4_r500_s10_n410_8912a353,multiscale_weighted,3,0.2879858299654588,0.3332160046133352,10,NINO4,NINO3,0.5,reference_check
reference_check_NINO3_NINO4_r500_s10_n410_8912a353,multiscale_weighted,6,0.30732458225248305,0.3122480042098313,10,NINO4,NINO3,0.5,reference_check
reference_check_NINO3_NINO4_r500_s11_n410_cd3047b8,multiscale_equal,1,0.3333333333333333,,11,NINO4,NINO3,0.5,reference_check
reference_check_NINO3_NINO4_r500_s11_n410_cd3047b8,multiscale_equal,3,0.3333333333333333,,11,NINO4,NINO3,0.5,reference_check
reference_check_NINO3_NINO4_r500_s11_n410_cd3047b8,multiscale_equal,6,0.3333333333333333,,11,NINO4,NINO3,0.5,reference_check
reference_check_NINO3_NINO4_r500_s11_n410_cd3047b8,multiscale_weighted,1,0.3405184806962865,0.20687318111997813,11,NINO4,NINO3,0.5,reference_check
reference_check_NINO3_NINO4_r500_s11_n410_cd3047b8,multiscale_weighted,3,0.34450451058930376,0.20447959061964605,11,NINO4,NINO3,0.5,reference_check
reference_check_NINO3_NINO4_r500_s11_n410_cd3047b8,multiscale_weighted,6,0.3149770087144098,0.2236485192196018,11,NINO4,NINO3,0.5,reference_check
reference_check_NINO3_NINO4_r500_s12_n410_5a99c43b,multiscale_equal,1,0.3333333333333333,,12,NINO4,NINO3,0.5,reference_check
reference_check_NINO3_NINO4_r500_s12_n410_5a99c43b,multiscale_equal,3,0.3333333333333333,,12,NINO4,NINO3,0.5,reference_check
reference_check_NINO3_NINO4_r500_s12_n410_5a99c43b,multiscale_equal,6,0.3333333333333333,,12,NINO4,NINO3,0.5,reference_check
reference_check_NINO3_NINO4_r500_s12_n410_5a99c43b,multiscale_weighted,1,0.4472242817424555,0.21252851971362763,12,NINO4,NINO3,0.5,reference_check
reference_check_NINO3_NINO4_r500_s12_n410_5a99c43b,multiscale_weighted,3,0.305726738913896,0.3108917340084501,12,NINO4,NINO3,0.5,reference_check
reference_check_NINO3_NINO4_r500_s12_n410_5a99c43b,multiscale_weighted,6,0.24704897934364836,0.3847330874751542,12,NINO4,NINO3,0.5,reference_check
reference_check_NINO3_NINO4_r500_s13_n410_ab7f466f,multiscale_equal,1,0.3333333333333333,,13,NINO4,NINO3,0.5,reference_check
reference_check_NINO3_NINO4_r500_s13_n410_ab7f466f,multiscale_equal,3,0.3333333333333333,,13,NINO4,NINO3,0.5,reference_check
reference_check_NINO3_NINO4_r500_s13_n410_ab7f466f,multiscale_equal,6,0.3333333333333333,,13,NINO4,NINO3,0.5,reference_check
reference_check_NINO3_NINO4_r500_s13_n410_ab7f466f,multiscale_weighted,1,0.4214310582822186,0.22774090857638402,13,NINO4,NINO3,0.5,reference_check
reference_check_NINO3_NINO4_r500_s13_n410_ab7f466f,multiscale_weighted,3,0.3276333133234503,0.29294058067509526,13,NINO4,NINO3,0.5,reference_check
reference_check_NINO3_NINO4_r500_s13_n410_ab7f466f,multiscale_weighted,6,0.2509356283943311,0.38247695010304095,13,NINO4,NINO3,0.5,reference_check
reference_check_NINO3_NINO4_r500_s14_n410_56029b26,multiscale_equal,1,0.3333333333333333,,14,NINO4,NINO3,0.5,reference_check
reference_check_NINO3_NINO4_r500_s14_n410_56029b26,multiscale_equal,3,0.3333333333333333,,14,NINO4,NINO3,0.5,reference_check
reference_check_NINO3_NINO4_r500_s14_n410_56029b26,multiscale_equal,6,0.3333333333333333,,14,NINO4,NINO3,0.5,reference_check
reference_check_NINO3_NINO4_r500_s14_n410_56029b26,multiscale_weighted,1,0.3700452236449698,0.2334056149941377,14,NINO4,NINO3,0.5,reference_check
reference_check_NINO3_NINO4_r500_s14_n410_56029b26,multiscale_weighted,3,0.28203035458720727,0.3062458791255365,14,NINO4,NINO3,0.5,reference_check
reference_check_NINO3_NINO4_r500_s14_n410_56029b26,multiscale_weighted,6,0.34792442176782284,0.24824538841755214,14,NINO4,NINO3,0.5,reference_check
reference_check_NINO3_NINO4_r500_s15_n410_ff88b6a4,multiscale_equal,1,0.3333333333333333,,15,NINO4,NINO3,0.5,reference_check
reference_check_NINO3_NINO4_r500_s15_n410_ff88b6a4,multiscale_equal,3,0.3333333333333333,,15,NINO4,NINO3,0.5,reference_check
reference_check_NINO3_NINO4_r500_s15_n410_ff88b6a4,multiscale_equal,6,0.3333333333333333,,15,NINO4,NINO3,0.5,reference_check
reference_check_NINO3_NINO4_r500_s15_n410_ff88b6a4,multiscale_weighted,1,0.3619990944232773,0.21326340175367695,15,NINO4,NINO3,0.5,reference_check
reference_check_NINO3_NINO4_r500_s15_n410_ff88b6a4,multiscale_weighted,3,0.34298781554736235,0.22508425955414413,15,NINO4,NINO3,0.5,reference_check
reference_check_NINO3_NINO4_r500_s15_n410_ff88b6a4,multiscale_weighted,6,0.2950130900293603,0.26168723215175116,15,NINO4,NINO3,0.5,reference_check
reference_check_NINO3_NINO4_r500_s16_n410_27694aec,multiscale_equal,1,0.3333333333333333,,16,NINO4,NINO3,0.5,reference_check
reference_check_NINO3_NINO4_r500_s16_n410_27694aec,multiscale_equal,3,0.3333333333333333,,16,NINO4,NINO3,0.5,reference_check
reference_check_NINO3_NINO4_r500_s16_n410_27694aec,multiscale_equal,6,0.3333333333333333,,16,NINO4,NINO3,0.5,reference_check
reference_check_NINO3_NINO4_r500_s16_n410_27694aec,multiscale_weighted,1,0.3573198008209115,0.2237021036165616,16,NINO4,NINO3,0.5,reference_check
reference_check_NINO3_NINO4_r500_s16_n410_27694aec,multiscale_weighted,3,0.3337170551646844,0.23952384244811917,16,NINO4,NINO3,0.5,reference_check
reference_check_NINO3_NINO4_r500_s16_n410_27694aec,multiscale_weighted,6,0.30896314401440417,0.25871432609233386,16,NINO4,NINO3,0.5,reference_check
reference_check_NINO3_NINO4_r500_s17_n410_c8db8342,multiscale_equal,1,0.3333333333333333,,17,NINO4,NINO3,0.5,reference_check
reference_check_NINO3_NINO4_r500_s17_n410_c8db8342,multiscale_equal,3,0.3333333333333333,,17,NINO4,NINO3,0.5,reference_check
reference_check_NINO3_NINO4_r500_s17_n410_c8db8342,multiscale_equal,6,0.3333333333333333,,17,NINO4,NINO3,0.5,reference_check
reference_check_NINO3_NINO4_r500_s17_n410_c8db8342,multiscale_weighted,1,0.2631375601197733,0.41584210443761316,17,NINO4,NINO3,0.5,reference_check
reference_check_NINO3_NINO4_r500_s17_n410_c8db8342,multiscale_weighted,3,0.4812404454240547,0.22737838354242185,17,NINO4,NINO3,0.5,reference_check
reference_check_NINO3_NINO4_r500_s17_n410_c8db8342,multiscale_weighted,6,0.2556219944561722,0.428068316518446,17,NINO4,NINO3,0.5,reference_check
reference_check_NINO3_NINO4_r500_s18_n410_491dde01,multiscale_equal,1,0.3333333333333333,,18,NINO4,NINO3,0.5,reference_check
reference_check_NINO3_NINO4_r500_s18_n410_491dde01,multiscale_equal,3,0.3333333333333333,,18,NINO4,NINO3,0.5,reference_check
reference_check_NINO3_NINO4_r500_s18_n410_491dde01,multiscale_equal,6,0.3333333333333333,,18,NINO4,NINO3,0.5,reference_check
reference_check_NINO3_NINO4_r500_s18_n410_491dde01,multiscale_weighted,1,0.31462293552209786,0.32961835795394867,18,NINO4,NINO3,0.5,reference_check
reference_check_NINO3_NINO4_r500_s18_n410_491dde01,multiscale_weighted,3,0.3142321830830006,0.33002824334501707,18,NINO4,NINO3,0.5,reference_check
reference_check_NINO3_NINO4_r500_s18_n410_491dde01,multiscale_weighted,6,0.37114488139490165,0.2794205174714019,18,NINO4,NINO3,0.5,reference_check
reference_check_NINO3_NINO4_r500_s19_n410_965b4449,multiscale_equal,1,0.3333333333333333,,19,NINO4,NINO3,0.5,reference_check
reference_check_NINO3_NINO4_r500_s19_n410_965b4449,multiscale_equal,3,0.3333333333333333,,19,NINO4,NINO3,0.5,reference_check
reference_check_NINO3_NINO4_r500_s19_n410_965b4449,multiscale_equal,6,0.3333333333333333,,19,NINO4,NINO3,0.5,reference_check
reference_check_NINO3_NINO4_r500_s19_n410_965b4449,multiscale_weighted,1,0.35258500286501826,0.20076575439250716,19,NINO4,NINO3,0.5,reference_check
reference_check_NINO3_NINO4_r500_s19_n410_965b4449,multiscale_weighted,3,0.33574249179856774,0.21083716236482275,19,NINO4,NINO3,0.5,reference_check
reference_check_NINO3_NINO4_r500_s19_n410_965b4449,multiscale_weighted,6,0.311672505336414,0.22711979171983226,19,NINO4,NINO3,0.5,reference_check
reference_check_NINO3_NINO4_r700_s00_n410_da9e2610,multiscale_equal,1,0.3333333333333333,,0,NINO4,NINO3,0.7,reference_check
reference_check_NINO3_NINO4_r700_s00_n410_da9e2610,multiscale_equal,3,0.3333333333333333,,0,NINO4,NINO3,0.7,reference_check
reference_check_NINO3_NINO4_r700_s00_n410_da9e2610,multiscale_equal,6,0.3333333333333333,,0,NINO4,NINO3,0.7,reference_check
reference_check_NINO3_NINO4_r700_s00_n410_da9e2610,multiscale_weighted,1,0.3532775647098714,0.28678854323673697,0,NINO4,NINO3,0.7,reference_check
reference_check_NINO3_NINO4_r700_s00_n410_da9e2610,multiscale_weighted,3,0.35103816337261456,0.28861807271996465,0,NINO4,NINO3,0.7,reference_check
reference_check_NINO3_NINO4_r700_s00_n410_da9e2610,multiscale_weighted,6,0.2956842719175142,0.34264913064284563,0,NINO4,NINO3,0.7,reference_check
reference_check_NINO3_NINO4_r700_s01_n410_9eddd279,multiscale_equal,1,0.3333333333333333,,1,NINO4,NINO3,0.7,reference_check
reference_check_NINO3_NINO4_r700_s01_n410_9eddd279,multiscale_equal,3,0.3333333333333333,,1,NINO4,NINO3,0.7,reference_check
reference_check_NINO3_NINO4_r700_s01_n410_9eddd279,multiscale_equal,6,0.3333333333333333,,1,NINO4,NINO3,0.7,reference_check
reference_check_NINO3_NINO4_r700_s01_n410_9eddd279,multiscale_weighted,1,0.29455050271750566,0.3099859379418451,1,NINO4,NINO3,0.7,reference_check
reference_check_NINO3_NINO4_r700_s01_n410_9eddd279,multiscale_weighted,3,0.38933862555881477,0.23451696521811882,1,NINO4,NINO3,0.7,reference_check
reference_check_NINO3_NINO4_r700_s01_n410_9eddd279,multiscale_weighted,6,0.31611087172367963,0.2888433198853647,1,NINO4,NINO3,0.7,reference_check
reference_check_NINO3_NINO4_r700_s02_n410_296d837a,multiscale_equal,1,0.3333333333333333,,2,NINO4,NINO3,0.7,reference_check
reference_check_NINO3_NINO4_r700_s02_n410_296d837a,multiscale_equal,3,0.3333333333333333,,2,NINO4,NINO3,0.7,reference_check
reference_check_NINO3_NINO4_r700_s02_n410_296d837a,multiscale_equal,6,0.3333333333333333,,2,NINO4,NINO3,0.7,reference_check
reference_check_NINO3_NINO4_r700_s02_n410_296d837a,multiscale_weighted,1,0.3822512583543726,0.2721580325734058,2,NINO4,NINO3,0.7,reference_check
reference_check_NINO3_NINO4_r700_s02_n410_296d837a,multiscale_weighted,3,0.3905867923497841,0.26634989297312034,2,NINO4,NINO3,0.7,reference_check
reference_check_NINO3_NINO4_r700_s02_n410_296d837a,multiscale_weighted,6,0.22716194929584332,0.4579673325387837,2,NINO4,NINO3,0.7,reference_check
reference_check_NINO3_NINO4_r700_s03_n410_b3d7d2ec,multiscale_equal,1,0.3333333333333333,,3,NINO4,NINO3,0.7,reference_check
reference_check_NINO3_NINO4_r700_s03_n410_b3d7d2ec,multiscale_equal,3,0.3333333333333333,,3,NINO4,NINO3,0.7,reference_check
reference_check_NINO3_NINO4_r700_s03_n410_b3d7d2ec,multiscale_equal,6,0.3333333333333333,,3,NINO4,NINO3,0.7,reference_check
reference_check_NINO3_NINO4_r700_s03_n410_b3d7d2ec,multiscale_weighted,1,0.44321030666049815,0.25492036165630705,3,NINO4,NINO3,0.7,reference_check
reference_check_NINO3_NINO4_r700_s03_n410_b3d7d2ec,multiscale_weighted,3,0.3295621411970078,0.34282861614447,3,NINO4,NINO3,0.7,reference_check
reference_check_NINO3_NINO4_r700_s03_n410_b3d7d2ec,multiscale_weighted,6,0.22722755214249402,0.49722550262158716,3,NINO4,NINO3,0.7,reference_check
reference_check_NINO3_NINO4_r700_s04_n410_eee48b71,multiscale_equal,1,0.3333333333333333,,4,NINO4,NINO3,0.7,reference_check
reference_check_NINO3_NINO4_r700_s04_n410_eee48b71,multiscale_equal,3,0.3333333333333333,,4,NINO4,NINO3,0.7,reference_check
reference_check_NINO3_NINO4_r700_s04_n410_eee48b71,multiscale_equal,6,0.3333333333333333,,4,NINO4,NINO3,0.7,reference_check
reference_check_NINO3_NINO4_r700_s04_n410_eee48b71,multiscale_weighted,1,0.4044051398495559,0.24549493785578647,4,NINO4,NINO3,0.7,reference_check
reference_check_NINO3_NINO4_r700_s04_n410_eee48b71,multiscale_weighted,3,0.25284765969514694,0.3926451852914171,4,NINO4,NINO3,0.7,reference_check
reference_check_NINO3_NINO4_r700_s04_n410_eee48b71,multiscale_weighted,6,0.3427472004552973,0.28965784450063,4,NINO4,NINO3,0.7,reference_check
reference_check_NINO3_NINO4_r700_s05_n410_337b5a36,multiscale_equal,1,0.3333333333333333,,5,NINO4,NINO3,0.7,reference_check
reference_check_NINO3_NINO4_r700_s05_n410_337b5a36,multiscale_equal,3,0.3333333333333333,,5,NINO4,NINO3,0.7,reference_check
reference_check_NINO3_NINO4_r700_s05_n410_337b5a36,multiscale_equal,6,0.3333333333333333,,5,NINO4,NINO3,0.7,reference_check
reference_check_NINO3_NINO4_r700_s05_n410_337b5a36,multiscale_weighted,1,0.36087168052440977,0.22505036477853163,5,NINO4,NINO3,0.7,reference_check
reference_check_NINO3_NINO4_r700_s05_n410_337b5a36,multiscale_weighted,3,0.37747456265525353,0.21515172466973392,5,NINO4,NINO3,0.7,reference_check
reference_check_NINO3_NINO4_r700_s05_n410_337b5a36,multiscale_weighted,6,0.2616537568203367,0.3103884512088424,5,NINO4,NINO3,0.7,reference_check
reference_check_NINO3_NINO4_r700_s06_n410_f5d05d59,multiscale_equal,1,0.3333333333333333,,6,NINO4,NINO3,0.7,reference_check
reference_check_NINO3_NINO4_r700_s06_n410_f5d05d59,multiscale_equal,3,0.3333333333333333,,6,NINO4,NINO3,0.7,reference_check
reference_check_NINO3_NINO4_r700_s06_n410_f5d05d59,multiscale_equal,6,0.3333333333333333,,6,NINO4,NINO3,0.7,reference_check
reference_check_NINO3_NINO4_r700_s06_n410_f5d05d59,multiscale_weighted,1,0.3764069944786175,0.20937484137719542,6,NINO4,NINO3,0.7,reference_check
reference_check_NINO3_NINO4_r700_s06_n410_f5d05d59,multiscale_weighted,3,0.2690943509383304,0.29287183309699105,6,NINO4,NINO3,0.7,reference_check
reference_check_NINO3_NINO4_r700_s06_n410_f5d05d59,multiscale_weighted,6,0.3544986545830522,0.22231439798834868,6,NINO4,NINO3,0.7,reference_check
reference_check_NINO3_NINO4_r700_s07_n410_7b957d36,multiscale_equal,1,0.3333333333333333,,7,NINO4,NINO3,0.7,reference_check
reference_check_NINO3_NINO4_r700_s07_n410_7b957d36,multiscale_equal,3,0.3333333333333333,,7,NINO4,NINO3,0.7,reference_check
reference_check_NINO3_NINO4_r700_s07_n410_7b957d36,multiscale_equal,6,0.3333333333333333,,7,NINO4,NINO3,0.7,reference_check
reference_check_NINO3_NINO4_r700_s07_n410_7b957d36,multiscale_weighted,1,0.34303083270001206,0.23216732470224058,7,NINO4,NINO3,0.7,reference_check
reference_check_NINO3_NINO4_r700_s07_n410_7b957d36,multiscale_weighted,3,0.30278131013948506,0.26302994423318315,7,NINO4,NINO3,0.7,reference_check
reference_check_NINO3_NINO4_r700_s07_n410_7b957d36,multiscale_weighted,6,0.35418785716050283,0.22485398354772995,7,NINO4,NINO3,0.7,reference_check
reference_check_NINO3_NINO4_r700_s08_n410_fbd9c17b,multiscale_equal,1,0.3333333333333333,,8,NINO4,NINO3,0.7,reference_check
reference_check_NINO3_NINO4_r700_s08_n410_fbd9c17b,multiscale_equal,3,0.3333333333333333,,8,NINO4,NINO3,0.7,reference_check
reference_check_NINO3_NINO4_r700_s08_n410_fbd9c17b,multiscale_equal,6,0.3333333333333333,,8,NINO4,NINO3,0.7,reference_check
reference_check_NINO3_NINO4_r700_s08_n410_fbd9c17b,multiscale_weighted,1,0.39617455280989833,0.24428376733497711,8,NINO4,NINO3,0.7,reference_check
reference_check_NINO3_NINO4_r700_s08_n410_fbd9c17b,multiscale_weighted,3,0.33376363137827,0.2899627275359934,8,NINO4,NINO3,0.7,reference_check
reference_check_NINO3_NINO4_r700_s08_n410_fbd9c17b,multiscale_weighted,6,0.2700618158118317,0.35835874558145947,8,NINO4,NINO3,0.7,reference_check
reference_check_NINO3_NINO4_r700_s09_n410_2c72bcf9,multiscale_equal,1,0.3333333333333333,,9,NINO4,NINO3,0.7,reference_check
reference_check_NINO3_NINO4_r700_s09_n410_2c72bcf9,multiscale_equal,3,0.3333333333333333,,9,NINO4,NINO3,0.7,reference_check
reference_check_NINO3_NINO4_r700_s09_n410_2c72bcf9,multiscale_equal,6,0.3333333333333333,,9,NINO4,NINO3,0.7,reference_check
reference_check_NINO3_NINO4_r700_s09_n410_2c72bcf9,multiscale_weighted,1,0.34921405315115395,0.20380556169923414,9,NINO4,NINO3,0.7,reference_check
reference_check_NINO3_NINO4_r700_s09_n410_2c72bcf9,multiscale_weighted,3,0.30037035192837586,0.23694671024371022,9,NINO4,NINO3,0.7,reference_check
reference_check_NINO3_NINO4_r700_s09_n410_2c72bcf9,multiscale_weighted,6,0.3504155949204702,0.20310673176481986,9,NINO4,NINO3,0.7,reference_check
reference_check_NINO3_NINO4_r700_s10_n410_406e01e5,multiscale_equal,1,0.3333333333333333,,10,NINO4,NINO3,0.7,reference_check
reference_check_NINO3_NINO4_r700_s10_n410_406e01e5,multiscale_equal,3,0.3333333333333333,,10,NINO4,NINO3,0.7,reference_check
reference_check_NINO3_NINO4_r700_s10_n410_406e01e5,multiscale_equal,6,0.3333333333333333,,10,NINO4,NINO3,0.7,reference_check
reference_check_NINO3_NINO4_r700_s10_n410_406e01e5,multiscale_weighted,1,0.3376497976356675,0.30414603256726924,10,NINO4,NINO3,0.7,reference_check
reference_check_NINO3_NINO4_r700_s10_n410_406e01e5,multiscale_weighted,3,0.2971629240475457,0.34558431904670345,10,NINO4,NINO3,0.7,reference_check
reference_check_NINO3_NINO4_r700_s10_n410_406e01e5,multiscale_weighted,6,0.3651872783167868,0.2812114555194628,10,NINO4,NINO3,0.7,reference_check
reference_check_NINO3_NINO4_r700_s11_n410_4e370454,multiscale_equal,1,0.3333333333333333,,11,NINO4,NINO3,0.7,reference_check
reference_check_NINO3_NINO4_r700_s11_n410_4e370454,multiscale_equal,3,0.3333333333333333,,11,NINO4,NINO3,0.7,reference_check
reference_check_NINO3_NINO4_r700_s11_n410_4e370454,multiscale_equal,6,0.3333333333333333,,11,NINO4,NINO3,0.7,reference_check
reference_check_NINO3_NINO4_r700_s11_n410_4e370454,multiscale_weighted,1,0.23736432174880584,0.2896789333620101,11,NINO4,NINO3,0.7,reference_check
reference_check_NINO3_NINO4_r700_s11_n410_4e370454,multiscale_weighted,3,0.400097982926549,0.17185650727881194,11,NINO4,NINO3,0.7,reference_check
reference_check_NINO3_NINO4_r700_s11_n410_4e370454,multiscale_weighted,6,0.3625376953246451,0.18966149776255584,11,NINO4,NINO3,0.7,reference_check
reference_check_NINO3_NINO4_r700_s12_n410_195dda80,multiscale_equal,1,0.3333333333333333,,12,NINO4,NINO3,0.7,reference_check
reference_check_NINO3_NINO4_r700_s12_n410_195dda80,multiscale_equal,3,0.3333333333333333,,12,NINO4,NINO3,0.7,reference_check
reference_check_NINO3_NINO4_r700_s12_n410_195dda80,multiscale_equal,6,0.3333333333333333,,12,NINO4,NINO3,0.7,reference_check
reference_check_NINO3_NINO4_r700_s12_n410_195dda80,multiscale_weighted,1,0.47205299637564035,0.22466746218039316,12,NINO4,NINO3,0.7,reference_check
reference_check_NINO3_NINO4_r700_s12_n410_195dda80,multiscale_weighted,3,0.20542146710666948,0.5162797874557552,12,NINO4,NINO3,0.7,reference_check
reference_check_NINO3_NINO4_r700_s12_n410_195dda80,multiscale_weighted,6,0.3225255365176901,0.328826521306548,12,NINO4,NINO3,0.7,reference_check
reference_check_NINO3_NINO4_r700_s13_n410_d8b93ce2,multiscale_equal,1,0.3333333333333333,,13,NINO4,NINO3,0.7,reference_check
reference_check_NINO3_NINO4_r700_s13_n410_d8b93ce2,multiscale_equal,3,0.3333333333333333,,13,NINO4,NINO3,0.7,reference_check
reference_check_NINO3_NINO4_r700_s13_n410_d8b93ce2,multiscale_equal,6,0.3333333333333333,,13,NINO4,NINO3,0.7,reference_check
reference_check_NINO3_NINO4_r700_s13_n410_d8b93ce2,multiscale_weighted,1,0.3886314390244722,0.24811013130965284,13,NINO4,NINO3,0.7,reference_check
reference_check_NINO3_NINO4_r700_s13_n410_d8b93ce2,multiscale_weighted,3,0.3518055644372601,0.2740815026331846,13,NINO4,NINO3,0.7,reference_check
reference_check_NINO3_NINO4_r700_s13_n410_d8b93ce2,multiscale_weighted,6,0.2595629965382678,0.3714836087735245,13,NINO4,NINO3,0.7,reference_check
reference_check_NINO3_NINO4_r700_s14_n410_65101e2f,multiscale_equal,1,0.3333333333333333,,14,NINO4,NINO3,0.7,reference_check
reference_check_NINO3_NINO4_r700_s14_n410_65101e2f,multiscale_equal,3,0.3333333333333333,,14,NINO4,NINO3,0.7,reference_check
reference_check_NINO3_NINO4_r700_s14_n410_65101e2f,multiscale_equal,6,0.3333333333333333,,14,NINO4,NINO3,0.7,reference_check
reference_check_NINO3_NINO4_r700_s14_n410_65101e2f,multiscale_weighted,1,0.37895363386428155,0.2619058220971588,14,NINO4,NINO3,0.7,reference_check
reference_check_NINO3_NINO4_r700_s14_n410_65101e2f,multiscale_weighted,3,0.33170965095332094,0.29920794647104476,14,NINO4,NINO3,0.7,reference_check
reference_check_NINO3_NINO4_r700_s14_n410_65101e2f,multiscale_weighted,6,0.28933671518239756,0.34302651098922016,14,NINO4,NINO3,0.7,reference_check
reference_check_NINO3_NINO4_r700_s15_n410_95f0df33,multiscale_equal,1,0.3333333333333333,,15,NINO4,NINO3,0.7,reference_check
reference_check_NINO3_NINO4_r700_s15_n410_95f0df33,multiscale_equal,3,0.3333333333333333,,15,NINO4,NINO3,0.7,reference_check
reference_check_NINO3_NINO4_r700_s15_n410_95f0df33,multiscale_equal,6,0.3333333333333333,,15,NINO4,NINO3,0.7,reference_check
reference_check_NINO3_NINO4_r700_s15_n410_95f0df33,multiscale_weighted,1,0.35362751951629273,0.17078385244723324,15,NINO4,NINO3,0.7,reference_check
reference_check_NINO3_NINO4_r700_s15_n410_95f0df33,multiscale_weighted,3,0.32474783726553214,0.18597158617492815,15,NINO4,NINO3,0.7,reference_check
reference_check_NINO3_NINO4_r700_s15_n410_95f0df33,multiscale_weighted,6,0.32162464321817513,0.18777749686740272,15,NINO4,NINO3,0.7,reference_check
reference_check_NINO3_NINO4_r700_s16_n410_803008bb,multiscale_equal,1,0.3333333333333333,,16,NINO4,NINO3,0.7,reference_check
reference_check_NINO3_NINO4_r700_s16_n410_803008bb,multiscale_equal,3,0.3333333333333333,,16,NINO4,NINO3,0.7,reference_check
reference_check_NINO3_NINO4_r700_s16_n410_803008bb,multiscale_equal,6,0.3333333333333333,,16,NINO4,NINO3,0.7,reference_check
reference_check_NINO3_NINO4_r700_s16_n410_803008bb,multiscale_weighted,1,0.3605642295123453,0.306451898690628,16,NINO4,NINO3,0.7,reference_check
reference_check_NINO3_NINO4_r700_s16_n410_803008bb,multiscale_weighted,3,0.3487446053419871,0.31683814218093287,16,NINO4,NINO3,0.7,reference_check
reference_check_NINO3_NINO4_r700_s16_n410_803008bb,multiscale_weighted,6,0.2906911651456676,0.3801133528682993,16,NINO4,NINO3,0.7,reference_check
reference_check_NINO3_NINO4_r700_s17_n410_666f7ac8,multiscale_equal,1,0.3333333333333333,,17,NINO4,NINO3,0.7,reference_check
reference_check_NINO3_NINO4_r700_s17_n410_666f7ac8,multiscale_equal,3,0.3333333333333333,,17,NINO4,NINO3,0.7,reference_check
reference_check_NINO3_NINO4_r700_s17_n410_666f7ac8,multiscale_equal,6,0.3333333333333333,,17,NINO4,NINO3,0.7,reference_check
reference_check_NINO3_NINO4_r700_s17_n410_666f7ac8,multiscale_weighted,1,0.2825988634470723,0.2949805093893867,17,NINO4,NINO3,0.7,reference_check
reference_check_NINO3_NINO4_r700_s17_n410_666f7ac8,multiscale_weighted,3,0.36051121832338784,0.23123040747813417,17,NINO4,NINO3,0.7,reference_check
reference_check_NINO3_NINO4_r700_s17_n410_666f7ac8,multiscale_weighted,6,0.35688991822953986,0.23357666241486094,17,NINO4,NINO3,0.7,reference_check
reference_check_NINO3_NINO4_r700_s18_n410_2a285b29,multiscale_equal,1,0.3333333333333333,,18,NINO4,NINO3,0.7,reference_check
reference_check_NINO3_NINO4_r700_s18_n410_2a285b29,multiscale_equal,3,0.3333333333333333,,18,NINO4,NINO3,0.7,reference_check
reference_check_NINO3_NINO4_r700_s18_n410_2a285b29,multiscale_equal,6,0.3333333333333333,,18,NINO4,NINO3,0.7,reference_check
reference_check_NINO3_NINO4_r700_s18_n410_2a285b29,multiscale_weighted,1,0.41370745299799955,0.2748122182651641,18,NINO4,NINO3,0.7,reference_check
reference_check_NINO3_NINO4_r700_s18_n410_2a285b29,multiscale_weighted,3,0.23306097120834707,0.4878202647496919,18,NINO4,NINO3,0.7,reference_check
reference_check_NINO3_NINO4_r700_s18_n410_2a285b29,multiscale_weighted,6,0.3532315757936534,0.3218621189810769,18,NINO4,NINO3,0.7,reference_check
reference_check_NINO3_NINO4_r700_s19_n410_6bfafc2f,multiscale_equal,1,0.3333333333333333,,19,NINO4,NINO3,0.7,reference_check
reference_check_NINO3_NINO4_r700_s19_n410_6bfafc2f,multiscale_equal,3,0.3333333333333333,,19,NINO4,NINO3,0.7,reference_check
reference_check_NINO3_NINO4_r700_s19_n410_6bfafc2f,multiscale_equal,6,0.3333333333333333,,19,NINO4,NINO3,0.7,reference_check
reference_check_NINO3_NINO4_r700_s19_n410_6bfafc2f,multiscale_weighted,1,0.36832118251532897,0.24619588702974993,19,NINO4,NINO3,0.7,reference_check
reference_check_NINO3_NINO4_r700_s19_n410_6bfafc2f,multiscale_weighted,3,0.38588555191349044,0.23498977770977286,19,NINO4,NINO3,0.7,reference_check
reference_check_NINO3_NINO4_r700_s19_n410_6bfafc2f,multiscale_weighted,6,0.2457932655711806,0.36892451571349794,19,NINO4,NINO3,0.7,reference_check
reference_check_NINO3_NINO4_r900_s00_n410_04c18166,multiscale_equal,1,0.3333333333333333,,0,NINO4,NINO3,0.9,reference_check
reference_check_NINO3_NINO4_r900_s00_n410_04c18166,multiscale_equal,3,0.3333333333333333,,0,NINO4,NINO3,0.9,reference_check
reference_check_NINO3_NINO4_r900_s00_n410_04c18166,multiscale_equal,6,0.3333333333333333,,0,NINO4,NINO3,0.9,reference_check
reference_check_NINO3_NINO4_r900_s00_n410_04c18166,multiscale_weighted,1,0.3514676435397426,0.34632169082513237,0,NINO4,NINO3,0.9,reference_check
reference_check_NINO3_NINO4_r900_s00_n410_04c18166,multiscale_weighted,3,0.25908575723256344,0.46980918906926633,0,NINO4,NINO3,0.9,reference_check
reference_check_NINO3_NINO4_r900_s00_n410_04c18166,multiscale_weighted,6,0.3894465992276939,0.31254828888633757,0,NINO4,NINO3,0.9,reference_check
reference_check_NINO3_NINO4_r900_s01_n410_29bb000b,multiscale_equal,1,0.3333333333333333,,1,NINO4,NINO3,0.9,reference_check
reference_check_NINO3_NINO4_r900_s01_n410_29bb000b,multiscale_equal,3,0.3333333333333333,,1,NINO4,NINO3,0.9,reference_check
reference_check_NINO3_NINO4_r900_s01_n410_29bb000b,multiscale_equal,6,0.3333333333333333,,1,NINO4,NINO3,0.9,reference_check
reference_check_NINO3_NINO4_r900_s01_n410_29bb000b,multiscale_weighted,1,0.3901123884596118,0.24323634006294925,1,NINO4,NINO3,0.9,reference_check
reference_check_NINO3_NINO4_r900_s01_n410_29bb000b,multiscale_weighted,3,0.31074405072544925,0.30536227533331706,1,NINO4,NINO3,0.9,reference_check
reference_check_NINO3_NINO4_r900_s01_n410_29bb000b,multiscale_weighted,6,0.299143560814939,0.317203921198631,1,NINO4,NINO3,0.9,reference_check
reference_check_NINO3_NINO4_r900_s02_n410_16f8886e,multiscale_equal,1,0.3333333333333333,,2,NINO4,NINO3,0.9,reference_check
reference_check_NINO3_NINO4_r900_s02_n410_16f8886e,multiscale_equal,3,0.3333333333333333,,2,NINO4,NINO3,0.9,reference_check
reference_check_NINO3_NINO4_r900_s02_n410_16f8886e,multiscale_equal,6,0.3333333333333333,,2,NINO4,NINO3,0.9,reference_check
reference_check_NINO3_NINO4_r900_s02_n410_16f8886e,multiscale_weighted,1,0.3857883787402546,0.5221637297025179,2,NINO4,NINO3,0.9,reference_check
reference_check_NINO3_NINO4_r900_s02_n410_16f8886e,multiscale_weighted,3,0.35693181895992,0.5643786524677555,2,NINO4,NINO3,0.9,reference_check
reference_check_NINO3_NINO4_r900_s02_n410_16f8886e,multiscale_weighted,6,0.2572798022998254,0.7829790687153425,2,NINO4,NINO3,0.9,reference_check
reference_check_NINO3_NINO4_r900_s03_n410_36b03003,multiscale_equal,1,0.3333333333333333,,3,NINO4,NINO3,0.9,reference_check
reference_check_NINO3_NINO4_r900_s03_n410_36b03003,multiscale_equal,3,0.3333333333333333,,3,NINO4,NINO3,0.9,reference_check
reference_check_NINO3_NINO4_r900_s03_n410_36b03003,multiscale_equal,6,0.3333333333333333,,3,NINO4,NINO3,0.9,reference_check
reference_check_NINO3_NINO4_r900_s03_n410_36b03003,multiscale_weighted,1,0.30076777889134754,0.5272391087960282,3,NINO4,NINO3,0.9,reference_check
reference_check_NINO3_NINO4_r900_s03_n410_36b03003,multiscale_weighted,3,0.3352277514635781,0.47304119262293326,3,NINO4,NINO3,0.9,reference_check
reference_check_NINO3_NINO4_r900_s03_n410_36b03003,multiscale_weighted,6,0.36400446964507427,0.4356444722216996,3,NINO4,NINO3,0.9,reference_check
reference_check_NINO3_NINO4_r900_s04_n410_dcfd9b00,multiscale_equal,1,0.3333333333333333,,4,NINO4,NINO3,0.9,reference_check
reference_check_NINO3_NINO4_r900_s04_n410_dcfd9b00,multiscale_equal,3,0.3333333333333333,,4,NINO4,NINO3,0.9,reference_check
reference_check_NINO3_NINO4_r900_s04_n410_dcfd9b00,multiscale_equal,6,0.3333333333333333,,4,NINO4,NINO3,0.9,reference_check
reference_check_NINO3_NINO4_r900_s04_n410_dcfd9b00,multiscale_weighted,1,0.3437295053631268,0.4143041292683821,4,NINO4,NINO3,0.9,reference_check
reference_check_NINO3_NINO4_r900_s04_n410_dcfd9b00,multiscale_weighted,3,0.33330547185339143,0.42726137298520694,4,NINO4,NINO3,0.9,reference_check
reference_check_NINO3_NINO4_r900_s04_n410_dcfd9b00,multiscale_weighted,6,0.32296502278348177,0.44094110378769574,4,NINO4,NINO3,0.9,reference_check
reference_check_NINO3_NINO4_r900_s05_n410_7645f8d2,multiscale_equal,1,0.3333333333333333,,5,NINO4,NINO3,0.9,reference_check
reference_check_NINO3_NINO4_r900_s05_n410_7645f8d2,multiscale_equal,3,0.3333333333333333,,5,NINO4,NINO3,0.9,reference_check
reference_check_NINO3_NINO4_r900_s05_n410_7645f8d2,multiscale_equal,6,0.3333333333333333,,5,NINO4,NINO3,0.9,reference_check
reference_check_NINO3_NINO4_r900_s05_n410_7645f8d2,multiscale_weighted,1,0.2700603323798097,0.32447347492300666,5,NINO4,NINO3,0.9,reference_check
reference_check_NINO3_NINO4_r900_s05_n410_7645f8d2,multiscale_weighted,3,0.40165213168417313,0.21816742961823535,5,NINO4,NINO3,0.9,reference_check
reference_check_NINO3_NINO4_r900_s05_n410_7645f8d2,multiscale_weighted,6,0.3282875359360171,0.26692275615649774,5,NINO4,NINO3,0.9,reference_check
reference_check_NINO3_NINO4_r900_s06_n410_fb7d7de3,multiscale_equal,1,0.3333333333333333,,6,NINO4,NINO3,0.9,reference_check
reference_check_NINO3_NINO4_r900_s06_n410_fb7d7de3,multiscale_equal,3,0.3333333333333333,,6,NINO4,NINO3,0.9,reference_check
reference_check_NINO3_NINO4_r900_s06_n410_fb7d7de3,multiscale_equal,6,0.3333333333333333,,6,NINO4,NINO3,0.9,reference_check
reference_check_NINO3_NINO4_r900_s06_n410_fb7d7de3,multiscale_weighted,1,0.27765788261858654,0.5200196442593731,6,NINO4,NINO3,0.9,reference_check
reference_check_NINO3_NINO4_r900_s06_n410_fb7d7de3,multiscale_weighted,3,0.34218007233746245,0.42196365122487134,6,NINO4,NINO3,0.9,reference_check
reference_check_NINO3_NINO4_r900_s06_n410_fb7d7de3,multiscale_weighted,6,0.38016204504395096,0.37980528093853694,6,NINO4,NINO3,0.9,reference_check
reference_check_NINO3_NINO4_r900_s07_n410_c047bf2c,multiscale_equal,1,0.3333333333333333,,7,NINO4,NINO3,0.9,reference_check
reference_check_NINO3_NINO4_r900_s07_n410_c047bf2c,multiscale_equal,3,0.3333333333333333,,7,NINO4,NINO3,0.9,reference_check
reference_check_NINO3_NINO4_r900_s07_n410_c047bf2c,multiscale_equal,6,0.3333333333333333,,7,NINO4,NINO3,0.9,reference_check
reference_check_NINO3_NINO4_r900_s07_n410_c047bf2c,multiscale_weighted,1,0.23625307286358763,0.38489525651002343,7,NINO4,NINO3,0.9,reference_check
reference_check_NINO3_NINO4_r900_s07_n410_c047bf2c,multiscale_weighted,3,0.3422928068615133,0.265657601322322,7,NINO4,NINO3,0.9,reference_check
reference_check_NINO3_NINO4_r900_s07_n410_c047bf2c,multiscale_weighted,6,0.4214541202748991,0.2157593931453067,7,NINO4,NINO3,0.9,reference_check
reference_check_NINO3_NINO4_r900_s08_n410_1bf477b1,multiscale_equal,1,0.3333333333333333,,8,NINO4,NINO3,0.9,reference_check
reference_check_NINO3_NINO4_r900_s08_n410_1bf477b1,multiscale_equal,3,0.3333333333333333,,8,NINO4,NINO3,0.9,reference_check
reference_check_NINO3_NINO4_r900_s08_n410_1bf477b1,multiscale_equal,6,0.3333333333333333,,8,NINO4,NINO3,0.9,reference_check
reference_check_NINO3_NINO4_r900_s08_n410_1bf477b1,multiscale_weighted,1,0.2527495337482402,0.42474886409642887,8,NINO4,NINO3,0.9,reference_check
reference_check_NINO3_NINO4_r900_s08_n410_1bf477b1,multiscale_weighted,3,0.3385545758462627,0.3170982883160512,8,NINO4,NINO3,0.9,reference_check
reference_check_NINO3_NINO4_r900_s08_n410_1bf477b1,multiscale_weighted,6,0.408695890405497,0.262677160013742,8,NINO4,NINO3,0.9,reference_check
reference_check_NINO3_NINO4_r900_s09_n410_9dc6431e,multiscale_equal,1,0.3333333333333333,,9,NINO4,NINO3,0.9,reference_check
reference_check_NINO3_NINO4_r900_s09_n410_9dc6431e,multiscale_equal,3,0.3333333333333333,,9,NINO4,NINO3,0.9,reference_check
reference_check_NINO3_NINO4_r900_s09_n410_9dc6431e,multiscale_equal,6,0.3333333333333333,,9,NINO4,NINO3,0.9,reference_check
reference_check_NINO3_NINO4_r900_s09_n410_9dc6431e,multiscale_weighted,1,0.45158345432507485,0.1644592736764625,9,NINO4,NINO3,0.9,reference_check
reference_check_NINO3_NINO4_r900_s09_n410_9dc6431e,multiscale_weighted,3,0.26928325780638734,0.2757954182915049,9,NINO4,NINO3,0.9,reference_check
reference_check_NINO3_NINO4_r900_s09_n410_9dc6431e,multiscale_weighted,6,0.2791332878685378,0.2660631743143752,9,NINO4,NINO3,0.9,reference_check
reference_check_NINO3_NINO4_r900_s10_n410_e5e0701f,multiscale_equal,1,0.3333333333333333,,10,NINO4,NINO3,0.9,reference_check
reference_check_NINO3_NINO4_r900_s10_n410_e5e0701f,multiscale_equal,3,0.3333333333333333,,10,NINO4,NINO3,0.9,reference_check
reference_check_NINO3_NINO4_r900_s10_n410_e5e0701f,multiscale_equal,6,0.3333333333333333,,10,NINO4,NINO3,0.9,reference_check
reference_check_NINO3_NINO4_r900_s10_n410_e5e0701f,multiscale_weighted,1,0.22382165349063043,0.43385808341632154,10,NINO4,NINO3,0.9,reference_check
reference_check_NINO3_NINO4_r900_s10_n410_e5e0701f,multiscale_weighted,3,0.46170949572168984,0.210320195125839,10,NINO4,NINO3,0.9,reference_check
reference_check_NINO3_NINO4_r900_s10_n410_e5e0701f,multiscale_weighted,6,0.31446885078767967,0.30879634806694645,10,NINO4,NINO3,0.9,reference_check
reference_check_NINO3_NINO4_r900_s11_n410_c3063013,multiscale_equal,1,0.3333333333333333,,11,NINO4,NINO3,0.9,reference_check
reference_check_NINO3_NINO4_r900_s11_n410_c3063013,multiscale_equal,3,0.3333333333333333,,11,NINO4,NINO3,0.9,reference_check
reference_check_NINO3_NINO4_r900_s11_n410_c3063013,multiscale_equal,6,0.3333333333333333,,11,NINO4,NINO3,0.9,reference_check
reference_check_NINO3_NINO4_r900_s11_n410_c3063013,multiscale_weighted,1,0.3051984985134909,0.4161012511438075,11,NINO4,NINO3,0.9,reference_check
reference_check_NINO3_NINO4_r900_s11_n410_c3063013,multiscale_weighted,3,0.3583156766861494,0.3544178633823424,11,NINO4,NINO3,0.9,reference_check
reference_check_NINO3_NINO4_r900_s11_n410_c3063013,multiscale_weighted,6,0.33648582480035966,0.37741107471956137,11,NINO4,NINO3,0.9,reference_check
reference_check_NINO3_NINO4_r900_s12_n410_a70e409c,multiscale_equal,1,0.3333333333333333,,12,NINO4,NINO3,0.9,reference_check
reference_check_NINO3_NINO4_r900_s12_n410_a70e409c,multiscale_equal,3,0.3333333333333333,,12,NINO4,NINO3,0.9,reference_check
reference_check_NINO3_NINO4_r900_s12_n410_a70e409c,multiscale_equal,6,0.3333333333333333,,12,NINO4,NINO3,0.9,reference_check
reference_check_NINO3_NINO4_r900_s12_n410_a70e409c,multiscale_weighted,1,0.39916846279211365,0.24767310772343742,12,NINO4,NINO3,0.9,reference_check
reference_check_NINO3_NINO4_r900_s12_n410_a70e409c,multiscale_weighted,3,0.3582741056281215,0.2759431746275043,12,NINO4,NINO3,0.9,reference_check
reference_check_NINO3_NINO4_r900_s12_n410_a70e409c,multiscale_weighted,6,0.24255743157976487,0.4075871623768792,12,NINO4,NINO3,0.9,reference_check
reference_check_NINO3_NINO4_r900_s13_n410_965d5092,multiscale_equal,1,0.3333333333333333,,13,NINO4,NINO3,0.9,reference_check
reference_check_NINO3_NINO4_r900_s13_n410_965d5092,multiscale_equal,3,0.3333333333333333,,13,NINO4,NINO3,0.9,reference_check
reference_check_NINO3_NINO4_r900_s13_n410_965d5092,multiscale_equal,6,0.3333333333333333,,13,NINO4,NINO3,0.9,reference_check
reference_check_NINO3_NINO4_r900_s13_n410_965d5092,multiscale_weighted,1,0.33847292962515896,0.3320520661548468,13,NINO4,NINO3,0.9,reference_check
reference_check_NINO3_NINO4_r900_s13_n410_965d5092,multiscale_weighted,3,0.4046303112749231,0.27776128437788056,13,NINO4,NINO3,0.9,reference_check
reference_check_NINO3_NINO4_r900_s13_n410_965d5092,multiscale_weighted,6,0.2568967590999178,0.4374933994070605,13,NINO4,NINO3,0.9,reference_check
reference_check_NINO3_NINO4_r900_s14_n410_ab384914,multiscale_equal,1,0.3333333333333333,,14,NINO4,NINO3,0.9,reference_check
reference_check_NINO3_NINO4_r900_s14_n410_ab384914,multiscale_equal,3,0.3333333333333333,,14,NINO4,NINO3,0.9,reference_check
reference_check_NINO3_NINO4_r900_s14_n410_ab384914,multiscale_equal,6,0.3333333333333333,,14,NINO4,NINO3,0.9,reference_check
reference_check_NINO3_NINO4_r900_s14_n410_ab384914,multiscale_weighted,1,0.35809459868702886,0.43539861835651333,14,NINO4,NINO3,0.9,reference_check
reference_check_NINO3_NINO4_r900_s14_n410_ab384914,multiscale_weighted,3,0.36226450141704664,0.43038689371353017,14,NINO4,NINO3,0.9,reference_check
reference_check_NINO3_NINO4_r900_s14_n410_ab384914,multiscale_weighted,6,0.27964089989592456,0.5575503953528499,14,NINO4,NINO3,0.9,reference_check
reference_check_NINO3_NINO4_r900_s15_n410_31f4f9da,multiscale_equal,1,0.3333333333333333,,15,NINO4,NINO3,0.9,reference_check
reference_check_NINO3_NINO4_r900_s15_n410_31f4f9da,multiscale_equal,3,0.3333333333333333,,15,NINO4,NINO3,0.9,reference_check
reference_check_NINO3_NINO4_r900_s15_n410_31f4f9da,multiscale_equal,6,0.3333333333333333,,15,NINO4,NINO3,0.9,reference_check
reference_check_NINO3_NINO4_r900_s15_n410_31f4f9da,multiscale_weighted,1,0.3402758839348701,0.2226511753032272,15,NINO4,NINO3,0.9,reference_check
reference_check_NINO3_NINO4_r900_s15_n410_31f4f9da,multiscale_weighted,3,0.34896660220944176,0.21710623572242327,15,NINO4,NINO3,0.9,reference_check
reference_check_NINO3_NINO4_r900_s15_n410_31f4f9da,multiscale_weighted,6,0.31075751385568806,0.2438004630704131,15,NINO4,NINO3,0.9,reference_check
reference_check_NINO3_NINO4_r900_s16_n410_c63a4774,multiscale_equal,1,0.3333333333333333,,16,NINO4,NINO3,0.9,reference_check
reference_check_NINO3_NINO4_r900_s16_n410_c63a4774,multiscale_equal,3,0.3333333333333333,,16,NINO4,NINO3,0.9,reference_check
reference_check_NINO3_NINO4_r900_s16_n410_c63a4774,multiscale_equal,6,0.3333333333333333,,16,NINO4,NINO3,0.9,reference_check
reference_check_NINO3_NINO4_r900_s16_n410_c63a4774,multiscale_weighted,1,0.22517456038195363,0.4616947913295724,16,NINO4,NINO3,0.9,reference_check
reference_check_NINO3_NINO4_r900_s16_n410_c63a4774,multiscale_weighted,3,0.4360594112461172,0.23841228254272998,16,NINO4,NINO3,0.9,reference_check
reference_check_NINO3_NINO4_r900_s16_n410_c63a4774,multiscale_weighted,6,0.3387660283719292,0.3068841377985529,16,NINO4,NINO3,0.9,reference_check
reference_check_NINO3_NINO4_r900_s17_n410_7b5523fe,multiscale_equal,1,0.3333333333333333,,17,NINO4,NINO3,0.9,reference_check
reference_check_NINO3_NINO4_r900_s17_n410_7b5523fe,multiscale_equal,3,0.3333333333333333,,17,NINO4,NINO3,0.9,reference_check
reference_check_NINO3_NINO4_r900_s17_n410_7b5523fe,multiscale_equal,6,0.3333333333333333,,17,NINO4,NINO3,0.9,reference_check
reference_check_NINO3_NINO4_r900_s17_n410_7b5523fe,multiscale_weighted,1,0.24352853109963327,0.4363668183317931,17,NINO4,NINO3,0.9,reference_check
reference_check_NINO3_NINO4_r900_s17_n410_7b5523fe,multiscale_weighted,3,0.35754011281051157,0.2972191520372593,17,NINO4,NINO3,0.9,reference_check
reference_check_NINO3_NINO4_r900_s17_n410_7b5523fe,multiscale_weighted,6,0.3989313560898551,0.26638108815642497,17,NINO4,NINO3,0.9,reference_check
reference_check_NINO3_NINO4_r900_s18_n410_eafc2063,multiscale_equal,1,0.3333333333333333,,18,NINO4,NINO3,0.9,reference_check
reference_check_NINO3_NINO4_r900_s18_n410_eafc2063,multiscale_equal,3,0.3333333333333333,,18,NINO4,NINO3,0.9,reference_check
reference_check_NINO3_NINO4_r900_s18_n410_eafc2063,multiscale_equal,6,0.3333333333333333,,18,NINO4,NINO3,0.9,reference_check
reference_check_NINO3_NINO4_r900_s18_n410_eafc2063,multiscale_weighted,1,0.37621845948397414,0.3841510171468429,18,NINO4,NINO3,0.9,reference_check
reference_check_NINO3_NINO4_r900_s18_n410_eafc2063,multiscale_weighted,3,0.2932122728330441,0.4929012804063002,18,NINO4,NINO3,0.9,reference_check
reference_check_NINO3_NINO4_r900_s18_n410_eafc2063,multiscale_weighted,6,0.33056926768298184,0.437199457014495,18,NINO4,NINO3,0.9,reference_check
reference_check_NINO3_NINO4_r900_s19_n410_e73cdf19,multiscale_equal,1,0.3333333333333333,,19,NINO4,NINO3,0.9,reference_check
reference_check_NINO3_NINO4_r900_s19_n410_e73cdf19,multiscale_equal,3,0.3333333333333333,,19,NINO4,NINO3,0.9,reference_check
reference_check_NINO3_NINO4_r900_s19_n410_e73cdf19,multiscale_equal,6,0.3333333333333333,,19,NINO4,NINO3,0.9,reference_check
reference_check_NINO3_NINO4_r900_s19_n410_e73cdf19,multiscale_weighted,1,0.34517372013121206,0.31265533804039813,19,NINO4,NINO3,0.9,reference_check
reference_check_NINO3_NINO4_r900_s19_n410_e73cdf19,multiscale_weighted,3,0.33625002550074484,0.3209528566691031,19,NINO4,NINO3,0.9,reference_check
reference_check_NINO3_NINO4_r900_s19_n410_e73cdf19,multiscale_weighted,6,0.31857625436804315,0.3387584759898106,19,NINO4,NINO3,0.9,reference_check
reference_check_NINO3_NINO34_r100_s00_n410_a8558b59,multiscale_equal,1,0.3333333333333333,,0,NINO34,NINO3,0.1,reference_check
reference_check_NINO3_NINO34_r100_s00_n410_a8558b59,multiscale_equal,3,0.3333333333333333,,0,NINO34,NINO3,0.1,reference_check
reference_check_NINO3_NINO34_r100_s00_n410_a8558b59,multiscale_equal,6,0.3333333333333333,,0,NINO34,NINO3,0.1,reference_check
reference_check_NINO3_NINO34_r100_s00_n410_a8558b59,multiscale_weighted,1,0.3402171106993284,0.09785584423079617,0,NINO34,NINO3,0.1,reference_check
reference_check_NINO3_NINO34_r100_s00_n410_a8558b59,multiscale_weighted,3,0.32850023472989576,0.101346145867408,0,NINO34,NINO3,0.1,reference_check
reference_check_NINO3_NINO34_r100_s00_n410_a8558b59,multiscale_weighted,6,0.3312826545707758,0.1004949465939424,0,NINO34,NINO3,0.1,reference_check
reference_check_NINO3_NINO34_r100_s01_n410_66818c95,multiscale_equal,1,0.3333333333333333,,1,NINO34,NINO3,0.1,reference_check
reference_check_NINO3_NINO34_r100_s01_n410_66818c95,multiscale_equal,3,0.3333333333333333,,1,NINO34,NINO3,0.1,reference_check
reference_check_NINO3_NINO34_r100_s01_n410_66818c95,multiscale_equal,6,0.3333333333333333,,1,NINO34,NINO3,0.1,reference_check
reference_check_NINO3_NINO34_r100_s01_n410_66818c95,multiscale_weighted,1,0.34106943883613067,0.0946438601884397,1,NINO34,NINO3,0.1,reference_check
reference_check_NINO3_NINO34_r100_s01_n410_66818c95,multiscale_weighted,3,0.3285336090740915,0.09825517851914736,1,NINO34,NINO3,0.1,reference_check
reference_check_NINO3_NINO34_r100_s01_n410_66818c95,multiscale_weighted,6,0.3303969520897777,0.09770104774365422,1,NINO34,NINO3,0.1,reference_check
reference_check_NINO3_NINO34_r100_s02_n410_d748e178,multiscale_equal,1,0.3333333333333333,,2,NINO34,NINO3,0.1,reference_check
reference_check_NINO3_NINO34_r100_s02_n410_d748e178,multiscale_equal,3,0.3333333333333333,,2,NINO34,NINO3,0.1,reference_check
reference_check_NINO3_NINO34_r100_s02_n410_d748e178,multiscale_equal,6,0.3333333333333333,,2,NINO34,NINO3,0.1,reference_check
reference_check_NINO3_NINO34_r100_s02_n410_d748e178,multiscale_weighted,1,0.3479567023375344,0.09249922434370138,2,NINO34,NINO3,0.1,reference_check
reference_check_NINO3_NINO34_r100_s02_n410_d748e178,multiscale_weighted,3,0.32348645047362484,0.09949636304393177,2,NINO34,NINO3,0.1,reference_check
reference_check_NINO3_NINO34_r100_s02_n410_d748e178,multiscale_weighted,6,0.32855684718884076,0.09796090247637923,2,NINO34,NINO3,0.1,reference_check
reference_check_NINO3_NINO34_r100_s03_n410_d568f6ec,multiscale_equal,1,0.3333333333333333,,3,NINO34,NINO3,0.1,reference_check
reference_check_NINO3_NINO34_r100_s03_n410_d568f6ec,multiscale_equal,3,0.3333333333333333,,3,NINO34,NINO3,0.1,reference_check
reference_check_NINO3_NINO34_r100_s03_n410_d568f6ec,multiscale_equal,6,0.3333333333333333,,3,NINO34,NINO3,0.1,reference_check
reference_check_NINO3_NINO34_r100_s03_n410_d568f6ec,multiscale_weighted,1,0.3432537588268059,0.09392845353481952,3,NINO34,NINO3,0.1,reference_check
reference_check_NINO3_NINO34_r100_s03_n410_d568f6ec,multiscale_weighted,3,0.32472844519726046,0.09928694390256922,3,NINO34,NINO3,0.1,reference_check
reference_check_NINO3_NINO34_r100_s03_n410_d568f6ec,multiscale_weighted,6,0.3320177959759335,0.09710712871340318,3,NINO34,NINO3,0.1,reference_check
reference_check_NINO3_NINO34_r100_s04_n410_b670f5b4,multiscale_equal,1,0.3333333333333333,,4,NINO34,NINO3,0.1,reference_check
reference_check_NINO3_NINO34_r100_s04_n410_b670f5b4,multiscale_equal,3,0.3333333333333333,,4,NINO34,NINO3,0.1,reference_check
reference_check_NINO3_NINO34_r100_s04_n410_b670f5b4,multiscale_equal,6,0.3333333333333333,,4,NINO34,NINO3,0.1,reference_check
reference_check_NINO3_NINO34_r100_s04_n410_b670f5b4,multiscale_weighted,1,0.34068532815102504,0.09042076142850489,4,NINO34,NINO3,0.1,reference_check
reference_check_NINO3_NINO34_r100_s04_n410_b670f5b4,multiscale_weighted,3,0.3276690624936091,0.09401261954567107,4,NINO34,NINO3,0.1,reference_check
reference_check_NINO3_NINO34_r100_s04_n410_b670f5b4,multiscale_weighted,6,0.33164560935536586,0.09288537523294822,4,NINO34,NINO3,0.1,reference_check
reference_check_NINO3_NINO34_r100_s05_n410_540a3639,multiscale_equal,1,0.3333333333333333,,5,NINO34,NINO3,0.1,reference_check
reference_check_NINO3_NINO34_r100_s05_n410_540a3639,multiscale_equal,3,0.3333333333333333,,5,NINO34,NINO3,0.1,reference_check
reference_check_NINO3_NINO34_r100_s05_n410_540a3639,multiscale_equal,6,0.3333333333333333,,5,NINO34,NINO3,0.1,reference_check
reference_check_NINO3_NINO34_r100_s05_n410_540a3639,multiscale_weighted,1,0.34157441838068464,0.09531765551876253,5,NINO34,NINO3,0.1,reference_check
reference_check_NINO3_NINO34_r100_s05_n410_540a3639,multiscale_weighted,3,0.32561669183488035,0.09998895548425749,5,NINO34,NINO3,0.1,reference_check
reference_check_NINO3_NINO34_r100_s05_n410_540a3639,multiscale_weighted,6,0.332808889784435,0.09782813450078023,5,NINO34,NINO3,0.1,reference_check
reference_check_NINO3_NINO34_r100_s06_n410_124d48f7,multiscale_equal,1,0.3333333333333333,,6,NINO34,NINO3,0.1,reference_check
reference_check_NINO3_NINO34_r100_s06_n410_124d48f7,multiscale_equal,3,0.3333333333333333,,6,NINO34,NINO3,0.1,reference_check
reference_check_NINO3_NINO34_r100_s06_n410_124d48f7,multiscale_equal,6,0.3333333333333333,,6,NINO34,NINO3,0.1,reference_check
reference_check_NINO3_NINO34_r100_s06_n410_124d48f7,multiscale_weighted,1,0.3405768424535532,0.09493664672699885,6,NINO34,NINO3,0.1,reference_check
reference_check_NINO3_NINO34_r100_s06_n410_124d48f7,multiscale_weighted,3,0.32648780448866266,0.09903348018447311,6,NINO34,NINO3,0.1,reference_check
reference_check_NINO3_NINO34_r100_s06_n410_124d48f7,multiscale_weighted,6,0.33293535305778416,0.0971156206598849,6,NINO34,NINO3,0.1,reference_check
reference_check_NINO3_NINO34_r100_s07_n410_1fcab94b,multiscale_equal,1,0.3333333333333333,,7,NINO34,NINO3,0.1,reference_check
reference_check_NINO3_NINO34_r100_s07_n410_1fcab94b,multiscale_equal,3,0.3333333333333333,,7,NINO34,NINO3,0.1,reference_check
reference_check_NINO3_NINO34_r100_s07_n410_1fcab94b,multiscale_equal,6,0.3333333333333333,,7,NINO34,NINO3,0.1,reference_check
reference_check_NINO3_NINO34_r100_s07_n410_1fcab94b,multiscale_weighted,1,0.3434718211288525,0.09210567446450568,7,NINO34,NINO3,0.1,reference_check
reference_check_NINO3_NINO34_r100_s07_n410_1fcab94b,multiscale_weighted,3,0.33170693559319525,0.0953724522090543,7,NINO34,NINO3,0.1,reference_check
reference_check_NINO3_NINO34_r100_s07_n410_1fcab94b,multiscale_weighted,6,0.32482124327795214,0.09739419630279496,7,NINO34,NINO3,0.1,reference_check
reference_check_NINO3_NINO34_r100_s08_n410_783c3530,multiscale_equal,1,0.3333333333333333,,8,NINO34,NINO3,0.1,reference_check
reference_check_NINO3_NINO34_r100_s08_n410_783c3530,multiscale_equal,3,0.3333333333333333,,8,NINO34,NINO3,0.1,reference_check
reference_check_NINO3_NINO34_r100_s08_n410_783c3530,multiscale_equal,6,0.3333333333333333,,8,NINO34,NINO3,0.1,reference_check
reference_check_NINO3_NINO34_r100_s08_n410_783c3530,multiscale_weighted,1,0.3421357079019708,0.09513400339371107,8,NINO34,NINO3,0.1,reference_check
reference_check_NINO3_NINO34_r100_s08_n410_783c3530,multiscale_weighted,3,0.33263277140805864,0.09785187296460303,8,NINO34,NINO3,0.1,reference_check
reference_check_NINO3_NINO34_r100_s08_n410_783c3530,multiscale_weighted,6,0.3252315206899705,0.10007867532841333,8,NINO34,NINO3,0.1,reference_check
reference_check_NINO3_NINO34_r100_s09_n410_b9ab351f,multiscale_equal,1,0.3333333333333333,,9,NINO34,NINO3,0.1,reference_check
reference_check_NINO3_NINO34_r100_s09_n410_b9ab351f,multiscale_equal,3,0.3333333333333333,,9,NINO34,NINO3,0.1,reference_check
reference_check_NINO3_NINO34_r100_s09_n410_b9ab351f,multiscale_equal,6,0.3333333333333333,,9,NINO34,NINO3,0.1,reference_check
reference_check_NINO3_NINO34_r100_s09_n410_b9ab351f,multiscale_weighted,1,0.34137721413062194,0.09312071951985545,9,NINO34,NINO3,0.1,reference_check
reference_check_NINO3_NINO34_r100_s09_n410_b9ab351f,multiscale_weighted,3,0.32629649177796266,0.0974245594401499,9,NINO34,NINO3,0.1,reference_check
reference_check_NINO3_NINO34_r100_s09_n410_b9ab351f,multiscale_weighted,6,0.33232629409141556,0.09565686634862529,9,NINO34,NINO3,0.1,reference_check
reference_check_NINO3_NINO34_r100_s10_n410_de4a68a4,multiscale_equal,1,0.3333333333333333,,10,NINO34,NINO3,0.1,reference_check
reference_check_NINO3_NINO34_r100_s10_n410_de4a68a4,multiscale_equal,3,0.3333333333333333,,10,NINO34,NINO3,0.1,reference_check
reference_check_NINO3_NINO34_r100_s10_n410_de4a68a4,multiscale_equal,6,0.3333333333333333,,10,NINO34,NINO3,0.1,reference_check
reference_check_NINO3_NINO34_r100_s10_n410_de4a68a4,multiscale_weighted,1,0.34267725780232466,0.08936730524919587,10,NINO34,NINO3,0.1,reference_check
reference_check_NINO3_NINO34_r100_s10_n410_de4a68a4,multiscale_weighted,3,0.3259239340536161,0.09396101380659314,10,NINO34,NINO3,0.1,reference_check
reference_check_NINO3_NINO34_r100_s10_n410_de4a68a4,multiscale_weighted,6,0.33139880814405914,0.09240873068997252,10,NINO34,NINO3,0.1,reference_check
reference_check_NINO3_NINO34_r100_s11_n410_66ab8fa6,multiscale_equal,1,0.3333333333333333,,11,NINO34,NINO3,0.1,reference_check
reference_check_NINO3_NINO34_r100_s11_n410_66ab8fa6,multiscale_equal,3,0.3333333333333333,,11,NINO34,NINO3,0.1,reference_check
reference_check_NINO3_NINO34_r100_s11_n410_66ab8fa6,multiscale_equal,6,0.3333333333333333,,11,NINO34,NINO3,0.1,reference_check
reference_check_NINO3_NINO34_r100_s11_n410_66ab8fa6,multiscale_weighted,1,0.34187000752122404,0.09226655539287584,11,NINO34,NINO3,0.1,reference_check
reference_check_NINO3_NINO34_r100_s11_n410_66ab8fa6,multiscale_weighted,3,0.32876193920762453,0.0959453159122534,11,NINO34,NINO3,0.1,reference_check
reference_check_NINO3_NINO34_r100_s11_n410_66ab8fa6,multiscale_weighted,6,0.3293680532711514,0.09576875412738227,11,NINO34,NINO3,0.1,reference_check
reference_check_NINO3_NINO34_r100_s12_n410_fcb215bb,multiscale_equal,1,0.3333333333333333,,12,NINO34,NINO3,0.1,reference_check
reference_check_NINO3_NINO34_r100_s12_n410_fcb215bb,multiscale_equal,3,0.3333333333333333,,12,NINO34,NINO3,0.1,reference_check
reference_check_NINO3_NINO34_r100_s12_n410_fcb215bb,multiscale_equal,6,0.3333333333333333,,12,NINO34,NINO3,0.1,reference_check
reference_check_NINO3_NINO34_r100_s12_n410_fcb215bb,multiscale_weighted,1,0.34354007257985103,0.08706003955962699,12,NINO34,NINO3,0.1,reference_check
reference_check_NINO3_NINO34_r100_s12_n410_fcb215bb,multiscale_weighted,3,0.3283413408226972,0.09108999916418319,12,NINO34,NINO3,0.1,reference_check
reference_check_NINO3_NINO34_r100_s12_n410_fcb215bb,multiscale_weighted,6,0.3281185865974517,0.091151838649198,12,NINO34,NINO3,0.1,reference_check
reference_check_NINO3_NINO34_r100_s13_n410_a12ddd31,multiscale_equal,1,0.3333333333333333,,13,NINO34,NINO3,0.1,reference_check
reference_check_NINO3_NINO34_r100_s13_n410_a12ddd31,multiscale_equal,3,0.3333333333333333,,13,NINO34,NINO3,0.1,reference_check
reference_check_NINO3_NINO34_r100_s13_n410_a12ddd31,multiscale_equal,6,0.3333333333333333,,13,NINO34,NINO3,0.1,reference_check
reference_check_NINO3_NINO34_r100_s13_n410_a12ddd31,multiscale_weighted,1,0.33972122106545305,0.0948965752206299,13,NINO34,NINO3,0.1,reference_check
reference_check_NINO3_NINO34_r100_s13_n410_a12ddd31,multiscale_weighted,3,0.3268868549368047,0.09862244397517342,13,NINO34,NINO3,0.1,reference_check
reference_check_NINO3_NINO34_r100_s13_n410_a12ddd31,multiscale_weighted,6,0.3333919239977423,0.09669814459090884,13,NINO34,NINO3,0.1,reference_check
reference_check_NINO3_NINO34_r100_s14_n410_e2549efc,multiscale_equal,1,0.3333333333333333,,14,NINO34,NINO3,0.1,reference_check
reference_check_NINO3_NINO34_r100_s14_n410_e2549efc,multiscale_equal,3,0.3333333333333333,,14,NINO34,NINO3,0.1,reference_check
reference_check_NINO3_NINO34_r100_s14_n410_e2549efc,multiscale_equal,6,0.3333333333333333,,14,NINO34,NINO3,0.1,reference_check
reference_check_NINO3_NINO34_r100_s14_n410_e2549efc,multiscale_weighted,1,0.33771977131173747,0.09048564221790135,14,NINO34,NINO3,0.1,reference_check
reference_check_NINO3_NINO34_r100_s14_n410_e2549efc,multiscale_weighted,3,0.3276023642068283,0.09328012809671435,14,NINO34,NINO3,0.1,reference_check
reference_check_NINO3_NINO34_r100_s14_n410_e2549efc,multiscale_weighted,6,0.33467786448143433,0.09130807164254391,14,NINO34,NINO3,0.1,reference_check
reference_check_NINO3_NINO34_r100_s15_n410_2f196717,multiscale_equal,1,0.3333333333333333,,15,NINO34,NINO3,0.1,reference_check
reference_check_NINO3_NINO34_r100_s15_n410_2f196717,multiscale_equal,3,0.3333333333333333,,15,NINO34,NINO3,0.1,reference_check
reference_check_NINO3_NINO34_r100_s15_n410_2f196717,multiscale_equal,6,0.3333333333333333,,15,NINO34,NINO3,0.1,reference_check
reference_check_NINO3_NINO34_r100_s15_n410_2f196717,multiscale_weighted,1,0.34430531411019044,0.09563622819031652,15,NINO34,NINO3,0.1,reference_check
reference_check_NINO3_NINO34_r100_s15_n410_2f196717,multiscale_weighted,3,0.32748960739784966,0.10054689068509981,15,NINO34,NINO3,0.1,reference_check
reference_check_NINO3_NINO34_r100_s15_n410_2f196717,multiscale_weighted,6,0.32820507849195996,0.10032770333622298,15,NINO34,NINO3,0.1,reference_check
reference_check_NINO3_NINO34_r100_s16_n410_7eccfab3,multiscale_equal,1,0.3333333333333333,,16,NINO34,NINO3,0.1,reference_check
reference_check_NINO3_NINO34_r100_s16_n410_7eccfab3,multiscale_equal,3,0.3333333333333333,,16,NINO34,NINO3,0.1,reference_check
reference_check_NINO3_NINO34_r100_s16_n410_7eccfab3,multiscale_equal,6,0.3333333333333333,,16,NINO34,NINO3,0.1,reference_check
reference_check_NINO3_NINO34_r100_s16_n410_7eccfab3,multiscale_weighted,1,0.34743613479065766,0.08985720960652466,16,NINO34,NINO3,0.1,reference_check
reference_check_NINO3_NINO34_r100_s16_n410_7eccfab3,multiscale_weighted,3,0.32819757449280496,0.09512453536378863,16,NINO34,NINO3,0.1,reference_check
reference_check_NINO3_NINO34_r100_s16_n410_7eccfab3,multiscale_weighted,6,0.32436629071653733,0.0962481081202919,16,NINO34,NINO3,0.1,reference_check
reference_check_NINO3_NINO34_r100_s17_n410_115cc12d,multiscale_equal,1,0.3333333333333333,,17,NINO34,NINO3,0.1,reference_check
reference_check_NINO3_NINO34_r100_s17_n410_115cc12d,multiscale_equal,3,0.3333333333333333,,17,NINO34,NINO3,0.1,reference_check
reference_check_NINO3_NINO34_r100_s17_n410_115cc12d,multiscale_equal,6,0.3333333333333333,,17,NINO34,NINO3,0.1,reference_check
reference_check_NINO3_NINO34_r100_s17_n410_115cc12d,multiscale_weighted,1,0.34497664539924694,0.0931264067835739,17,NINO34,NINO3,0.1,reference_check
reference_check_NINO3_NINO34_r100_s17_n410_115cc12d,multiscale_weighted,3,0.3306857794170272,0.09715094374432434,17,NINO34,NINO3,0.1,reference_check
reference_check_NINO3_NINO34_r100_s17_n410_115cc12d,multiscale_weighted,6,0.32433757518372597,0.09905246284977987,17,NINO34,NINO3,0.1,reference_check
reference_check_NINO3_NINO34_r100_s18_n410_fb1ad608,multiscale_equal,1,0.3333333333333333,,18,NINO34,NINO3,0.1,reference_check
reference_check_NINO3_NINO34_r100_s18_n410_fb1ad608,multiscale_equal,3,0.3333333333333333,,18,NINO34,NINO3,0.1,reference_check
reference_check_NINO3_NINO34_r100_s18_n410_fb1ad608,multiscale_equal,6,0.3333333333333333,,18,NINO34,NINO3,0.1,reference_check
reference_check_NINO3_NINO34_r100_s18_n410_fb1ad608,multiscale_weighted,1,0.3487888122390566,0.09461416059790988,18,NINO34,NINO3,0.1,reference_check
reference_check_NINO3_NINO34_r100_s18_n410_fb1ad608,multiscale_weighted,3,0.327762655149468,0.10068371239900077,18,NINO34,NINO3,0.1,reference_check
reference_check_NINO3_NINO34_r100_s18_n410_fb1ad608,multiscale_weighted,6,0.3234485326114753,0.10202662130788823,18,NINO34,NINO3,0.1,reference_check
reference_check_NINO3_NINO34_r100_s19_n410_c96c8304,multiscale_equal,1,0.3333333333333333,,19,NINO34,NINO3,0.1,reference_check
reference_check_NINO3_NINO34_r100_s19_n410_c96c8304,multiscale_equal,3,0.3333333333333333,,19,NINO34,NINO3,0.1,reference_check
reference_check_NINO3_NINO34_r100_s19_n410_c96c8304,multiscale_equal,6,0.3333333333333333,,19,NINO34,NINO3,0.1,reference_check
reference_check_NINO3_NINO34_r100_s19_n410_c96c8304,multiscale_weighted,1,0.3396706210433036,0.09059047931224407,19,NINO34,NINO3,0.1,reference_check
reference_check_NINO3_NINO34_r100_s19_n410_c96c8304,multiscale_weighted,3,0.32834329264074386,0.09371570905071515,19,NINO34,NINO3,0.1,reference_check
reference_check_NINO3_NINO34_r100_s19_n410_c96c8304,multiscale_weighted,6,0.3319860863159525,0.09268739177268118,19,NINO34,NINO3,0.1,reference_check
reference_check_NINO3_NINO34_r300_s00_n410_11ce5bc3,multiscale_equal,1,0.3333333333333333,,0,NINO34,NINO3,0.3,reference_check
reference_check_NINO3_NINO34_r300_s00_n410_11ce5bc3,multiscale_equal,3,0.3333333333333333,,0,NINO34,NINO3,0.3,reference_check
reference_check_NINO3_NINO34_r300_s00_n410_11ce5bc3,multiscale_equal,6,0.3333333333333333,,0,NINO34,NINO3,0.3,reference_check
reference_check_NINO3_NINO34_r300_s00_n410_11ce5bc3,multiscale_weighted,1,0.33749793335123746,0.0951305623642136,0,NINO34,NINO3,0.3,reference_check
reference_check_NINO3_NINO34_r300_s00_n410_11ce5bc3,multiscale_weighted,3,0.32489522337281956,0.09882068437075148,0,NINO34,NINO3,0.3,reference_check
reference_check_NINO3_NINO34_r300_s00_n410_11ce5bc3,multiscale_weighted,6,0.33760684327594304,0.09509987381722548,0,NINO34,NINO3,0.3,reference_check
reference_check_NINO3_NINO34_r300_s01_n410_3a75ce8a,multiscale_equal,1,0.3333333333333333,,1,NINO34,NINO3,0.3,reference_check
reference_check_NINO3_NINO34_r300_s01_n410_3a75ce8a,multiscale_equal,3,0.3333333333333333,,1,NINO34,NINO3,0.3,reference_check
reference_check_NINO3_NINO34_r300_s01_n410_3a75ce8a,multiscale_equal,6,0.3333333333333333,,1,NINO34,NINO3,0.3,reference_check
reference_check_NINO3_NINO34_r300_s01_n410_3a75ce8a,multiscale_weighted,1,0.34400975311067483,0.10127524868134011,1,NINO34,NINO3,0.3,reference_check
reference_check_NINO3_NINO34_r300_s01_n410_3a75ce8a,multiscale_weighted,3,0.3267958335329142,0.10660990714167176,1,NINO34,NINO3,0.3,reference_check
reference_check_NINO3_NINO34_r300_s01_n410_3a75ce8a,multiscale_weighted,6,0.32919441335641103,0.1058331248335108,1,NINO34,NINO3,0.3,reference_check
reference_check_NINO3_NINO34_r300_s02_n410_a57ecbb8,multiscale_equal,1,0.3333333333333333,,2,NINO34,NINO3,0.3,reference_check
reference_check_NINO3_NINO34_r300_s02_n410_a57ecbb8,multiscale_equal,3,0.3333333333333333,,2,NINO34,NINO3,0.3,reference_check
reference_check_NINO3_NINO34_r300_s02_n410_a57ecbb8,multiscale_equal,6,0.3333333333333333,,2,NINO34,NINO3,0.3,reference_check
reference_check_NINO3_NINO34_r300_s02_n410_a57ecbb8,multiscale_weighted,1,0.3469257673884611,0.0900322323295569,2,NINO34,NINO3,0.3,reference_check
reference_check_NINO3_NINO34_r300_s02_n410_a57ecbb8,multiscale_weighted,3,0.32244952224979057,0.09686632908450675,2,NINO34,NINO3,0.3,reference_check
reference_check_NINO3_NINO34_r300_s02_n410_a57ecbb8,multiscale_weighted,6,0.33062471036174834,0.09447116466117589,2,NINO34,NINO3,0.3,reference_check
reference_check_NINO3_NINO34_r300_s03_n410_b71b250c,multiscale_equal,1,0.3333333333333333,,3,NINO34,NINO3,0.3,reference_check
reference_check_NINO3_NINO34_r300_s03_n410_b71b250c,multiscale_equal,3,0.3333333333333333,,3,NINO34,NINO3,0.3,reference_check
reference_check_NINO3_NINO34_r300_s03_n410_b71b250c,multiscale_equal,6,0.3333333333333333,,3,NINO34,NINO3,0.3,reference_check
reference_check_NINO3_NINO34_r300_s03_n410_b71b250c,multiscale_weighted,1,0.340271470421944,0.09797346708152407,3,NINO34,NINO3,0.3,reference_check
reference_check_NINO3_NINO34_r300_s03_n410_b71b250c,multiscale_weighted,3,0.3273190137827235,0.10185041024784583,3,NINO34,NINO3,0.3,reference_check
reference_check_NINO3_NINO34_r300_s03_n410_b71b250c,multiscale_weighted,6,0.3324095157953325,0.10029067821666066,3,NINO34,NINO3,0.3,reference_check
reference_check_NINO3_NINO34_r300_s04_n410_12cc4375,multiscale_equal,1,0.3333333333333333,,4,NINO34,NINO3,0.3,reference_check
reference_check_NINO3_NINO34_r300_s04_n410_12cc4375,multiscale_equal,3,0.3333333333333333,,4,NINO34,NINO3,0.3,reference_check
reference_check_NINO3_NINO34_r300_s04_n410_12cc4375,multiscale_equal,6,0.3333333333333333,,4,NINO34,NINO3,0.3,reference_check
reference_check_NINO3_NINO34_r300_s04_n410_12cc4375,multiscale_weighted,1,0.3422599286186278,0.09574999370511418,4,NINO34,NINO3,0.3,reference_check
reference_check_NINO3_NINO34_r300_s04_n410_12cc4375,multiscale_weighted,3,0.3315447964085634,0.0988445195728951,4,NINO34,NINO3,0.3,reference_check
reference_check_NINO3_NINO34_r300_s04_n410_12cc4375,multiscale_weighted,6,0.32619527497280887,0.10046554529069972,4,NINO34,NINO3,0.3,reference_check
reference_check_NINO3_NINO34_r300_s05_n410_eee503c6,multiscale_equal,1,0.3333333333333333,,5,NINO34,NINO3,0.3,reference_check
reference_check_NINO3_NINO34_r300_s05_n410_eee503c6,multiscale_equal,3,0.3333333333333333,,5,NINO34,NINO3,0.3,reference_check
reference_check_NINO3_NINO34_r300_s05_n410_eee503c6,multiscale_equal,6,0.3333333333333333,,5,NINO34,NINO3,0.3,reference_check
reference_check_NINO3_NINO34_r300_s05_n410_eee503c6,multiscale_weighted,1,0.33609006990076096,0.09323436364253673,5,NINO34,NINO3,0.3,reference_check
reference_check_NINO3_NINO34_r300_s05_n410_eee503c6,multiscale_weighted,3,0.32859765577254774,0.09536021733030006,5,NINO34,NINO3,0.3,reference_check
reference_check_NINO3_NINO34_r300_s05_n410_eee503c6,multiscale_weighted,6,0.3353122743266913,0.09345063154777801,5,NINO34,NINO3,0.3,reference_check
reference_check_NINO3_NINO34_r300_s06_n410_cf365e1d,multiscale_equal,1,0.3333333333333333,,6,NINO34,NINO3,0.3,reference_check
reference_check_NINO3_NINO34_r300_s06_n410_cf365e1d,multiscale_equal,3,0.3333333333333333,,6,NINO34,NINO3,0.3,reference_check
reference_check_NINO3_NINO34_r300_s06_n410_cf365e1d,multiscale_equal,6,0.3333333333333333,,6,NINO34,NINO3,0.3,reference_check
reference_check_NINO3_NINO34_r300_s06_n410_cf365e1d,multiscale_weighted,1,0.33768894127527904,0.09842052931430947,6,NINO34,NINO3,0.3,reference_check
reference_check_NINO3_NINO34_r300_s06_n410_cf365e1d,multiscale_weighted,3,0.32417092623700644,0.10252469234326977,6,NINO34,NINO3,0.3,reference_check
reference_check_NINO3_NINO34_r300_s06_n410_cf365e1d,multiscale_weighted,6,0.33814013248771446,0.09828920363541101,6,NINO34,NINO3,0.3,reference_check
reference_check_NINO3_NINO34_r300_s07_n410_a9fd972b,multiscale_equal,1,0.3333333333333333,,7,NINO34,NINO3,0.3,reference_check
reference_check_NINO3_NINO34_r300_s07_n410_a9fd972b,multiscale_equal,3,0.3333333333333333,,7,NINO34,NINO3,0.3,reference_check
reference_check_NINO3_NINO34_r300_s07_n410_a9fd972b,multiscale_equal,6,0.3333333333333333,,7,NINO34,NINO3,0.3,reference_check
reference_check_NINO3_NINO34_r300_s07_n410_a9fd972b,multiscale_weighted,1,0.34636966713353456,0.09170497110069248,7,NINO34,NINO3,0.3,reference_check
reference_check_NINO3_NINO34_r300_s07_n410_a9fd972b,multiscale_weighted,3,0.3307659643916867,0.09603110322759865,7,NINO34,NINO3,0.3,reference_check
reference_check_NINO3_NINO34_r300_s07_n410_a9fd972b,multiscale_weighted,6,0.32286436847477873,0.09838131318034107,7,NINO34,NINO3,0.3,reference_check
reference_check_NINO3_NINO34_r300_s08_n410_8b858d28,multiscale_equal,1,0.3333333333333333,,8,NINO34,NINO3,0.3,reference_check
reference_check_NINO3_NINO34_r300_s08_n410_8b858d28,multiscale_equal,3,0.3333333333333333,,8,NINO34,NINO3,0.3,reference_check
reference_check_NINO3_NINO34_r300_s08_n410_8b858d28,multiscale_equal,6,0.3333333333333333,,8,NINO34,NINO3,0.3,reference_check
reference_check_NINO3_NINO34_r300_s08_n410_8b858d28,multiscale_weighted,1,0.3370019427928977,0.09594406564059456,8,NINO34,NINO3,0.3,reference_check
reference_check_NINO3_NINO34_r300_s08_n410_8b858d28,multiscale_weighted,3,0.328009271056167,0.09857445951495605,8,NINO34,NINO3,0.3,reference_check
reference_check_NINO3_NINO34_r300_s08_n410_8b858d28,multiscale_weighted,6,0.33498878615093536,0.09652065345821113,8,NINO34,NINO3,0.3,reference_check
reference_check_NINO3_NINO34_r300_s09_n410_37440c27,multiscale_equal,1,0.3333333333333333,,9,NINO34,NINO3,0.3,reference_check
reference_check_NINO3_NINO34_r300_s09_n410_37440c27,multiscale_equal,3,0.3333333333333333,,9,NINO34,NINO3,0.3,reference_check
reference_check_NINO3_NINO34_r300_s09_n410_37440c27,multiscale_equal,6,0.3333333333333333,,9,NINO34,NINO3,0.3,reference_check
reference_check_NINO3_NINO34_r300_s09_n410_37440c27,multiscale_weighted,1,0.34309909931592675,0.09331826578432693,9,NINO34,NINO3,0.3,reference_check
reference_check_NINO3_NINO34_r300_s09_n410_37440c27,multiscale_weighted,3,0.3248459885922793,0.09856182390186026,9,NINO34,NINO3,0.3,reference_check
reference_check_NINO3_NINO34_r300_s09_n410_37440c27,multiscale_weighted,6,0.332054912091794,0.09642204311652448,9,NINO34,NINO3,0.3,reference_check
reference_check_NINO3_NINO34_r300_s10_n410_0526f22d,multiscale_equal,1,0.3333333333333333,,10,NINO34,NINO3,0.3,reference_check
reference_check_NINO3_NINO34_r300_s10_n410_0526f22d,multiscale_equal,3,0.3333333333333333,,10,NINO34,NINO3,0.3,reference_check
reference_check_NINO3_NINO34_r300_s10_n410_0526f22d,multiscale_equal,6,0.3333333333333333,,10,NINO34,NINO3,0.3,reference_check
reference_check_NINO3_NINO34_r300_s10_n410_0526f22d,multiscale_weighted,1,0.341890264549653,0.08759612337046502,10,NINO34,NINO3,0.3,reference_check
reference_check_NINO3_NINO34_r300_s10_n410_0526f22d,multiscale_weighted,3,0.328383818883208,0.09119895745645157,10,NINO34,NINO3,0.3,reference_check
reference_check_NINO3_NINO34_r300_s10_n410_0526f22d,multiscale_weighted,6,0.32972591656713907,0.0908277463479208,10,NINO34,NINO3,0.3,reference_check
reference_check_NINO3_NINO34_r300_s11_n410_972ccc82,multiscale_equal,1,0.3333333333333333,,11,NINO34,NINO3,0.3,reference_check
reference_check_NINO3_NINO34_r300_s11_n410_972ccc82,multiscale_equal,3,0.3333333333333333,,11,NINO34,NINO3,0.3,reference_check
reference_check_NINO3_NINO34_r300_s11_n410_972ccc82,multiscale_equal,6,0.3333333333333333,,11,NINO34,NINO3,0.3,reference_check
reference_check_NINO3_NINO34_r300_s11_n410_972ccc82,multiscale_weighted,1,0.34419241490272146,0.09547071094213978,11,NINO34,NINO3,0.3,reference_check
reference_check_NINO3_NINO34_r300_s11_n410_972ccc82,multiscale_weighted,3,0.3317598349177126,0.0990484417263199,11,NINO34,NINO3,0.3,reference_check
reference_check_NINO3_NINO34_r300_s11_n410_972ccc82,multiscale_weighted,6,0.32404775017956594,0.10140571793784217,11,NINO34,NINO3,0.3,reference_check
reference_check_NINO3_NINO34_r300_s12_n410_0003ff9b,multiscale_equal,1,0.3333333333333333,,12,NINO34,NINO3,0.3,reference_check
reference_check_NINO3_NINO34_r300_s12_n410_0003ff9b,multiscale_equal,3,0.3333333333333333,,12,NINO34,NINO3,0.3,reference_check
reference_check_NINO3_NINO34_r300_s12_n410_0003ff9b,multiscale_equal,6,0.3333333333333333,,12,NINO34,NINO3,0.3,reference_check
reference_check_NINO3_NINO34_r300_s12_n410_0003ff9b,multiscale_weighted,1,0.35604656765333725,0.08716906283645379,12,NINO34,NINO3,0.3,reference_check
reference_check_NINO3_NINO34_r300_s12_n410_0003ff9b,multiscale_weighted,3,0.3245232102380303,0.09563644437310555,12,NINO34,NINO3,0.3,reference_check
reference_check_NINO3_NINO34_r300_s12_n410_0003ff9b,multiscale_weighted,6,0.31943022210863237,0.09716126980648075,12,NINO34,NINO3,0.3,reference_check
reference_check_NINO3_NINO34_r300_s13_n410_f93c55d2,multiscale_equal,1,0.3333333333333333,,13,NINO34,NINO3,0.3,reference_check
reference_check_NINO3_NINO34_r300_s13_n410_f93c55d2,multiscale_equal,3,0.3333333333333333,,13,NINO34,NINO3,0.3,reference_check
reference_check_NINO3_NINO34_r300_s13_n410_f93c55d2,multiscale_equal,6,0.3333333333333333,,13,NINO34,NINO3,0.3,reference_check
reference_check_NINO3_NINO34_r300_s13_n410_f93c55d2,multiscale_weighted,1,0.334157579682945,0.09825511305992803,13,NINO34,NINO3,0.3,reference_check
reference_check_NINO3_NINO34_r300_s13_n410_f93c55d2,multiscale_weighted,3,0.32787858223570227,0.10013673540520311,13,NINO34,NINO3,0.3,reference_check
reference_check_NINO3_NINO34_r300_s13_n410_f93c55d2,multiscale_weighted,6,0.3379638380813527,0.09714853198469652,13,NINO34,NINO3,0.3,reference_check
reference_check_NINO3_NINO34_r300_s14_n410_400a3251,multiscale_equal,1,0.3333333333333333,,14,NINO34,NINO3,0.3,reference_check
reference_check_NINO3_NINO34_r300_s14_n410_400a3251,multiscale_equal,3,0.3333333333333333,,14,NINO34,NINO3,0.3,reference_check
reference_check_NINO3_NINO34_r300_s14_n410_400a3251,multiscale_equal,6,0.3333333333333333,,14,NINO34,NINO3,0.3,reference_check
reference_check_NINO3_NINO34_r300_s14_n410_400a3251,multiscale_weighted,1,0.33158623943488424,0.08986814618201142,14,NINO34,NINO3,0.3,reference_check
reference_check_NINO3_NINO34_r300_s14_n410_400a3251,multiscale_weighted,3,0.3245735062751534,0.09180983700605298,14,NINO34,NINO3,0.3,reference_check
reference_check_NINO3_NINO34_r300_s14_n410_400a3251,multiscale_weighted,6,0.3438402542899624,0.08666536318289181,14,NINO34,NINO3,0.3,reference_check
reference_check_NINO3_NINO34_r300_s15_n410_144da552,multiscale_equal,1,0.3333333333333333,,15,NINO34,NINO3,0.3,reference_check
reference_check_NINO3_NINO34_r300_s15_n410_144da552,multiscale_equal,3,0.3333333333333333,,15,NINO34,NINO3,0.3,reference_check
reference_check_NINO3_NINO34_r300_s15_n410_144da552,multiscale_equal,6,0.3333333333333333,,15,NINO34,NINO3,0.3,reference_check
reference_check_NINO3_NINO34_r300_s15_n410_144da552,multiscale_weighted,1,0.3425033673716199,0.08943105713899567,15,NINO34,NINO3,0.3,reference_check
reference_check_NINO3_NINO34_r300_s15_n410_144da552,multiscale_weighted,3,0.3414766606136377,0.08969994661694759,15,NINO34,NINO3,0.3,reference_check
reference_check_NINO3_NINO34_r300_s15_n410_144da552,multiscale_weighted,6,0.31601997201474247,0.09692564139938217,15,NINO34,NINO3,0.3,reference_check
reference_check_NINO3_NINO34_r300_s16_n410_e00d264b,multiscale_equal,1,0.3333333333333333,,16,NINO34,NINO3,0.3,reference_check
reference_check_NINO3_NINO34_r300_s16_n410_e00d264b,multiscale_equal,3,0.3333333333333333,,16,NINO34,NINO3,0.3,reference_check
reference_check_NINO3_NINO34_r300_s16_n410_e00d264b,multiscale_equal,6,0.3333333333333333,,16,NINO34,NINO3,0.3,reference_check
reference_check_NINO3_NINO34_r300_s16_n410_e00d264b,multiscale_weighted,1,0.3476869030812052,0.08817007414513651,16,NINO34,NINO3,0.3,reference_check
reference_check_NINO3_NINO34_r300_s16_n410_e00d264b,multiscale_weighted,3,0.32906432492747695,0.09315984106434137,16,NINO34,NINO3,0.3,reference_check
reference_check_NINO3_NINO34_r300_s16_n410_e00d264b,multiscale_weighted,6,0.32324877199131774,0.09483587541414529,16,NINO34,NINO3,0.3,reference_check
reference_check_NINO3_NINO34_r300_s17_n410_1b4f39a3,multiscale_equal,1,0.3333333333333333,,17,NINO34,NINO3,0.3,reference_check
reference_check_NINO3_NINO34_r300_s17_n410_1b4f39a3,multiscale_equal,3,0.3333333333333333,,17,NINO34,NINO3,0.3,reference_check
reference_check_NINO3_NINO34_r300_s17_n410_1b4f39a3,multiscale_equal,6,0.3333333333333333,,17,NINO34,NINO3,0.3,reference_check
reference_check_NINO3_NINO34_r300_s17_n410_1b4f39a3,multiscale_weighted,1,0.34090537304808466,0.10182733316380728,17,NINO34,NINO3,0.3,reference_check
reference_check_NINO3_NINO34_r300_s17_n410_1b4f39a3,multiscale_weighted,3,0.33279417023754815,0.10430917421129372,17,NINO34,NINO3,0.3,reference_check
reference_check_NINO3_NINO34_r300_s17_n410_1b4f39a3,multiscale_weighted,6,0.32630045671436714,0.10638503388653099,17,NINO34,NINO3,0.3,reference_check
reference_check_NINO3_NINO34_r300_s18_n410_a954f5ff,multiscale_equal,1,0.3333333333333333,,18,NINO34,NINO3,0.3,reference_check
reference_check_NINO3_NINO34_r300_s18_n410_a954f5ff,multiscale_equal,3,0.3333333333333333,,18,NINO34,NINO3,0.3,reference_check
reference_check_NINO3_NINO34_r300_s18_n410_a954f5ff,multiscale_equal,6,0.3333333333333333,,18,NINO34,NINO3,0.3,reference_check
reference_check_NINO3_NINO34_r300_s18_n410_a954f5ff,multiscale_weighted,1,0.3530901597177554,0.09427293701196769,18,NINO34,NINO3,0.3,reference_check
reference_check_NINO3_NINO34_r300_s18_n410_a954f5ff,multiscale_weighted,3,0.32555265168059844,0.10224719869476155,18,NINO34,NINO3,0.3,reference_check
reference_check_NINO3_NINO34_r300_s18_n410_a954f5ff,multiscale_weighted,6,0.321357188601646,0.10358208213356512,18,NINO34,NINO3,0.3,reference_check
reference_check_NINO3_NINO34_r300_s19_n410_a5285c08,multiscale_equal,1,0.3333333333333333,,19,NINO34,NINO3,0.3,reference_check
reference_check_NINO3_NINO34_r300_s19_n410_a5285c08,multiscale_equal,3,0.3333333333333333,,19,NINO34,NINO3,0.3,reference_check
reference_check_NINO3_NINO34_r300_s19_n410_a5285c08,multiscale_equal,6,0.3333333333333333,,19,NINO34,NINO3,0.3,reference_check
reference_check_NINO3_NINO34_r300_s19_n410_a5285c08,multiscale_weighted,1,0.34657629267017154,0.09030002607695002,19,NINO34,NINO3,0.3,reference_check
reference_check_NINO3_NINO34_r300_s19_n410_a5285c08,multiscale_weighted,3,0.32560630383724887,0.09611560988423605,19,NINO34,NINO3,0.3,reference_check
reference_check_NINO3_NINO34_r300_s19_n410_a5285c08,multiscale_weighted,6,0.32781740349257954,0.09546731845207375,19,NINO34,NINO3,0.3,reference_check
reference_check_NINO3_NINO34_r500_s00_n410_fe53a620,multiscale_equal,1,0.3333333333333333,,0,NINO34,NINO3,0.5,reference_check
reference_check_NINO3_NINO34_r500_s00_n410_fe53a620,multiscale_equal,3,0.3333333333333333,,0,NINO34,NINO3,0.5,reference_check
reference_check_NINO3_NINO34_r500_s00_n410_fe53a620,multiscale_equal,6,0.3333333333333333,,0,NINO34,NINO3,0.5,reference_check
reference_check_NINO3_NINO34_r500_s00_n410_fe53a620,multiscale_weighted,1,0.3364970122206102,0.10713650724937421,0,NINO34,NINO3,0.5,reference_check
reference_check_NINO3_NINO34_r500_s00_n410_fe53a620,multiscale_weighted,3,0.3278583978582122,0.10995940598460197,0,NINO34,NINO3,0.5,reference_check
reference_check_NINO3_NINO34_r500_s00_n410_fe53a620,multiscale_weighted,6,0.33564458992117757,0.10740859730870858,0,NINO34,NINO3,0.5,reference_check
reference_check_NINO3_NINO34_r500_s01_n410_661e3353,multiscale_equal,1,0.3333333333333333,,1,NINO34,NINO3,0.5,reference_check
reference_check_NINO3_NINO34_r500_s01_n410_661e3353,multiscale_equal,3,0.3333333333333333,,1,NINO34,NINO3,0.5,reference_check
reference_check_NINO3_NINO34_r500_s01_n410_661e3353,multiscale_equal,6,0.3333333333333333,,1,NINO34,NINO3,0.5,reference_check
reference_check_NINO3_NINO34_r500_s01_n410_661e3353,multiscale_weighted,1,0.3349313461240611,0.08930024954125591,1,NINO34,NINO3,0.5,reference_check
reference_check_NINO3_NINO34_r500_s01_n410_661e3353,multiscale_weighted,3,0.32638958950405583,0.09163727592823027,1,NINO34,NINO3,0.5,reference_check
reference_check_NINO3_NINO34_r500_s01_n410_661e3353,multiscale_weighted,6,0.33867906437188294,0.08831208036452018,1,NINO34,NINO3,0.5,reference_check
reference_check_NINO3_NINO34_r500_s02_n410_973a3bc1,multiscale_equal,1,0.3333333333333333,,2,NINO34,NINO3,0.5,reference_check
reference_check_NINO3_NINO34_r500_s02_n410_973a3bc1,multiscale_equal,3,0.3333333333333333,,2,NINO34,NINO3,0.5,reference_check
reference_check_NINO3_NINO34_r500_s02_n410_973a3bc1,multiscale_equal,6,0.3333333333333333,,2,NINO34,NINO3,0.5,reference_check
reference_check_NINO3_NINO34_r500_s02_n410_973a3bc1,multiscale_weighted,1,0.33143810293007187,0.09698209267246741,2,NINO34,NINO3,0.5,reference_check
reference_check_NINO3_NINO34_r500_s02_n410_973a3bc1,multiscale_weighted,3,0.3292355316731887,0.0976308986828421,2,NINO34,NINO3,0.5,reference_check
reference_check_NINO3_NINO34_r500_s02_n410_973a3bc1,multiscale_weighted,6,0.3393263653967395,0.0947275661797934,2,NINO34,NINO3,0.5,reference_check
reference_check_NINO3_NINO34_r500_s03_n410_0147951c,multiscale_equal,1,0.3333333333333333,,3,NINO34,NINO3,0.5,reference_check
reference_check_NINO3_NINO34_r500_s03_n410_0147951c,multiscale_equal,3,0.3333333333333333,,3,NINO34,NINO3,0.5,reference_check
reference_check_NINO3_NINO34_r500_s03_n410_0147951c,multiscale_equal,6,0.3333333333333333,,3,NINO34,NINO3,0.5,reference_check
reference_check_NINO3_NINO34_r500_s03_n410_0147951c,multiscale_weighted,1,0.33761856421095987,0.0953560339034907,3,NINO34,NINO3,0.5,reference_check
reference_check_NINO3_NINO34_r500_s03_n410_0147951c,multiscale_weighted,3,0.3296138645533169,0.09767176322823513,3,NINO34,NINO3,0.5,reference_check
reference_check_NINO3_NINO34_r500_s03_n410_0147951c,multiscale_weighted,6,0.3327675712357232,0.09674610775415002,3,NINO34,NINO3,0.5,reference_check
reference_check_NINO3_NINO34_r500_s04_n410_5d7cf90f,multiscale_equal,1,0.3333333333333333,,4,NINO34,NINO3,0.5,reference_check
reference_check_NINO3_NINO34_r500_s04_n410_5d7cf90f,multiscale_equal,3,0.3333333333333333,,4,NINO34,NINO3,0.5,reference_check
reference_check_NINO3_NINO34_r500_s04_n410_5d7cf90f,multiscale_equal,6,0.3333333333333333,,4,NINO34,NINO3,0.5,reference_check
reference_check_NINO3_NINO34_r500_s04_n410_5d7cf90f,multiscale_weighted,1,0.34035078003760055,0.09501566052962011,4,NINO34,NINO3,0.5,reference_check
reference_check_NINO3_NINO34_r500_s04_n410_5d7cf90f,multiscale_weighted,3,0.3252133192830185,0.09943828376929358,4,NINO34,NINO3,0.5,reference_check
reference_check_NINO3_NINO34_r500_s04_n410_5d7cf90f,multiscale_weighted,6,0.33443590067938106,0.09669612075288371,4,NINO34,NINO3,0.5,reference_check
reference_check_NINO3_NINO34_r500_s05_n410_bd72fc46,multiscale_equal,1,0.3333333333333333,,5,NINO34,NINO3,0.5,reference_check
reference_check_NINO3_NINO34_r500_s05_n410_bd72fc46,multiscale_equal,3,0.3333333333333333,,5,NINO34,NINO3,0.5,reference_check
reference_check_NINO3_NINO34_r500_s05_n410_bd72fc46,multiscale_equal,6,0.3333333333333333,,5,NINO34,NINO3,0.5,reference_check
reference_check_NINO3_NINO34_r500_s05_n410_bd72fc46,multiscale_weighted,1,0.3305939401937592,0.08991560952265557,5,NINO34,NINO3,0.5,reference_check
reference_check_NINO3_NINO34_r500_s05_n410_bd72fc46,multiscale_weighted,3,0.32840327494631993,0.0905154056815777,5,NINO34,NINO3,0.5,reference_check
reference_check_NINO3_NINO34_r500_s05_n410_bd72fc46,multiscale_weighted,6,0.34100278485992075,0.08717100520202672,5,NINO34,NINO3,0.5,reference_check
reference_check_NINO3_NINO34_r500_s06_n410_31ceafa2,multiscale_equal,1,0.3333333333333333,,6,NINO34,NINO3,0.5,reference_check
reference_check_NINO3_NINO34_r500_s06_n410_31ceafa2,multiscale_equal,3,0.3333333333333333,,6,NINO34,NINO3,0.5,reference_check
reference_check_NINO3_NINO34_r500_s06_n410_31ceafa2,multiscale_equal,6,0.3333333333333333,,6,NINO34,NINO3,0.5,reference_check
reference_check_NINO3_NINO34_r500_s06_n410_31ceafa2,multiscale_weighted,1,0.32847500939368224,0.10481524070158804,6,NINO34,NINO3,0.5,reference_check
reference_check_NINO3_NINO34_r500_s06_n410_31ceafa2,multiscale_weighted,3,0.3282400794100689,0.10489025970954713,6,NINO34,NINO3,0.5,reference_check
reference_check_NINO3_NINO34_r500_s06_n410_31ceafa2,multiscale_weighted,6,0.34328491119624893,0.10029333041752517,6,NINO34,NINO3,0.5,reference_check
reference_check_NINO3_NINO34_r500_s07_n410_55430218,multiscale_equal,1,0.3333333333333333,,7,NINO34,NINO3,0.5,reference_check
reference_check_NINO3_NINO34_r500_s07_n410_55430218,multiscale_equal,3,0.3333333333333333,,7,NINO34,NINO3,0.5,reference_check
reference_check_NINO3_NINO34_r500_s07_n410_55430218,multiscale_equal,6,0.3333333333333333,,7,NINO34,NINO3,0.5,reference_check
reference_check_NINO3_NINO34_r500_s07_n410_55430218,multiscale_weighted,1,0.34928612792494435,0.09051008538874386,7,NINO34,NINO3,0.5,reference_check
reference_check_NINO3_NINO34_r500_s07_n410_55430218,multiscale_weighted,3,0.33806562827434294,0.0935141426153518,7,NINO34,NINO3,0.5,reference_check
reference_check_NINO3_NINO34_r500_s07_n410_55430218,multiscale_weighted,6,0.3126482438007127,0.10111656872162221,7,NINO34,NINO3,0.5,reference_check
reference_check_NINO3_NINO34_r500_s08_n410_e6b20848,multiscale_equal,1,0.3333333333333333,,8,NINO34,NINO3,0.5,reference_check
reference_check_NINO3_NINO34_r500_s08_n410_e6b20848,multiscale_equal,3,0.3333333333333333,,8,NINO34,NINO3,0.5,reference_check
reference_check_NINO3_NINO34_r500_s08_n410_e6b20848,multiscale_equal,6,0.3333333333333333,,8,NINO34,NINO3,0.5,reference_check
reference_check_NINO3_NINO34_r500_s08_n410_e6b20848,multiscale_weighted,1,0.33503095856085907,0.09138516943011131,8,NINO34,NINO3,0.5,reference_check
reference_check_NINO3_NINO34_r500_s08_n410_e6b20848,multiscale_weighted,3,0.3264764731572982,0.09377968556775662,8,NINO34,NINO3,0.5,reference_check
reference_check_NINO3_NINO34_r500_s08_n410_e6b20848,multiscale_weighted,6,0.33849256828184277,0.0904506147157351,8,NINO34,NINO3,0.5,reference_check
reference_check_NINO3_NINO34_r500_s09_n410_631a0410,multiscale_equal,1,0.3333333333333333,,9,NINO34,NINO3,0.5,reference_check
reference_check_NINO3_NINO34_r500_s09_n410_631a0410,multiscale_equal,3,0.3333333333333333,,9,NINO34,NINO3,0.5,reference_check
reference_check_NINO3_NINO34_r500_s09_n410_631a0410,multiscale_equal,6,0.3333333333333333,,9,NINO34,NINO3,0.5,reference_check
reference_check_NINO3_NINO34_r500_s09_n410_631a0410,multiscale_weighted,1,0.34294596835036195,0.10202961169480328,9,NINO34,NINO3,0.5,reference_check
reference_check_NINO3_NINO34_r500_s09_n410_631a0410,multiscale_weighted,3,0.32252289325241384,0.10849042012013699,9,NINO34,NINO3,0.5,reference_check
reference_check_NINO3_NINO34_r500_s09_n410_631a0410,multiscale_weighted,6,0.33453113839722415,0.10459607507653275,9,NINO34,NINO3,0.5,reference_check
reference_check_NINO3_NINO34_r500_s10_n410_483341de,multiscale_equal,1,0.3333333333333333,,10,NINO34,NINO3,0.5,reference_check
reference_check_NINO3_NINO34_r500_s10_n410_483341de,multiscale_equal,3,0.3333333333333333,,10,NINO34,NINO3,0.5,reference_check
reference_check_NINO3_NINO34_r500_s10_n410_483341de,multiscale_equal,6,0.3333333333333333,,10,NINO34,NINO3,0.5,reference_check
reference_check_NINO3_NINO34_r500_s10_n410_483341de,multiscale_weighted,1,0.3380744733606354,0.09364217647384154,10,NINO34,NINO3,0.5,reference_check
reference_check_NINO3_NINO34_r500_s10_n410_483341de,multiscale_weighted,3,0.3244288230337077,0.09758081706847896,10,NINO34,NINO3,0.5,reference_check
reference_check_NINO3_NINO34_r500_s10_n410_483341de,multiscale_weighted,6,0.337496703605657,0.09380248507110077,10,NINO34,NINO3,0.5,reference_check
reference_check_NINO3_NINO34_r500_s11_n410_2e3fd49d,multiscale_equal,1,0.3333333333333333,,11,NINO34,NINO3,0.5,reference_check
reference_check_NINO3_NINO34_r500_s11_n410_2e3fd49d,multiscale_equal,3,0.3333333333333333,,11,NINO34,NINO3,0.5,reference_check
reference_check_NINO3_NINO34_r500_s11_n410_2e3fd49d,multiscale_equal,6,0.3333333333333333,,11,NINO34,NINO3,0.5,reference_check
reference_check_NINO3_NINO34_r500_s11_n410_2e3fd49d,multiscale_weighted,1,0.3383774662329435,0.1006551901503325,11,NINO34,NINO3,0.5,reference_check
reference_check_NINO3_NINO34_r500_s11_n410_2e3fd49d,multiscale_weighted,3,0.33182435670175875,0.10264300249185179,11,NINO34,NINO3,0.5,reference_check
reference_check_NINO3_NINO34_r500_s11_n410_2e3fd49d,multiscale_weighted,6,0.32979817706529774,0.10327360992451455,11,NINO34,NINO3,0.5,reference_check
reference_check_NINO3_NINO34_r500_s12_n410_981b1213,multiscale_equal,1,0.3333333333333333,,12,NINO34,NINO3,0.5,reference_check
reference_check_NINO3_NINO34_r500_s12_n410_981b1213,multiscale_equal,3,0.3333333333333333,,12,NINO34,NINO3,0.5,reference_check
reference_check_NINO3_NINO34_r500_s12_n410_981b1213,multiscale_equal,6,0.3333333333333333,,12,NINO34,NINO3,0.5,reference_check
reference_check_NINO3_NINO34_r500_s12_n410_981b1213,multiscale_weighted,1,0.3475883961753351,0.10089732940924474,12,NINO34,NINO3,0.5,reference_check
reference_check_NINO3_NINO34_r500_s12_n410_981b1213,multiscale_weighted,3,0.3285246545368588,0.10675223492073257,12,NINO34,NINO3,0.5,reference_check
reference_check_NINO3_NINO34_r500_s12_n410_981b1213,multiscale_weighted,6,0.32388694928780604,0.10828080977595811,12,NINO34,NINO3,0.5,reference_check
reference_check_NINO3_NINO34_r500_s13_n410_1240d509,multiscale_equal,1,0.3333333333333333,,13,NINO34,NINO3,0.5,reference_check
reference_check_NINO3_NINO34_r500_s13_n410_1240d509,multiscale_equal,3,0.3333333333333333,,13,NINO34,NINO3,0.5,reference_check
reference_check_NINO3_NINO34_r500_s13_n410_1240d509,multiscale_equal,6,0.3333333333333333,,13,NINO34,NINO3,0.5,reference_check
reference_check_NINO3_NINO34_r500_s13_n410_1240d509,multiscale_weighted,1,0.323959581980004,0.10067098150892208,13,NINO34,NINO3,0.5,reference_check
reference_check_NINO3_NINO34_r500_s13_n410_1240d509,multiscale_weighted,3,0.3325351873638247,0.09807482107362377,13,NINO34,NINO3,0.5,reference_check
reference_check_NINO3_NINO34_r500_s13_n410_1240d509,multiscale_weighted,6,0.3435052306561713,0.09494274316985486,13,NINO34,NINO3,0.5,reference_check
reference_check_NINO3_NINO34_r500_s14_n410_5b01e6a6,multiscale_equal,1,0.3333333333333333,,14,NINO34,NINO3,0.5,reference_check
reference_check_NINO3_NINO34_r500_s14_n410_5b01e6a6,multiscale_equal,3,0.3333333333333333,,14,NINO34,NINO3,0.5,reference_check
reference_check_NINO3_NINO34_r500_s14_n410_5b01e6a6,multiscale_equal,6,0.3333333333333333,,14,NINO34,NINO3,0.5,reference_check
reference_check_NINO3_NINO34_r500_s14_n410_5b01e6a6,multiscale_weighted,1,0.32067076941069544,0.08443673924083007,14,NINO34,NINO3,0.5,reference_check
reference_check_NINO3_NINO34_r500_s14_n410_5b01e6a6,multiscale_weighted,3,0.31872602724756677,0.08495193942006933,14,NINO34,NINO3,0.5,reference_check
reference_check_NINO3_NINO34_r500_s14_n410_5b01e6a6,multiscale_weighted,6,0.36060320334173773,0.07508639271266553,14,NINO34,NINO3,0.5,reference_check
reference_check_NINO3_NINO34_r500_s15_n410_d089d59e,multiscale_equal,1,0.3333333333333333,,15,NINO34,NINO3,0.5,reference_check
reference_check_NINO3_NINO34_r500_s15_n410_d089d59e,multiscale_equal,3,0.3333333333333333,,15,NINO34,NINO3,0.5,reference_check
reference_check_NINO3_NINO34_r500_s15_n410_d089d59e,multiscale_equal,6,0.3333333333333333,,15,NINO34,NINO3,0.5,reference_check
reference_check_NINO3_NINO34_r500_s15_n410_d089d59e,multiscale_weighted,1,0.3405536258250807,0.10196718851366772,15,NINO34,NINO3,0.5,reference_check
reference_check_NINO3_NINO34_r500_s15_n410_d089d59e,multiscale_weighted,3,0.3502392561143036,0.09914735444541334,15,NINO34,NINO3,0.5,reference_check
reference_check_NINO3_NINO34_r500_s15_n410_d089d59e,multiscale_weighted,6,0.30920711806061557,0.11230432305305711,15,NINO34,NINO3,0.5,reference_check
reference_check_NINO3_NINO34_r500_s16_n410_c554feeb,multiscale_equal,1,0.3333333333333333,,16,NINO34,NINO3,0.5,reference_check
reference_check_NINO3_NINO34_r500_s16_n410_c554feeb,multiscale_equal,3,0.3333333333333333,,16,NINO34,NINO3,0.5,reference_check
reference_check_NINO3_NINO34_r500_s16_n410_c554feeb,multiscale_equal,6,0.3333333333333333,,16,NINO34,NINO3,0.5,reference_check
reference_check_NINO3_NINO34_r500_s16_n410_c554feeb,multiscale_weighted,1,0.3622135616913269,0.08322495666346962,16,NINO34,NINO3,0.5,reference_check
reference_check_NINO3_NINO34_r500_s16_n410_c554feeb,multiscale_weighted,3,0.3368467363723879,0.0894923565328062,16,NINO34,NINO3,0.5,reference_check
reference_check_NINO3_NINO34_r500_s16_n410_c554feeb,multiscale_weighted,6,0.3009397019362852,0.10017026132963533,16,NINO34,NINO3,0.5,reference_check
reference_check_NINO3_NINO34_r500_s17_n410_79219faa,multiscale_equal,1,0.3333333333333333,,17,NINO34,NINO3,0.5,reference_check
reference_check_NINO3_NINO34_r500_s17_n410_79219faa,multiscale_equal,3,0.3333333333333333,,17,NINO34,NINO3,0.5,reference_check
reference_check_NINO3_NINO34_r500_s17_n410_79219faa,multiscale_equal,6,0.3333333333333333,,17,NINO34,NINO3,0.5,reference_check
reference_check_NINO3_NINO34_r500_s17_n410_79219faa,multiscale_weighted,1,0.34552005115004913,0.09270453654877714,17,NINO34,NINO3,0.5,reference_check
reference_check_NINO3_NINO34_r500_s17_n410_79219faa,multiscale_weighted,3,0.3363295527643768,0.09523776914281537,17,NINO34,NINO3,0.5,reference_check
reference_check_NINO3_NINO34_r500_s17_n410_79219faa,multiscale_weighted,6,0.318150396085574,0.10067966872892425,17,NINO34,NINO3,0.5,reference_check
reference_check_NINO3_NINO34_r500_s18_n410_b8d2f891,multiscale_equal,1,0.3333333333333333,,18,NINO34,NINO3,0.5,reference_check
reference_check_NINO3_NINO34_r500_s18_n410_b8d2f891,multiscale_equal,3,0.3333333333333333,,18,NINO34,NINO3,0.5,reference_check
reference_check_NINO3_NINO34_r500_s18_n410_b8d2f891,multiscale_equal,6,0.3333333333333333,,18,NINO34,NINO3,0.5,reference_check
reference_check_NINO3_NINO34_r500_s18_n410_b8d2f891,multiscale_weighted,1,0.348889740624024,0.09105709190294793,18,NINO34,NINO3,0.5,reference_check
reference_check_NINO3_NINO34_r500_s18_n410_b8d2f891,multiscale_weighted,3,0.3170121924014533,0.10021345000681199,18,NINO34,NINO3,0.5,reference_check
reference_check_NINO3_NINO34_r500_s18_n410_b8d2f891,multiscale_weighted,6,0.33409806697452266,0.09508850383841567,18,NINO34,NINO3,0.5,reference_check
reference_check_NINO3_NINO34_r500_s19_n410_dd9c01b2,multiscale_equal,1,0.3333333333333333,,19,NINO34,NINO3,0.5,reference_check
reference_check_NINO3_NINO34_r500_s19_n410_dd9c01b2,multiscale_equal,3,0.3333333333333333,,19,NINO34,NINO3,0.5,reference_check
reference_check_NINO3_NINO34_r500_s19_n410_dd9c01b2,multiscale_equal,6,0.3333333333333333,,19,NINO34,NINO3,0.5,reference_check
reference_check_NINO3_NINO34_r500_s19_n410_dd9c01b2,multiscale_weighted,1,0.3265231450830109,0.08702367505724767,19,NINO34,NINO3,0.5,reference_check
reference_check_NINO3_NINO34_r500_s19_n410_dd9c01b2,multiscale_weighted,3,0.33618509937574287,0.08452261576291982,19,NINO34,NINO3,0.5,reference_check
reference_check_NINO3_NINO34_r500_s19_n410_dd9c01b2,multiscale_weighted,6,0.33729175554124624,0.08424529654776447,19,NINO34,NINO3,0.5,reference_check
reference_check_NINO3_NINO34_r700_s00_n410_a3c544af,multiscale_equal,1,0.3333333333333333,,0,NINO34,NINO3,0.7,reference_check
reference_check_NINO3_NINO34_r700_s00_n410_a3c544af,multiscale_equal,3,0.3333333333333333,,0,NINO34,NINO3,0.7,reference_check
reference_check_NINO3_NINO34_r700_s00_n410_a3c544af,multiscale_equal,6,0.3333333333333333,,0,NINO34,NINO3,0.7,reference_check
reference_check_NINO3_NINO34_r700_s00_n410_a3c544af,multiscale_weighted,1,0.33306450005794014,0.09639829779249103,0,NINO34,NINO3,0.7,reference_check
reference_check_NINO3_NINO34_r700_s00_n410_a3c544af,multiscale_weighted,3,0.3495097078349415,0.09186254337577103,0,NINO34,NINO3,0.7,reference_check
reference_check_NINO3_NINO34_r700_s00_n410_a3c544af,multiscale_weighted,6,0.3174257921071183,0.10114758099507168,0,NINO34,NINO3,0.7,reference_check
reference_check_NINO3_NINO34_r700_s01_n410_bb96791f,multiscale_equal,1,0.3333333333333333,,1,NINO34,NINO3,0.7,reference_check
reference_check_NINO3_NINO34_r700_s01_n410_bb96791f,multiscale_equal,3,0.3333333333333333,,1,NINO34,NINO3,0.7,reference_check
reference_check_NINO3_NINO34_r700_s01_n410_bb96791f,multiscale_equal,6,0.3333333333333333,,1,NINO34,NINO3,0.7,reference_check
reference_check_NINO3_NINO34_r700_s01_n410_bb96791f,multiscale_weighted,1,0.3195151122024987,0.10386263031100966,1,NINO34,NINO3,0.7,reference_check
reference_check_NINO3_NINO34_r700_s01_n410_bb96791f,multiscale_weighted,3,0.335368371500274,0.09895292054668067,1,NINO34,NINO3,0.7,reference_check
reference_check_NINO3_NINO34_r700_s01_n410_bb96791f,multiscale_weighted,6,0.34511651629722734,0.0961579007504645,1,NINO34,NINO3,0.7,reference_check
reference_check_NINO3_NINO34_r700_s02_n410_16a6d0d6,multiscale_equal,1,0.3333333333333333,,2,NINO34,NINO3,0.7,reference_check
reference_check_NINO3_NINO34_r700_s02_n410_16a6d0d6,multiscale_equal,3,0.3333333333333333,,2,NINO34,NINO3,0.7,reference_check
reference_check_NINO3_NINO34_r700_s02_n410_16a6d0d6,multiscale_equal,6,0.3333333333333333,,2,NINO34,NINO3,0.7,reference_check
reference_check_NINO3_NINO34_r700_s02_n410_16a6d0d6,multiscale_weighted,1,0.3417279166593642,0.09719993703749473,2,NINO34,NINO3,0.7,reference_check
reference_check_NINO3_NINO34_r700_s02_n410_16a6d0d6,multiscale_weighted,3,0.3251279126388264,0.10216265924280374,2,NINO34,NINO3,0.7,reference_check
reference_check_NINO3_NINO34_r700_s02_n410_16a6d0d6,multiscale_weighted,6,0.3331441707018094,0.09970437723436203,2,NINO34,NINO3,0.7,reference_check
reference_check_NINO3_NINO34_r700_s03_n410_1b0bc51c,multiscale_equal,1,0.3333333333333333,,3,NINO34,NINO3,0.7,reference_check
reference_check_NINO3_NINO34_r700_s03_n410_1b0bc51c,multiscale_equal,3,0.3333333333333333,,3,NINO34,NINO3,0.7,reference_check
reference_check_NINO3_NINO34_r700_s03_n410_1b0bc51c,multiscale_equal,6,0.3333333333333333,,3,NINO34,NINO3,0.7,reference_check
reference_check_NINO3_NINO34_r700_s03_n410_1b0bc51c,multiscale_weighted,1,0.335939225805548,0.07184071819993655,3,NINO34,NINO3,0.7,reference_check
reference_check_NINO3_NINO34_r700_s03_n410_1b0bc51c,multiscale_weighted,3,0.33093769791163513,0.07292646155368085,3,NINO34,NINO3,0.7,reference_check
reference_check_NINO3_NINO34_r700_s03_n410_1b0bc51c,multiscale_weighted,6,0.3331230762828168,0.07244804398081747,3,NINO34,NINO3,0.7,reference_check
reference_check_NINO3_NINO34_r700_s04_n410_8892fa61,multiscale_equal,1,0.3333333333333333,,4,NINO34,NINO3,0.7,reference_check
reference_check_NINO3_NINO34_r700_s04_n410_8892fa61,multiscale_equal,3,0.3333333333333333,,4,NINO34,NINO3,0.7,reference_check
reference_check_NINO3_NINO34_r700_s04_n410_8892fa61,multiscale_equal,6,0.3333333333333333,,4,NINO34,NINO3,0.7,reference_check
reference_check_NINO3_NINO34_r700_s04_n410_8892fa61,multiscale_weighted,1,0.3368787409559131,0.1135510120441158,4,NINO34,NINO3,0.7,reference_check
reference_check_NINO3_NINO34_r700_s04_n410_8892fa61,multiscale_weighted,3,0.35453591036479476,0.1078957608434078,4,NINO34,NINO3,0.7,reference_check
reference_check_NINO3_NINO34_r700_s04_n410_8892fa61,multiscale_weighted,6,0.30858534867929216,0.12396221148652467,4,NINO34,NINO3,0.7,reference_check
reference_check_NINO3_NINO34_r700_s05_n410_290f6075,multiscale_equal,1,0.3333333333333333,,5,NINO34,NINO3,0.7,reference_check
reference_check_NINO3_NINO34_r700_s05_n410_290f6075,multiscale_equal,3,0.3333333333333333,,5,NINO34,NINO3,0.7,reference_check
reference_check_NINO3_NINO34_r700_s05_n410_290f6075,multiscale_equal,6,0.3333333333333333,,5,NINO34,NINO3,0.7,reference_check
reference_check_NINO3_NINO34_r700_s05_n410_290f6075,multiscale_weighted,1,0.33216692388418456,0.09436246504213412,5,NINO34,NINO3,0.7,reference_check
reference_check_NINO3_NINO34_r700_s05_n410_290f6075,multiscale_weighted,3,0.3215576977505044,0.09747578760682206,5,NINO34,NINO3,0.7,reference_check
reference_check_NINO3_NINO34_r700_s05_n410_290f6075,multiscale_weighted,6,0.3462753783653111,0.09051781200863461,5,NINO34,NINO3,0.7,reference_check
reference_check_NINO3_NINO34_r700_s06_n410_38ee84fa,multiscale_equal,1,0.3333333333333333,,6,NINO34,NINO3,0.7,reference_check
reference_check_NINO3_NINO34_r700_s06_n410_38ee84fa,multiscale_equal,3,0.3333333333333333,,6,NINO34,NINO3,0.7,reference_check
reference_check_NINO3_NINO34_r700_s06_n410_38ee84fa,multiscale_equal,6,0.3333333333333333,,6,NINO34,NINO3,0.7,reference_check
reference_check_NINO3_NINO34_r700_s06_n410_38ee84fa,multiscale_weighted,1,0.33743868465369875,0.1004714511542578,6,NINO34,NINO3,0.7,reference_check
reference_check_NINO3_NINO34_r700_s06_n410_38ee84fa,multiscale_weighted,3,0.32306572594999394,0.1049413532394284,6,NINO34,NINO3,0.7,reference_check
reference_check_NINO3_NINO34_r700_s06_n410_38ee84fa,multiscale_weighted,6,0.3394955893963073,0.09986272387944257,6,NINO34,NINO3,0.7,reference_check
reference_check_NINO3_NINO34_r700_s07_n410_569ba9e6,multiscale_equal,1,0.3333333333333333,,7,NINO34,NINO3,0.7,reference_check
reference_check_NINO3_NINO34_r700_s07_n410_569ba9e6,multiscale_equal,3,0.3333333333333333,,7,NINO34,NINO3,0.7,reference_check
reference_check_NINO3_NINO34_r700_s07_n410_569ba9e6,multiscale_equal,6,0.3333333333333333,,7,NINO34,NINO3,0.7,reference_check
reference_check_NINO3_NINO34_r700_s07_n410_569ba9e6,multiscale_weighted,1,0.3588185562895774,0.10301114452898005,7,NINO34,NINO3,0.7,reference_check
reference_check_NINO3_NINO34_r700_s07_n410_569ba9e6,multiscale_weighted,3,0.3146079368050129,0.11748689807097983,7,NINO34,NINO3,0.7,reference_check
reference_check_NINO3_NINO34_r700_s07_n410_569ba9e6,multiscale_weighted,6,0.32657350690540976,0.11318220768833538,7,NINO34,NINO3,0.7,reference_check
reference_check_NINO3_NINO34_r700_s08_n410_4258f496,multiscale_equal,1,0.3333333333333333,,8,NINO34,NINO3,0.7,reference_check
reference_check_NINO3_NINO34_r700_s08_n410_4258f496,multiscale_equal,3,0.3333333333333333,,8,NINO34,NINO3,0.7,reference_check
reference_check_NINO3_NINO34_r700_s08_n410_4258f496,multiscale_equal,6,0.3333333333333333,,8,NINO34,NINO3,0.7,reference_check
reference_check_NINO3_NINO34_r700_s08_n410_4258f496,multiscale_weighted,1,0.31642480775121573,0.0943614166160148,8,NINO34,NINO3,0.7,reference_check
reference_check_NINO3_NINO34_r700_s08_n410_4258f496,multiscale_weighted,3,0.32902247331434054,0.09074849108362355,8,NINO34,NINO3,0.7,reference_check
reference_check_NINO3_NINO34_r700_s08_n410_4258f496,multiscale_weighted,6,0.3545527189344437,0.08421397195968622,8,NINO34,NINO3,0.7,reference_check
reference_check_NINO3_NINO34_r700_s09_n410_f2dcf773,multiscale_equal,1,0.3333333333333333,,9,NINO34,NINO3,0.7,reference_check
reference_check_NINO3_NINO34_r700_s09_n410_f2dcf773,multiscale_equal,3,0.3333333333333333,,9,NINO34,NINO3,0.7,reference_check
reference_check_NINO3_NINO34_r700_s09_n410_f2dcf773,multiscale_equal,6,0.3333333333333333,,9,NINO34,NINO3,0.7,reference_check
reference_check_NINO3_NINO34_r700_s09_n410_f2dcf773,multiscale_weighted,1,0.3362609875040508,0.11720558525000876,9,NINO34,NINO3,0.7,reference_check
reference_check_NINO3_NINO34_r700_s09_n410_f2dcf773,multiscale_weighted,3,0.3301933164347557,0.11935936900050002,9,NINO34,NINO3,0.7,reference_check
reference_check_NINO3_NINO34_r700_s09_n410_f2dcf773,multiscale_weighted,6,0.3335456960611935,0.11815971943190798,9,NINO34,NINO3,0.7,reference_check
reference_check_NINO3_NINO34_r700_s10_n410_25869f14,multiscale_equal,1,0.3333333333333333,,10,NINO34,NINO3,0.7,reference_check
reference_check_NINO3_NINO34_r700_s10_n410_25869f14,multiscale_equal,3,0.3333333333333333,,10,NINO34,NINO3,0.7,reference_check
reference_check_NINO3_NINO34_r700_s10_n410_25869f14,multiscale_equal,6,0.3333333333333333,,10,NINO34,NINO3,0.7,reference_check
reference_check_NINO3_NINO34_r700_s10_n410_25869f14,multiscale_weighted,1,0.3353641876899458,0.09366965883461745,10,NINO34,NINO3,0.7,reference_check
reference_check_NINO3_NINO34_r700_s10_n410_25869f14,multiscale_weighted,3,0.331519353100622,0.09475600380765596,10,NINO34,NINO3,0.7,reference_check
reference_check_NINO3_NINO34_r700_s10_n410_25869f14,multiscale_weighted,6,0.33311645920943217,0.09430170200324238,10,NINO34,NINO3,0.7,reference_check
reference_check_NINO3_NINO34_r700_s11_n410_f154662d,multiscale_equal,1,0.3333333333333333,,11,NINO34,NINO3,0.7,reference_check
reference_check_NINO3_NINO34_r700_s11_n410_f154662d,multiscale_equal,3,0.3333333333333333,,11,NINO34,NINO3,0.7,reference_check
reference_check_NINO3_NINO34_r700_s11_n410_f154662d,multiscale_equal,6,0.3333333333333333,,11,NINO34,NINO3,0.7,reference_check
reference_check_NINO3_NINO34_r700_s11_n410_f154662d,multiscale_weighted,1,0.33026140426488027,0.0925101267961097,11,NINO34,NINO3,0.7,reference_check
reference_check_NINO3_NINO34_r700_s11_n410_f154662d,multiscale_weighted,3,0.3301073922421243,0.09255328751782704,11,NINO34,NINO3,0.7,reference_check
reference_check_NINO3_NINO34_r700_s11_n410_f154662d,multiscale_weighted,6,0.33963120349299536,0.08995794254616375,11,NINO34,NINO3,0.7,reference_check
reference_check_NINO3_NINO34_r700_s12_n410_1374167a,multiscale_equal,1,0.3333333333333333,,12,NINO34,NINO3,0.7,reference_check
reference_check_NINO3_NINO34_r700_s12_n410_1374167a,multiscale_equal,3,0.3333333333333333,,12,NINO34,NINO3,0.7,reference_check
reference_check_NINO3_NINO34_r700_s12_n410_1374167a,multiscale_equal,6,0.3333333333333333,,12,NINO34,NINO3,0.7,reference_check
reference_check_NINO3_NINO34_r700_s12_n410_1374167a,multiscale_weighted,1,0.3098054344075037,0.12302221608299159,12,NINO34,NINO3,0.7,reference_check
reference_check_NINO3_NINO34_r700_s12_n410_1374167a,multiscale_weighted,3,0.3504246194507632,0.10876219470227105,12,NINO34,NINO3,0.7,reference_check
reference_check_NINO3_NINO34_r700_s12_n410_1374167a,multiscale_weighted,6,0.33976994614173306,0.11217281348310096,12,NINO34,NINO3,0.7,reference_check
reference_check_NINO3_NINO34_r700_s13_n410_9933fdbc,multiscale_equal,1,0.3333333333333333,,13,NINO34,NINO3,0.7,reference_check
reference_check_NINO3_NINO34_r700_s13_n410_9933fdbc,multiscale_equal,3,0.3333333333333333,,13,NINO34,NINO3,0.7,reference_check
reference_check_NINO3_NINO34_r700_s13_n410_9933fdbc,multiscale_equal,6,0.3333333333333333,,13,NINO34,NINO3,0.7,reference_check
reference_check_NINO3_NINO34_r700_s13_n410_9933fdbc,multiscale_weighted,1,0.3078829082452403,0.12019444168704278,13,NINO34,NINO3,0.7,reference_check
reference_check_NINO3_NINO34_r700_s13_n410_9933fdbc,multiscale_weighted,3,0.33928790201741243,0.10906906414119825,13,NINO34,NINO3,0.7,reference_check
reference_check_NINO3_NINO34_r700_s13_n410_9933fdbc,multiscale_weighted,6,0.3528291897373472,0.10488308475725804,13,NINO34,NINO3,0.7,reference_check
reference_check_NINO3_NINO34_r700_s14_n410_d952c914,multiscale_equal,1,0.3333333333333333,,14,NINO34,NINO3,0.7,reference_check
reference_check_NINO3_NINO34_r700_s14_n410_d952c914,multiscale_equal,3,0.3333333333333333,,14,NINO34,NINO3,0.7,reference_check
reference_check_NINO3_NINO34_r700_s14_n410_d952c914,multiscale_equal,6,0.3333333333333333,,14,NINO34,NINO3,0.7,reference_check
reference_check_NINO3_NINO34_r700_s14_n410_d952c914,multiscale_weighted,1,0.3276116803548205,0.07702958803043931,14,NINO34,NINO3,0.7,reference_check
reference_check_NINO3_NINO34_r700_s14_n410_d952c914,multiscale_weighted,3,0.3190796595950001,0.07908931860164062,14,NINO34,NINO3,0.7,reference_check
reference_check_NINO3_NINO34_r700_s14_n410_d952c914,multiscale_weighted,6,0.35330866005017936,0.07142704204062769,14,NINO34,NINO3,0.7,reference_check
reference_check_NINO3_NINO34_r700_s15_n410_ef8e3b32,multiscale_equal,1,0.3333333333333333,,15,NINO34,NINO3,0.7,reference_check
reference_check_NINO3_NINO34_r700_s15_n410_ef8e3b32,multiscale_equal,3,0.3333333333333333,,15,NINO34,NINO3,0.7,reference_check
reference_check_NINO3_NINO34_r700_s15_n410_ef8e3b32,multiscale_equal,6,0.3333333333333333,,15,NINO34,NINO3,0.7,reference_check
reference_check_NINO3_NINO34_r700_s15_n410_ef8e3b32,multiscale_weighted,1,0.367142142315772,0.10322921161551644,15,NINO34,NINO3,0.7,reference_check
reference_check_NINO3_NINO34_r700_s15_n410_ef8e3b32,multiscale_weighted,3,0.3444574322366923,0.11002751162266494,15,NINO34,NINO3,0.7,reference_check
reference_check_NINO3_NINO34_r700_s15_n410_ef8e3b32,multiscale_weighted,6,0.2884004254475358,0.1314137960465685,15,NINO34,NINO3,0.7,reference_check
reference_check_NINO3_NINO34_r700_s16_n410_27dec553,multiscale_equal,1,0.3333333333333333,,16,NINO34,NINO3,0.7,reference_check
reference_check_NINO3_NINO34_r700_s16_n410_27dec553,multiscale_equal,3,0.3333333333333333,,16,NINO34,NINO3,0.7,reference_check
reference_check_NINO3_NINO34_r700_s16_n410_27dec553,multiscale_equal,6,0.3333333333333333,,16,NINO34,NINO3,0.7,reference_check
reference_check_NINO3_NINO34_r700_s16_n410_27dec553,multiscale_weighted,1,0.34557602215400823,0.08592344279078257,16,NINO34,NINO3,0.7,reference_check
reference_check_NINO3_NINO34_r700_s16_n410_27dec553,multiscale_weighted,3,0.33361750211628965,0.08900336912975017,16,NINO34,NINO3,0.7,reference_check
reference_check_NINO3_NINO34_r700_s16_n410_27dec553,multiscale_weighted,6,0.3208064757297021,0.09255761358798047,16,NINO34,NINO3,0.7,reference_check
reference_check_NINO3_NINO34_r700_s17_n410_cdac4b19,multiscale_equal,1,0.3333333333333333,,17,NINO34,NINO3,0.7,reference_check
reference_check_NINO3_NINO34_r700_s17_n410_cdac4b19,multiscale_equal,3,0.3333333333333333,,17,NINO34,NINO3,0.7,reference_check
reference_check_NINO3_NINO34_r700_s17_n410_cdac4b19,multiscale_equal,6,0.3333333333333333,,17,NINO34,NINO3,0.7,reference_check
reference_check_NINO3_NINO34_r700_s17_n410_cdac4b19,multiscale_weighted,1,0.33117162796559807,0.11255615016421276,17,NINO34,NINO3,0.7,reference_check
reference_check_NINO3_NINO34_r700_s17_n410_cdac4b19,multiscale_weighted,3,0.3491194828075069,0.10676975976301088,17,NINO34,NINO3,0.7,reference_check
reference_check_NINO3_NINO34_r700_s17_n410_cdac4b19,multiscale_weighted,6,0.31970888922689505,0.11659170219566829,17,NINO34,NINO3,0.7,reference_check
reference_check_NINO3_NINO34_r700_s18_n410_37abe2c0,multiscale_equal,1,0.3333333333333333,,18,NINO34,NINO3,0.7,reference_check
reference_check_NINO3_NINO34_r700_s18_n410_37abe2c0,multiscale_equal,3,0.3333333333333333,,18,NINO34,NINO3,0.7,reference_check
reference_check_NINO3_NINO34_r700_s18_n410_37abe2c0,multiscale_equal,6,0.3333333333333333,,18,NINO34,NINO3,0.7,reference_check
reference_check_NINO3_NINO34_r700_s18_n410_37abe2c0,multiscale_weighted,1,0.4142081443539312,0.10236600480895734,18,NINO34,NINO3,0.7,reference_check
reference_check_NINO3_NINO34_r700_s18_n410_37abe2c0,multiscale_weighted,3,0.3352876596421927,0.12646106251359612,18,NINO34,NINO3,0.7,reference_check
reference_check_NINO3_NINO34_r700_s18_n410_37abe2c0,multiscale_weighted,6,0.25050419600387613,0.16926197329336243,18,NINO34,NINO3,0.7,reference_check
reference_check_NINO3_NINO34_r700_s19_n410_02243b62,multiscale_equal,1,0.3333333333333333,,19,NINO34,NINO3,0.7,reference_check
reference_check_NINO3_NINO34_r700_s19_n410_02243b62,multiscale_equal,3,0.3333333333333333,,19,NINO34,NINO3,0.7,reference_check
reference_check_NINO3_NINO34_r700_s19_n410_02243b62,multiscale_equal,6,0.3333333333333333,,19,NINO34,NINO3,0.7,reference_check
reference_check_NINO3_NINO34_r700_s19_n410_02243b62,multiscale_weighted,1,0.29998399612117405,0.10551480256247125,19,NINO34,NINO3,0.7,reference_check
reference_check_NINO3_NINO34_r700_s19_n410_02243b62,multiscale_weighted,3,0.3650028783527881,0.08671918318913777,19,NINO34,NINO3,0.7,reference_check
reference_check_NINO3_NINO34_r700_s19_n410_02243b62,multiscale_weighted,6,0.33501312552603796,0.09448212431269476,19,NINO34,NINO3,0.7,reference_check
reference_check_NINO3_NINO34_r900_s00_n410_587c0962,multiscale_equal,1,0.3333333333333333,,0,NINO34,NINO3,0.9,reference_check
reference_check_NINO3_NINO34_r900_s00_n410_587c0962,multiscale_equal,3,0.3333333333333333,,0,NINO34,NINO3,0.9,reference_check
reference_check_NINO3_NINO34_r900_s00_n410_587c0962,multiscale_equal,6,0.3333333333333333,,0,NINO34,NINO3,0.9,reference_check
reference_check_NINO3_NINO34_r900_s00_n410_587c0962,multiscale_weighted,1,0.3165939190235661,0.13526355745400084,0,NINO34,NINO3,0.9,reference_check
reference_check_NINO3_NINO34_r900_s00_n410_587c0962,multiscale_weighted,3,0.3347930494155915,0.12791071872069096,0,NINO34,NINO3,0.9,reference_check
reference_check_NINO3_NINO34_r900_s00_n410_587c0962,multiscale_weighted,6,0.34861303156084245,0.12283998461992782,0,NINO34,NINO3,0.9,reference_check
reference_check_NINO3_NINO34_r900_s01_n410_971529f5,multiscale_equal,1,0.3333333333333333,,1,NINO34,NINO3,0.9,reference_check
reference_check_NINO3_NINO34_r900_s01_n410_971529f5,multiscale_equal,3,0.3333333333333333,,1,NINO34,NINO3,0.9,reference_check
reference_check_NINO3_NINO34_r900_s01_n410_971529f5,multiscale_equal,6,0.3333333333333333,,1,NINO34,NINO3,0.9,reference_check
reference_check_NINO3_NINO34_r900_s01_n410_971529f5,multiscale_weighted,1,0.3595601103256977,0.07542806102351063,1,NINO34,NINO3,0.9,reference_check
reference_check_NINO3_NINO34_r900_s01_n410_971529f5,multiscale_weighted,3,0.3069388339406897,0.08835937176622598,1,NINO34,NINO3,0.9,reference_check
reference_check_NINO3_NINO34_r900_s01_n410_971529f5,multiscale_weighted,6,0.3335010557336126,0.08132184822612208,1,NINO34,NINO3,0.9,reference_check
reference_check_NINO3_NINO34_r900_s02_n410_43fe638c,multiscale_equal,1,0.3333333333333333,,2,NINO34,NINO3,0.9,reference_check
reference_check_NINO3_NINO34_r900_s02_n410_43fe638c,multiscale_equal,3,0.3333333333333333,,2,NINO34,NINO3,0.9,reference_check
reference_check_NINO3_NINO34_r900_s02_n410_43fe638c,multiscale_equal,6,0.3333333333333333,,2,NINO34,NINO3,0.9,reference_check
reference_check_NINO3_NINO34_r900_s02_n410_43fe638c,multiscale_weighted,1,0.3264309994726202,0.07714025432425174,2,NINO34,NINO3,0.9,reference_check
reference_check_NINO3_NINO34_r900_s02_n410_43fe638c,multiscale_weighted,3,0.3091971433005384,0.08143985491644846,2,NINO34,NINO3,0.9,reference_check
reference_check_NINO3_NINO34_r900_s02_n410_43fe638c,multiscale_weighted,6,0.3643718572268413,0.06910788920658192,2,NINO34,NINO3,0.9,reference_check
reference_check_NINO3_NINO34_r900_s03_n410_e7df5fa8,multiscale_equal,1,0.3333333333333333,,3,NINO34,NINO3,0.9,reference_check
reference_check_NINO3_NINO34_r900_s03_n410_e7df5fa8,multiscale_equal,3,0.3333333333333333,,3,NINO34,NINO3,0.9,reference_check
reference_check_NINO3_NINO34_r900_s03_n410_e7df5fa8,multiscale_equal,6,0.3333333333333333,,3,NINO34,NINO3,0.9,reference_check
reference_check_NINO3_NINO34_r900_s03_n410_e7df5fa8,multiscale_weighted,1,0.42639841741507206,0.15003926726731448,3,NINO34,NINO3,0.9,reference_check
reference_check_NINO3_NINO34_r900_s03_n410_e7df5fa8,multiscale_weighted,3,0.3186189662799959,0.2007931540850998,3,NINO34,NINO3,0.9,reference_check
reference_check_NINO3_NINO34_r900_s03_n410_e7df5fa8,multiscale_weighted,6,0.2549826163049321,0.2509053705470997,3,NINO34,NINO3,0.9,reference_check
reference_check_NINO3_NINO34_r900_s04_n410_7aa1b72e,multiscale_equal,1,0.3333333333333333,,4,NINO34,NINO3,0.9,reference_check
reference_check_NINO3_NINO34_r900_s04_n410_7aa1b72e,multiscale_equal,3,0.3333333333333333,,4,NINO34,NINO3,0.9,reference_check
reference_check_NINO3_NINO34_r900_s04_n410_7aa1b72e,multiscale_equal,6,0.3333333333333333,,4,NINO34,NINO3,0.9,reference_check
reference_check_NINO3_NINO34_r900_s04_n410_7aa1b72e,multiscale_weighted,1,0.3317881257788419,0.11089200956669283,4,NINO34,NINO3,0.9,reference_check
reference_check_NINO3_NINO34_r900_s04_n410_7aa1b72e,multiscale_weighted,3,0.3588620391596546,0.1025258950024373,4,NINO34,NINO3,0.9,reference_check
reference_check_NINO3_NINO34_r900_s04_n410_7aa1b72e,multiscale_weighted,6,0.30934983506150354,0.11893541897331343,4,NINO34,NINO3,0.9,reference_check
reference_check_NINO3_NINO34_r900_s05_n410_111a9cf3,multiscale_equal,1,0.3333333333333333,,5,NINO34,NINO3,0.9,reference_check
reference_check_NINO3_NINO34_r900_s05_n410_111a9cf3,multiscale_equal,3,0.3333333333333333,,5,NINO34,NINO3,0.9,reference_check
reference_check_NINO3_NINO34_r900_s05_n410_111a9cf3,multiscale_equal,6,0.3333333333333333,,5,NINO34,NINO3,0.9,reference_check
reference_check_NINO3_NINO34_r900_s05_n410_111a9cf3,multiscale_weighted,1,0.43343639250380106,0.08561534485532618,5,NINO34,NINO3,0.9,reference_check
reference_check_NINO3_NINO34_r900_s05_n410_111a9cf3,multiscale_weighted,3,0.3327662770140015,0.11151612944902227,5,NINO34,NINO3,0.9,reference_check
reference_check_NINO3_NINO34_r900_s05_n410_111a9cf3,multiscale_weighted,6,0.23379733048219728,0.15872212115047116,5,NINO34,NINO3,0.9,reference_check
reference_check_NINO3_NINO34_r900_s06_n410_b5826427,multiscale_equal,1,0.3333333333333333,,6,NINO34,NINO3,0.9,reference_check
reference_check_NINO3_NINO34_r900_s06_n410_b5826427,multiscale_equal,3,0.3333333333333333,,6,NINO34,NINO3,0.9,reference_check
reference_check_NINO3_NINO34_r900_s06_n410_b5826427,multiscale_equal,6,0.3333333333333333,,6,NINO34,NINO3,0.9,reference_check
reference_check_NINO3_NINO34_r900_s06_n410_b5826427,multiscale_weighted,1,0.3310567247441432,0.10284576160461217,6,NINO34,NINO3,0.9,reference_check
reference_check_NINO3_NINO34_r900_s06_n410_b5826427,multiscale_weighted,3,0.3775039018419493,0.0901918638722388,6,NINO34,NINO3,0.9,reference_check
reference_check_NINO3_NINO34_r900_s06_n410_b5826427,multiscale_weighted,6,0.2914393734139075,0.11682629216491656,6,NINO34,NINO3,0.9,reference_check
reference_check_NINO3_NINO34_r900_s07_n410_7c295811,multiscale_equal,1,0.3333333333333333,,7,NINO34,NINO3,0.9,reference_check
reference_check_NINO3_NINO34_r900_s07_n410_7c295811,multiscale_equal,3,0.3333333333333333,,7,NINO34,NINO3,0.9,reference_check
reference_check_NINO3_NINO34_r900_s07_n410_7c295811,multiscale_equal,6,0.3333333333333333,,7,NINO34,NINO3,0.9,reference_check
reference_check_NINO3_NINO34_r900_s07_n410_7c295811,multiscale_weighted,1,0.32556221237662475,0.20018072158240507,7,NINO34,NINO3,0.9,reference_check
reference_check_NINO3_NINO34_r900_s07_n410_7c295811,multiscale_weighted,3,0.3205204561765986,0.203329545394216,7,NINO34,NINO3,0.9,reference_check
reference_check_NINO3_NINO34_r900_s07_n410_7c295811,multiscale_weighted,6,0.3539173314467767,0.18414265852297332,7,NINO34,NINO3,0.9,reference_check
reference_check_NINO3_NINO34_r900_s08_n410_e29af619,multiscale_equal,1,0.3333333333333333,,8,NINO34,NINO3,0.9,reference_check
reference_check_NINO3_NINO34_r900_s08_n410_e29af619,multiscale_equal,3,0.3333333333333333,,8,NINO34,NINO3,0.9,reference_check
reference_check_NINO3_NINO34_r900_s08_n410_e29af619,multiscale_equal,6,0.3333333333333333,,8,NINO34,NINO3,0.9,reference_check
reference_check_NINO3_NINO34_r900_s08_n410_e29af619,multiscale_weighted,1,0.44684713034239015,0.06785211977156466,8,NINO34,NINO3,0.9,reference_check
reference_check_NINO3_NINO34_r900_s08_n410_e29af619,multiscale_weighted,3,0.2868940810578535,0.10568195236132542,8,NINO34,NINO3,0.9,reference_check
reference_check_NINO3_NINO34_r900_s08_n410_e29af619,multiscale_weighted,6,0.2662587885997562,0.11387239825173229,8,NINO34,NINO3,0.9,reference_check
reference_check_NINO3_NINO34_r900_s09_n410_981ef7d7,multiscale_equal,1,0.3333333333333333,,9,NINO34,NINO3,0.9,reference_check
reference_check_NINO3_NINO34_r900_s09_n410_981ef7d7,multiscale_equal,3,0.3333333333333333,,9,NINO34,NINO3,0.9,reference_check
reference_check_NINO3_NINO34_r900_s09_n410_981ef7d7,multiscale_equal,6,0.3333333333333333,,9,NINO34,NINO3,0.9,reference_check
reference_check_NINO3_NINO34_r900_s09_n410_981ef7d7,multiscale_weighted,1,0.3720529113148076,0.11766901952807436,9,NINO34,NINO3,0.9,reference_check
reference_check_NINO3_NINO34_r900_s09_n410_981ef7d7,multiscale_weighted,3,0.3466618818722619,0.1262876128879409,9,NINO34,NINO3,0.9,reference_check
reference_check_NINO3_NINO34_r900_s09_n410_981ef7d7,multiscale_weighted,6,0.28128520681293046,0.15563954710128597,9,NINO34,NINO3,0.9,reference_check
reference_check_NINO3_NINO34_r900_s10_n410_edb59cef,multiscale_equal,1,0.3333333333333333,,10,NINO34,NINO3,0.9,reference_check
reference_check_NINO3_NINO34_r900_s10_n410_edb59cef,multiscale_equal,3,0.3333333333333333,,10,NINO34,NINO3,0.9,reference_check
reference_check_NINO3_NINO34_r900_s10_n410_edb59cef,multiscale_equal,6,0.3333333333333333,,10,NINO34,NINO3,0.9,reference_check
reference_check_NINO3_NINO34_r900_s10_n410_edb59cef,multiscale_weighted,1,0.36492864742576436,0.12936104875707796,10,NINO34,NINO3,0.9,reference_check
reference_check_NINO3_NINO34_r900_s10_n410_edb59cef,multiscale_weighted,3,0.3520219243688481,0.13410401290311783,10,NINO34,NINO3,0.9,reference_check
reference_check_NINO3_NINO34_r900_s10_n410_edb59cef,multiscale_weighted,6,0.2830494282053876,0.16678201298539796,10,NINO34,NINO3,0.9,reference_check
reference_check_NINO3_NINO34_r900_s11_n410_a2227b37,multiscale_equal,1,0.3333333333333333,,11,NINO34,NINO3,0.9,reference_check
reference_check_NINO3_NINO34_r900_s11_n410_a2227b37,multiscale_equal,3,0.3333333333333333,,11,NINO34,NINO3,0.9,reference_check
reference_check_NINO3_NINO34_r900_s11_n410_a2227b37,multiscale_equal,6,0.3333333333333333,,11,NINO34,NINO3,0.9,reference_check
reference_check_NINO3_NINO34_r900_s11_n410_a2227b37,multiscale_weighted,1,0.3615279116884507,0.13738287110262382,11,NINO34,NINO3,0.9,reference_check
reference_check_NINO3_NINO34_r900_s11_n410_a2227b37,multiscale_weighted,3,0.29393117344063235,0.16897746021993265,11,NINO34,NINO3,0.9,reference_check
reference_check_NINO3_NINO34_r900_s11_n410_a2227b37,multiscale_weighted,6,0.3445409148709168,0.1441562976053898,11,NINO34,NINO3,0.9,reference_check
reference_check_NINO3_NINO34_r900_s12_n410_b84de615,multiscale_equal,1,0.3333333333333333,,12,NINO34,NINO3,0.9,reference_check
reference_check_NINO3_NINO34_r900_s12_n410_b84de615,multiscale_equal,3,0.3333333333333333,,12,NINO34,NINO3,0.9,reference_check
reference_check_NINO3_NINO34_r900_s12_n410_b84de615,multiscale_equal,6,0.3333333333333333,,12,NINO34,NINO3,0.9,reference_check
reference_check_NINO3_NINO34_r900_s12_n410_b84de615,multiscale_weighted,1,0.2542235663307764,0.30868040714536576,12,NINO34,NINO3,0.9,reference_check
reference_check_NINO3_NINO34_r900_s12_n410_b84de615,multiscale_weighted,3,0.42053426447240383,0.1866050853104113,12,NINO34,NINO3,0.9,reference_check
reference_check_NINO3_NINO34_r900_s12_n410_b84de615,multiscale_weighted,6,0.32524216919681986,0.2412781634206129,12,NINO34,NINO3,0.9,reference_check
reference_check_NINO3_NINO34_r900_s13_n410_c2a315d8,multiscale_equal,1,0.3333333333333333,,13,NINO34,NINO3,0.9,reference_check
reference_check_NINO3_NINO34_r900_s13_n410_c2a315d8,multiscale_equal,3,0.3333333333333333,,13,NINO34,NINO3,0.9,reference_check
reference_check_NINO3_NINO34_r900_s13_n410_c2a315d8,multiscale_equal,6,0.3333333333333333,,13,NINO34,NINO3,0.9,reference_check
reference_check_NINO3_NINO34_r900_s13_n410_c2a315d8,multiscale_weighted,1,0.291344817859627,0.2293001307844341,13,NINO34,NINO3,0.9,reference_check
reference_check_NINO3_NINO34_r900_s13_n410_c2a315d8,multiscale_weighted,3,0.3708675522140042,0.18013278229528984,13,NINO34,NINO3,0.9,reference_check
reference_check_NINO3_NINO34_r900_s13_n410_c2a315d8,multiscale_weighted,6,0.33778762992636874,0.19777338912237188,13,NINO34,NINO3,0.9,reference_check
reference_check_NINO3_NINO34_r900_s14_n410_9d5a707f,multiscale_equal,1,0.3333333333333333,,14,NINO34,NINO3,0.9,reference_check
reference_check_NINO3_NINO34_r900_s14_n410_9d5a707f,multiscale_equal,3,0.3333333333333333,,14,NINO34,NINO3,0.9,reference_check
reference_check_NINO3_NINO34_r900_s14_n410_9d5a707f,multiscale_equal,6,0.3333333333333333,,14,NINO34,NINO3,0.9,reference_check
reference_check_NINO3_NINO34_r900_s14_n410_9d5a707f,multiscale_weighted,1,0.3372856444547219,0.07727007935754207,14,NINO34,NINO3,0.9,reference_check
reference_check_NINO3_NINO34_r900_s14_n410_9d5a707f,multiscale_weighted,3,0.343697636956893,0.07582853545287802,14,NINO34,NINO3,0.9,reference_check
reference_check_NINO3_NINO34_r900_s14_n410_9d5a707f,multiscale_weighted,6,0.31901671858838515,0.08169505601834065,14,NINO34,NINO3,0.9,reference_check
reference_check_NINO3_NINO34_r900_s15_n410_6cc87994,multiscale_equal,1,0.3333333333333333,,15,NINO34,NINO3,0.9,reference_check
reference_check_NINO3_NINO34_r900_s15_n410_6cc87994,multiscale_equal,3,0.3333333333333333,,15,NINO34,NINO3,0.9,reference_check
reference_check_NINO3_NINO34_r900_s15_n410_6cc87994,multiscale_equal,6,0.3333333333333333,,15,NINO34,NINO3,0.9,reference_check
reference_check_NINO3_NINO34_r900_s15_n410_6cc87994,multiscale_weighted,1,0.320914765862898,0.13552030248070013,15,NINO34,NINO3,0.9,reference_check
reference_check_NINO3_NINO34_r900_s15_n410_6cc87994,multiscale_weighted,3,0.3748228795105303,0.11602937808378916,15,NINO34,NINO3,0.9,reference_check
reference_check_NINO3_NINO34_r900_s15_n410_6cc87994,multiscale_weighted,6,0.3042623546265717,0.14293738822919444,15,NINO34,NINO3,0.9,reference_check
reference_check_NINO3_NINO34_r900_s16_n410_42b518fe,multiscale_equal,1,0.3333333333333333,,16,NINO34,NINO3,0.9,reference_check
reference_check_NINO3_NINO34_r900_s16_n410_42b518fe,multiscale_equal,3,0.3333333333333333,,16,NINO34,NINO3,0.9,reference_check
reference_check_NINO3_NINO34_r900_s16_n410_42b518fe,multiscale_equal,6,0.3333333333333333,,16,NINO34,NINO3,0.9,reference_check
reference_check_NINO3_NINO34_r900_s16_n410_42b518fe,multiscale_weighted,1,0.3308980321583279,0.11995182223370988,16,NINO34,NINO3,0.9,reference_check
reference_check_NINO3_NINO34_r900_s16_n410_42b518fe,multiscale_weighted,3,0.3074822462696742,0.12908654937523356,16,NINO34,NINO3,0.9,reference_check
reference_check_NINO3_NINO34_r900_s16_n410_42b518fe,multiscale_weighted,6,0.36161972157199784,0.10976121946883557,16,NINO34,NINO3,0.9,reference_check
reference_check_NINO3_NINO34_r900_s17_n410_af4fc8be,multiscale_equal,1,0.3333333333333333,,17,NINO34,NINO3,0.9,reference_check
reference_check_NINO3_NINO34_r900_s17_n410_af4fc8be,multiscale_equal,3,0.3333333333333333,,17,NINO34,NINO3,0.9,reference_check
reference_check_NINO3_NINO34_r900_s17_n410_af4fc8be,multiscale_equal,6,0.3333333333333333,,17,NINO34,NINO3,0.9,reference_check
reference_check_NINO3_NINO34_r900_s17_n410_af4fc8be,multiscale_weighted,1,0.3610980571116831,0.11689227739121066,17,NINO34,NINO3,0.9,reference_check
reference_check_NINO3_NINO34_r900_s17_n410_af4fc8be,multiscale_weighted,3,0.3431401803437774,0.12300971120252682,17,NINO34,NINO3,0.9,reference_check
reference_check_NINO3_NINO34_r900_s17_n410_af4fc8be,multiscale_weighted,6,0.2957617625445395,0.1427147807290142,17,NINO34,NINO3,0.9,reference_check
reference_check_NINO3_NINO34_r900_s18_n410_479628b0,multiscale_equal,1,0.3333333333333333,,18,NINO34,NINO3,0.9,reference_check
reference_check_NINO3_NINO34_r900_s18_n410_479628b0,multiscale_equal,3,0.3333333333333333,,18,NINO34,NINO3,0.9,reference_check
reference_check_NINO3_NINO34_r900_s18_n410_479628b0,multiscale_equal,6,0.3333333333333333,,18,NINO34,NINO3,0.9,reference_check
reference_check_NINO3_NINO34_r900_s18_n410_479628b0,multiscale_weighted,1,0.32748431063130296,0.138072450385499,18,NINO34,NINO3,0.9,reference_check
reference_check_NINO3_NINO34_r900_s18_n410_479628b0,multiscale_weighted,3,0.3350014822132913,0.13497421222664735,18,NINO34,NINO3,0.9,reference_check
reference_check_NINO3_NINO34_r900_s18_n410_479628b0,multiscale_weighted,6,0.33751420715540575,0.13396935646786373,18,NINO34,NINO3,0.9,reference_check
reference_check_NINO3_NINO34_r900_s19_n410_c6aaa791,multiscale_equal,1,0.3333333333333333,,19,NINO34,NINO3,0.9,reference_check
reference_check_NINO3_NINO34_r900_s19_n410_c6aaa791,multiscale_equal,3,0.3333333333333333,,19,NINO34,NINO3,0.9,reference_check
reference_check_NINO3_NINO34_r900_s19_n410_c6aaa791,multiscale_equal,6,0.3333333333333333,,19,NINO34,NINO3,0.9,reference_check
reference_check_NINO3_NINO34_r900_s19_n410_c6aaa791,multiscale_weighted,1,0.3349119919677125,0.11082012862668357,19,NINO34,NINO3,0.9,reference_check
reference_check_NINO3_NINO34_r900_s19_n410_c6aaa791,multiscale_weighted,3,0.3433827632686411,0.1080863511915319,19,NINO34,NINO3,0.9,reference_check
reference_check_NINO3_NINO34_r900_s19_n410_c6aaa791,multiscale_weighted,6,0.3217052447636464,0.11536955260961378,19,NINO34,NINO3,0.9,reference_check
reference_check_NINO3_NINO12_r100_s00_n410_a75d5668,multiscale_equal,1,0.3333333333333333,,0,NINO12,NINO3,0.1,reference_check
reference_check_NINO3_NINO12_r100_s00_n410_a75d5668,multiscale_equal,3,0.3333333333333333,,0,NINO12,NINO3,0.1,reference_check
reference_check_NINO3_NINO12_r100_s00_n410_a75d5668,multiscale_equal,6,0.3333333333333333,,0,NINO12,NINO3,0.1,reference_check
reference_check_NINO3_NINO12_r100_s00_n410_a75d5668,multiscale_weighted,1,0.2130225316424177,0.8557174911670696,0,NINO12,NINO3,0.1,reference_check
reference_check_NINO3_NINO12_r100_s00_n410_a75d5668,multiscale_weighted,3,0.4348195357014062,0.4192247325190987,0,NINO12,NINO3,0.1,reference_check
reference_check_NINO3_NINO12_r100_s00_n410_a75d5668,multiscale_weighted,6,0.35215793265617606,0.5176288468461282,0,NINO12,NINO3,0.1,reference_check
reference_check_NINO3_NINO12_r100_s01_n410_8d218a06,multiscale_equal,1,0.3333333333333333,,1,NINO12,NINO3,0.1,reference_check
reference_check_NINO3_NINO12_r100_s01_n410_8d218a06,multiscale_equal,3,0.3333333333333333,,1,NINO12,NINO3,0.1,reference_check
reference_check_NINO3_NINO12_r100_s01_n410_8d218a06,multiscale_equal,6,0.3333333333333333,,1,NINO12,NINO3,0.1,reference_check
reference_check_NINO3_NINO12_r100_s01_n410_8d218a06,multiscale_weighted,1,0.344210252936825,0.4182061409918385,1,NINO12,NINO3,0.1,reference_check
reference_check_NINO3_NINO12_r100_s01_n410_8d218a06,multiscale_weighted,3,0.37275368681437515,0.38618220638949263,1,NINO12,NINO3,0.1,reference_check
reference_check_NINO3_NINO12_r100_s01_n410_8d218a06,multiscale_weighted,6,0.2830360602487997,0.5085954143389425,1,NINO12,NINO3,0.1,reference_check
reference_check_NINO3_NINO12_r100_s02_n410_a8455591,multiscale_equal,1,0.3333333333333333,,2,NINO12,NINO3,0.1,reference_check
reference_check_NINO3_NINO12_r100_s02_n410_a8455591,multiscale_equal,3,0.3333333333333333,,2,NINO12,NINO3,0.1,reference_check
reference_check_NINO3_NINO12_r100_s02_n410_a8455591,multiscale_equal,6,0.3333333333333333,,2,NINO12,NINO3,0.1,reference_check
reference_check_NINO3_NINO12_r100_s02_n410_a8455591,multiscale_weighted,1,0.34077822138237573,0.4282813673674496,2,NINO12,NINO3,0.1,reference_check
reference_check_NINO3_NINO12_r100_s02_n410_a8455591,multiscale_weighted,3,0.38108642675144716,0.382981265852479,2,NINO12,NINO3,0.1,reference_check
reference_check_NINO3_NINO12_r100_s02_n410_a8455591,multiscale_weighted,6,0.2781353518661771,0.524740786923178,2,NINO12,NINO3,0.1,reference_check
reference_check_NINO3_NINO12_r100_s03_n410_c32dfdc6,multiscale_equal,1,0.3333333333333333,,3,NINO12,NINO3,0.1,reference_check
reference_check_NINO3_NINO12_r100_s03_n410_c32dfdc6,multiscale_equal,3,0.3333333333333333,,3,NINO12,NINO3,0.1,reference_check
reference_check_NINO3_NINO12_r100_s03_n410_c32dfdc6,multiscale_equal,6,0.3333333333333333,,3,NINO12,NINO3,0.1,reference_check
reference_check_NINO3_NINO12_r100_s03_n410_c32dfdc6,multiscale_weighted,1,0.38860355682898506,0.3998070116363066,3,NINO12,NINO3,0.1,reference_check
reference_check_NINO3_NINO12_r100_s03_n410_c32dfdc6,multiscale_weighted,3,0.409426412432767,0.37947338473616,3,NINO12,NINO3,0.1,reference_check
reference_check_NINO3_NINO12_r100_s03_n410_c32dfdc6,multiscale_weighted,6,0.2019700307382478,0.7692548659686083,3,NINO12,NINO3,0.1,reference_check
reference_check_NINO3_NINO12_r100_s04_n410_1f75dcd4,multiscale_equal,1,0.3333333333333333,,4,NINO12,NINO3,0.1,reference_check
reference_check_NINO3_NINO12_r100_s04_n410_1f75dcd4,multiscale_equal,3,0.3333333333333333,,4,NINO12,NINO3,0.1,reference_check
reference_check_NINO3_NINO12_r100_s04_n410_1f75dcd4,multiscale_equal,6,0.3333333333333333,,4,NINO12,NINO3,0.1,reference_check
reference_check_NINO3_NINO12_r100_s04_n410_1f75dcd4,multiscale_weighted,1,0.3383016862667224,0.4273318105575102,4,NINO12,NINO3,0.1,reference_check
reference_check_NINO3_NINO12_r100_s04_n410_1f75dcd4,multiscale_weighted,3,0.3733053480092257,0.3872622571258784,4,NINO12,NINO3,0.1,reference_check
reference_check_NINO3_NINO12_r100_s04_n410_1f75dcd4,multiscale_weighted,6,0.28839296572405176,0.5012850170292411,4,NINO12,NINO3,0.1,reference_check
reference_check_NINO3_NINO12_r100_s05_n410_2063054c,multiscale_equal,1,0.3333333333333333,,5,NINO12,NINO3,0.1,reference_check
reference_check_NINO3_NINO12_r100_s05_n410_2063054c,multiscale_equal,3,0.3333333333333333,,5,NINO12,NINO3,0.1,reference_check
reference_check_NINO3_NINO12_r100_s05_n410_2063054c,multiscale_equal,6,0.3333333333333333,,5,NINO12,NINO3,0.1,reference_check
reference_check_NINO3_NINO12_r100_s05_n410_2063054c,multiscale_weighted,1,0.359495972836073,0.4212588808365736,5,NINO12,NINO3,0.1,reference_check
reference_check_NINO3_NINO12_r100_s05_n410_2063054c,multiscale_weighted,3,0.3449628592490216,0.439006308365695,5,NINO12,NINO3,0.1,reference_check
reference_check_NINO3_NINO12_r100_s05_n410_2063054c,multiscale_weighted,6,0.29554116791490537,0.5124188722768173,5,NINO12,NINO3,0.1,reference_check
reference_check_NINO3_NINO12_r100_s06_n410_a0542bfd,multiscale_equal,1,0.3333333333333333,,6,NINO12,NINO3,0.1,reference_check
reference_check_NINO3_NINO12_r100_s06_n410_a0542bfd,multiscale_equal,3,0.3333333333333333,,6,NINO12,NINO3,0.1,reference_check
reference_check_NINO3_NINO12_r100_s06_n410_a0542bfd,multiscale_equal,6,0.3333333333333333,,6,NINO12,NINO3,0.1,reference_check
reference_check_NINO3_NINO12_r100_s06_n410_a0542bfd,multiscale_weighted,1,0.3493944718641307,0.44968260949098626,6,NINO12,NINO3,0.1,reference_check
reference_check_NINO3_NINO12_r100_s06_n410_a0542bfd,multiscale_weighted,3,0.3572678337739659,0.43977263805604005,6,NINO12,NINO3,0.1,reference_check
reference_check_NINO3_NINO12_r100_s06_n410_a0542bfd,multiscale_weighted,6,0.2933376943619033,0.535616872870146,6,NINO12,NINO3,0.1,reference_check
reference_check_NINO3_NINO12_r100_s07_n410_bd2a44a2,multiscale_equal,1,0.3333333333333333,,7,NINO12,NINO3,0.1,reference_check
reference_check_NINO3_NINO12_r100_s07_n410_bd2a44a2,multiscale_equal,3,0.3333333333333333,,7,NINO12,NINO3,0.1,reference_check
reference_check_NINO3_NINO12_r100_s07_n410_bd2a44a2,multiscale_equal,6,0.3333333333333333,,7,NINO12,NINO3,0.1,reference_check
reference_check_NINO3_NINO12_r100_s07_n410_bd2a44a2,multiscale_weighted,1,0.31477950061125864,0.4077637114559534,7,NINO12,NINO3,0.1,reference_check
reference_check_NINO3_NINO12_r100_s07_n410_bd2a44a2,multiscale_weighted,3,0.34092599813726443,0.3764912557697305,7,NINO12,NINO3,0.1,reference_check
reference_check_NINO3_NINO12_r100_s07_n410_bd2a44a2,multiscale_weighted,6,0.3442945012514769,0.37280774644532705,7,NINO12,NINO3,0.1,reference_check
reference_check_NINO3_NINO12_r100_s08_n410_89047ccd,multiscale_equal,1,0.3333333333333333,,8,NINO12,NINO3,0.1,reference_check
reference_check_NINO3_NINO12_r100_s08_n410_89047ccd,multiscale_equal,3,0.3333333333333333,,8,NINO12,NINO3,0.1,reference_check
reference_check_NINO3_NINO12_r100_s08_n410_89047ccd,multiscale_equal,6,0.3333333333333333,,8,NINO12,NINO3,0.1,reference_check
reference_check_NINO3_NINO12_r100_s08_n410_89047ccd,multiscale_weighted,1,0.333461415325137,0.4217079305887211,8,NINO12,NINO3,0.1,reference_check
reference_check_NINO3_NINO12_r100_s08_n410_89047ccd,multiscale_weighted,3,0.37327850572603816,0.3767249406019398,8,NINO12,NINO3,0.1,reference_check
reference_check_NINO3_NINO12_r100_s08_n410_89047ccd,multiscale_weighted,6,0.29326007894882483,0.4795174453579402,8,NINO12,NINO3,0.1,reference_check
reference_check_NINO3_NINO12_r100_s09_n410_507461cd,multiscale_equal,1,0.3333333333333333,,9,NINO12,NINO3,0.1,reference_check
reference_check_NINO3_NINO12_r100_s09_n410_507461cd,multiscale_equal,3,0.3333333333333333,,9,NINO12,NINO3,0.1,reference_check
reference_check_NINO3_NINO12_r100_s09_n410_507461cd,multiscale_equal,6,0.3333333333333333,,9,NINO12,NINO3,0.1,reference_check
reference_check_NINO3_NINO12_r100_s09_n410_507461cd,multiscale_weighted,1,0.338522211258889,0.41616044339569264,9,NINO12,NINO3,0.1,reference_check
reference_check_NINO3_NINO12_r100_s09_n410_507461cd,multiscale_weighted,3,0.36782883956997375,0.3830030112437442,9,NINO12,NINO3,0.1,reference_check
reference_check_NINO3_NINO12_r100_s09_n410_507461cd,multiscale_weighted,6,0.2936489491711374,0.47975500843585844,9,NINO12,NINO3,0.1,reference_check
reference_check_NINO3_NINO12_r100_s10_n410_b388d330,multiscale_equal,1,0.3333333333333333,,10,NINO12,NINO3,0.1,reference_check
reference_check_NINO3_NINO12_r100_s10_n410_b388d330,multiscale_equal,3,0.3333333333333333,,10,NINO12,NINO3,0.1,reference_check
reference_check_NINO3_NINO12_r100_s10_n410_b388d330,multiscale_equal,6,0.3333333333333333,,10,NINO12,NINO3,0.1,reference_check
reference_check_NINO3_NINO12_r100_s10_n410_b388d330,multiscale_weighted,1,0.33703047729645047,0.4402183359797731,10,NINO12,NINO3,0.1,reference_check
reference_check_NINO3_NINO12_r100_s10_n410_b388d330,multiscale_weighted,3,0.37792947931098103,0.39257851928681886,10,NINO12,NINO3,0.1,reference_check
reference_check_NINO3_NINO12_r100_s10_n410_b388d330,multiscale_weighted,6,0.2850400433925685,0.5205128190718221,10,NINO12,NINO3,0.1,reference_check
reference_check_NINO3_NINO12_r100_s11_n410_a26cadd2,multiscale_equal,1,0.3333333333333333,,11,NINO12,NINO3,0.1,reference_check
reference_check_NINO3_NINO12_r100_s11_n410_a26cadd2,multiscale_equal,3,0.3333333333333333,,11,NINO12,NINO3,0.1,reference_check
reference_check_NINO3_NINO12_r100_s11_n410_a26cadd2,multiscale_equal,6,0.3333333333333333,,11,NINO12,NINO3,0.1,reference_check
reference_check_NINO3_NINO12_r100_s11_n410_a26cadd2,multiscale_weighted,1,0.3307899530383333,0.3967561915801519,11,NINO12,NINO3,0.1,reference_check
reference_check_NINO3_NINO12_r100_s11_n410_a26cadd2,multiscale_weighted,3,0.3688617313551893,0.35580530689697515,11,NINO12,NINO3,0.1,reference_check
reference_check_NINO3_NINO12_r100_s11_n410_a26cadd2,multiscale_weighted,6,0.30034831560647757,0.4369691971727343,11,NINO12,NINO3,0.1,reference_check
reference_check_NINO3_NINO12_r100_s12_n410_f09d03e3,multiscale_equal,1,0.3333333333333333,,12,NINO12,NINO3,0.1,reference_check
reference_check_NINO3_NINO12_r100_s12_n410_f09d03e3,multiscale_equal,3,0.3333333333333333,,12,NINO12,NINO3,0.1,reference_check
reference_check_NINO3_NINO12_r100_s12_n410_f09d03e3,multiscale_equal,6,0.3333333333333333,,12,NINO12,NINO3,0.1,reference_check
reference_check_NINO3_NINO12_r100_s12_n410_f09d03e3,multiscale_weighted,1,0.34495491048279897,0.38870003590026675,12,NINO12,NINO3,0.1,reference_check
reference_check_NINO3_NINO12_r100_s12_n410_f09d03e3,multiscale_weighted,3,0.36561649853462924,0.3667339586475705,12,NINO12,NINO3,0.1,reference_check
reference_check_NINO3_NINO12_r100_s12_n410_f09d03e3,multiscale_weighted,6,0.2894285909825718,0.46327139368902626,12,NINO12,NINO3,0.1,reference_check
reference_check_NINO3_NINO12_r100_s13_n410_adb65ec8,multiscale_equal,1,0.3333333333333333,,13,NINO12,NINO3,0.1,reference_check
reference_check_NINO3_NINO12_r100_s13_n410_adb65ec8,multiscale_equal,3,0.3333333333333333,,13,NINO12,NINO3,0.1,reference_check
reference_check_NINO3_NINO12_r100_s13_n410_adb65ec8,multiscale_equal,6,0.3333333333333333,,13,NINO12,NINO3,0.1,reference_check
reference_check_NINO3_NINO12_r100_s13_n410_adb65ec8,multiscale_weighted,1,0.34473886638577295,0.4230296272307747,13,NINO12,NINO3,0.1,reference_check
reference_check_NINO3_NINO12_r100_s13_n410_adb65ec8,multiscale_weighted,3,0.3740537337212051,0.38987648198015845,13,NINO12,NINO3,0.1,reference_check
reference_check_NINO3_NINO12_r100_s13_n410_adb65ec8,multiscale_weighted,6,0.2812073998930219,0.5186021242124926,13,NINO12,NINO3,0.1,reference_check
reference_check_NINO3_NINO12_r100_s14_n410_8529062b,multiscale_equal,1,0.3333333333333333,,14,NINO12,NINO3,0.1,reference_check
reference_check_NINO3_NINO12_r100_s14_n410_8529062b,multiscale_equal,3,0.3333333333333333,,14,NINO12,NINO3,0.1,reference_check
reference_check_NINO3_NINO12_r100_s14_n410_8529062b,multiscale_equal,6,0.3333333333333333,,14,NINO12,NINO3,0.1,reference_check
reference_check_NINO3_NINO12_r100_s14_n410_8529062b,multiscale_weighted,1,0.34942047216921157,0.4419935397526869,14,NINO12,NINO3,0.1,reference_check
reference_check_NINO3_NINO12_r100_s14_n410_8529062b,multiscale_weighted,3,0.35730045101422386,0.43224572154053825,14,NINO12,NINO3,0.1,reference_check
reference_check_NINO3_NINO12_r100_s14_n410_8529062b,multiscale_weighted,6,0.2932790768165645,0.5266028308262967,14,NINO12,NINO3,0.1,reference_check
reference_check_NINO3_NINO12_r100_s15_n410_ef7b2b57,multiscale_equal,1,0.3333333333333333,,15,NINO12,NINO3,0.1,reference_check
reference_check_NINO3_NINO12_r100_s15_n410_ef7b2b57,multiscale_equal,3,0.3333333333333333,,15,NINO12,NINO3,0.1,reference_check
reference_check_NINO3_NINO12_r100_s15_n410_ef7b2b57,multiscale_equal,6,0.3333333333333333,,15,NINO12,NINO3,0.1,reference_check
reference_check_NINO3_NINO12_r100_s15_n410_ef7b2b57,multiscale_weighted,1,0.3442274782230471,0.43449837606874153,15,NINO12,NINO3,0.1,reference_check
reference_check_NINO3_NINO12_r100_s15_n410_ef7b2b57,multiscale_weighted,3,0.35570787210339955,0.4204750354786045,15,NINO12,NINO3,0.1,reference_check
reference_check_NINO3_NINO12_r100_s15_n410_ef7b2b57,multiscale_weighted,6,0.3000646496735533,0.4984468547051991,15,NINO12,NINO3,0.1,reference_check
reference_check_NINO3_NINO12_r100_s16_n410_61ccf7f3,multiscale_equal,1,0.3333333333333333,,16,NINO12,NINO3,0.1,reference_check
reference_check_NINO3_NINO12_r100_s16_n410_61ccf7f3,multiscale_equal,3,0.3333333333333333,,16,NINO12,NINO3,0.1,reference_check
reference_check_NINO3_NINO12_r100_s16_n410_61ccf7f3,multiscale_equal,6,0.3333333333333333,,16,NINO12,NINO3,0.1,reference_check
reference_check_NINO3_NINO12_r100_s16_n410_61ccf7f3,multiscale_weighted,1,0.3586343384491107,0.4488180633642577,16,NINO12,NINO3,0.1,reference_check
reference_check_NINO3_NINO12_r100_s16_n410_61ccf7f3,multiscale_weighted,3,0.3442563061781177,0.4675631688873578,16,NINO12,NINO3,0.1,reference_check
reference_check_NINO3_NINO12_r100_s16_n410_61ccf7f3,multiscale_weighted,6,0.29710935537277156,0.541758672791697,16,NINO12,NINO3,0.1,reference_check
reference_check_NINO3_NINO12_r100_s17_n410_ee8f778f,multiscale_equal,1,0.3333333333333333,,17,NINO12,NINO3,0.1,reference_check
reference_check_NINO3_NINO12_r100_s17_n410_ee8f778f,multiscale_equal,3,0.3333333333333333,,17,NINO12,NINO3,0.1,reference_check
reference_check_NINO3_NINO12_r100_s17_n410_ee8f778f,multiscale_equal,6,0.3333333333333333,,17,NINO12,NINO3,0.1,reference_check
reference_check_NINO3_NINO12_r100_s17_n410_ee8f778f,multiscale_weighted,1,0.3424495622465725,0.41644670869431494,17,NINO12,NINO3,0.1,reference_check
reference_check_NINO3_NINO12_r100_s17_n410_ee8f778f,multiscale_weighted,3,0.35001964293515464,0.40743997054047276,17,NINO12,NINO3,0.1,reference_check
reference_check_NINO3_NINO12_r100_s17_n410_ee8f778f,multiscale_weighted,6,0.30753079481827283,0.46373239977209224,17,NINO12,NINO3,0.1,reference_check
reference_check_NINO3_NINO12_r100_s18_n410_527af646,multiscale_equal,1,0.3333333333333333,,18,NINO12,NINO3,0.1,reference_check
reference_check_NINO3_NINO12_r100_s18_n410_527af646,multiscale_equal,3,0.3333333333333333,,18,NINO12,NINO3,0.1,reference_check
reference_check_NINO3_NINO12_r100_s18_n410_527af646,multiscale_equal,6,0.3333333333333333,,18,NINO12,NINO3,0.1,reference_check
reference_check_NINO3_NINO12_r100_s18_n410_527af646,multiscale_weighted,1,0.33364125313207005,0.4479038038711887,18,NINO12,NINO3,0.1,reference_check
reference_check_NINO3_NINO12_r100_s18_n410_527af646,multiscale_weighted,3,0.3724463625588706,0.40123679790409233,18,NINO12,NINO3,0.1,reference_check
reference_check_NINO3_NINO12_r100_s18_n410_527af646,multiscale_weighted,6,0.29391238430905936,0.508448078060813,18,NINO12,NINO3,0.1,reference_check
reference_check_NINO3_NINO12_r100_s19_n410_8a12908f,multiscale_equal,1,0.3333333333333333,,19,NINO12,NINO3,0.1,reference_check
reference_check_NINO3_NINO12_r100_s19_n410_8a12908f,multiscale_equal,3,0.3333333333333333,,19,NINO12,NINO3,0.1,reference_check
reference_check_NINO3_NINO12_r100_s19_n410_8a12908f,multiscale_equal,6,0.3333333333333333,,19,NINO12,NINO3,0.1,reference_check
reference_check_NINO3_NINO12_r100_s19_n410_8a12908f,multiscale_weighted,1,0.31713922225447644,0.4516096945492485,19,NINO12,NINO3,0.1,reference_check
reference_check_NINO3_NINO12_r100_s19_n410_8a12908f,multiscale_weighted,3,0.38254813240299207,0.3743924864075822,19,NINO12,NINO3,0.1,reference_check
reference_check_NINO3_NINO12_r100_s19_n410_8a12908f,multiscale_weighted,6,0.30031264534253144,0.47691347576239496,19,NINO12,NINO3,0.1,reference_check
reference_check_NINO3_NINO12_r300_s00_n410_bfa88920,multiscale_equal,1,0.3333333333333333,,0,NINO12,NINO3,0.3,reference_check
reference_check_NINO3_NINO12_r300_s00_n410_bfa88920,multiscale_equal,3,0.3333333333333333,,0,NINO12,NINO3,0.3,reference_check
reference_check_NINO3_NINO12_r300_s00_n410_bfa88920,multiscale_equal,6,0.3333333333333333,,0,NINO12,NINO3,0.3,reference_check
reference_check_NINO3_NINO12_r300_s00_n410_bfa88920,multiscale_weighted,1,0.1947051682318815,0.8769991555360143,0,NINO12,NINO3,0.3,reference_check
reference_check_NINO3_NINO12_r300_s00_n410_bfa88920,multiscale_weighted,3,0.47864116043689664,0.35675215282405326,0,NINO12,NINO3,0.3,reference_check
reference_check_NINO3_NINO12_r300_s00_n410_bfa88920,multiscale_weighted,6,0.326653671331222,0.5227440600979677,0,NINO12,NINO3,0.3,reference_check
reference_check_NINO3_NINO12_r300_s01_n410_a7241e5d,multiscale_equal,1,0.3333333333333333,,1,NINO12,NINO3,0.3,reference_check
reference_check_NINO3_NINO12_r300_s01_n410_a7241e5d,multiscale_equal,3,0.3333333333333333,,1,NINO12,NINO3,0.3,reference_check
reference_check_NINO3_NINO12_r300_s01_n410_a7241e5d,multiscale_equal,6,0.3333333333333333,,1,NINO12,NINO3,0.3,reference_check
reference_check_NINO3_NINO12_r300_s01_n410_a7241e5d,multiscale_weighted,1,0.31686584734763135,0.4677404992999312,1,NINO12,NINO3,0.3,reference_check
reference_check_NINO3_NINO12_r300_s01_n410_a7241e5d,multiscale_weighted,3,0.344244165867021,0.4305403082997878,1,NINO12,NINO3,0.3,reference_check
reference_check_NINO3_NINO12_r300_s01_n410_a7241e5d,multiscale_weighted,6,0.33888998678534765,0.4373424862047223,1,NINO12,NINO3,0.3,reference_check
reference_check_NINO3_NINO12_r300_s02_n410_6ca88ca8,multiscale_equal,1,0.3333333333333333,,2,NINO12,NINO3,0.3,reference_check
reference_check_NINO3_NINO12_r300_s02_n410_6ca88ca8,multiscale_equal,3,0.3333333333333333,,2,NINO12,NINO3,0.3,reference_check
reference_check_NINO3_NINO12_r300_s02_n410_6ca88ca8,multiscale_equal,6,0.3333333333333333,,2,NINO12,NINO3,0.3,reference_check
reference_check_NINO3_NINO12_r300_s02_n410_6ca88ca8,multiscale_weighted,1,0.30377401349204386,0.43673345007949604,2,NINO12,NINO3,0.3,reference_check
reference_check_NINO3_NINO12_r300_s02_n410_6ca88ca8,multiscale_weighted,3,0.3583239037150362,0.3702467822663321,2,NINO12,NINO3,0.3,reference_check
reference_check_NINO3_NINO12_r300_s02_n410_6ca88ca8,multiscale_weighted,6,0.33790208279291994,0.39262342358661434,2,NINO12,NINO3,0.3,reference_check
reference_check_NINO3_NINO12_r300_s03_n410_10d38b2e,multiscale_equal,1,0.3333333333333333,,3,NINO12,NINO3,0.3,reference_check
reference_check_NINO3_NINO12_r300_s03_n410_10d38b2e,multiscale_equal,3,0.3333333333333333,,3,NINO12,NINO3,0.3,reference_check
reference_check_NINO3_NINO12_r300_s03_n410_10d38b2e,multiscale_equal,6,0.3333333333333333,,3,NINO12,NINO3,0.3,reference_check
reference_check_NINO3_NINO12_r300_s03_n410_10d38b2e,multiscale_weighted,1,0.3288735204759982,0.42884074361409114,3,NINO12,NINO3,0.3,reference_check
reference_check_NINO3_NINO12_r300_s03_n410_10d38b2e,multiscale_weighted,3,0.32818511894313845,0.4297402805400111,3,NINO12,NINO3,0.3,reference_check
reference_check_NINO3_NINO12_r300_s03_n410_10d38b2e,multiscale_weighted,6,0.3429413605808632,0.41124921379633245,3,NINO12,NINO3,0.3,reference_check
reference_check_NINO3_NINO12_r300_s04_n410_5ce80d9c,multiscale_equal,1,0.3333333333333333,,4,NINO12,NINO3,0.3,reference_check
reference_check_NINO3_NINO12_r300_s04_n410_5ce80d9c,multiscale_equal,3,0.3333333333333333,,4,NINO12,NINO3,0.3,reference_check
reference_check_NINO3_NINO12_r300_s04_n410_5ce80d9c,multiscale_equal,6,0.3333333333333333,,4,NINO12,NINO3,0.3,reference_check
reference_check_NINO3_NINO12_r300_s04_n410_5ce80d9c,multiscale_weighted,1,0.3229030429279924,0.41888954599773726,4,NINO12,NINO3,0.3,reference_check
reference_check_NINO3_NINO12_r300_s04_n410_5ce80d9c,multiscale_weighted,3,0.3650674566894916,0.3705088089817022,4,NINO12,NINO3,0.3,reference_check
reference_check_NINO3_NINO12_r300_s04_n410_5ce80d9c,multiscale_weighted,6,0.312029500382516,0.43348692675112716,4,NINO12,NINO3,0.3,reference_check
reference_check_NINO3_NINO12_r300_s05_n410_51f8f2aa,multiscale_equal,1,0.3333333333333333,,5,NINO12,NINO3,0.3,reference_check
reference_check_NINO3_NINO12_r300_s05_n410_51f8f2aa,multiscale_equal,3,0.3333333333333333,,5,NINO12,NINO3,0.3,reference_check
reference_check_NINO3_NINO12_r300_s05_n410_51f8f2aa,multiscale_equal,6,0.3333333333333333,,5,NINO12,NINO3,0.3,reference_check
reference_check_NINO3_NINO12_r300_s05_n410_51f8f2aa,multiscale_weighted,1,0.20654306186901794,0.9032776520540114,5,NINO12,NINO3,0.3,reference_check
reference_check_NINO3_NINO12_r300_s05_n410_51f8f2aa,multiscale_weighted,3,0.4555188493624087,0.4095675272984453,5,NINO12,NINO3,0.3,reference_check
reference_check_NINO3_NINO12_r300_s05_n410_51f8f2aa,multiscale_weighted,6,0.33793808876857334,0.5520707386466875,5,NINO12,NINO3,0.3,reference_check
reference_check_NINO3_NINO12_r300_s06_n410_4d786e41,multiscale_equal,1,0.3333333333333333,,6,NINO12,NINO3,0.3,reference_check
reference_check_NINO3_NINO12_r300_s06_n410_4d786e41,multiscale_equal,3,0.3333333333333333,,6,NINO12,NINO3,0.3,reference_check
reference_check_NINO3_NINO12_r300_s06_n410_4d786e41,multiscale_equal,6,0.3333333333333333,,6,NINO12,NINO3,0.3,reference_check
reference_check_NINO3_NINO12_r300_s06_n410_4d786e41,multiscale_weighted,1,0.3772760301374815,0.4152861238426246,6,NINO12,NINO3,0.3,reference_check
reference_check_NINO3_NINO12_r300_s06_n410_4d786e41,multiscale_weighted,3,0.3428584176625696,0.4569743443656137,6,NINO12,NINO3,0.3,reference_check
reference_check_NINO3_NINO12_r300_s06_n410_4d786e41,multiscale_weighted,6,0.279865552199949,0.5598313197469633,6,NINO12,NINO3,0.3,reference_check
reference_check_NINO3_NINO12_r300_s07_n410_2c09391e,multiscale_equal,1,0.3333333333333333,,7,NINO12,NINO3,0.3,reference_check
reference_check_NINO3_NINO12_r300_s07_n410_2c09391e,multiscale_equal,3,0.3333333333333333,,7,NINO12,NINO3,0.3,reference_check
reference_check_NINO3_NINO12_r300_s07_n410_2c09391e,multiscale_equal,6,0.3333333333333333,,7,NINO12,NINO3,0.3,reference_check
reference_check_NINO3_NINO12_r300_s07_n410_2c09391e,multiscale_weighted,1,0.3391938221845215,0.42357603112294717,7,NINO12,NINO3,0.3,reference_check
reference_check_NINO3_NINO12_r300_s07_n410_2c09391e,multiscale_weighted,3,0.3584056546392216,0.40087083141810004,7,NINO12,NINO3,0.3,reference_check
reference_check_NINO3_NINO12_r300_s07_n410_2c09391e,multiscale_weighted,6,0.302400523176257,0.47511284669333953,7,NINO12,NINO3,0.3,reference_check
reference_check_NINO3_NINO12_r300_s08_n410_bd249db5,multiscale_equal,1,0.3333333333333333,,8,NINO12,NINO3,0.3,reference_check
reference_check_NINO3_NINO12_r300_s08_n410_bd249db5,multiscale_equal,3,0.3333333333333333,,8,NINO12,NINO3,0.3,reference_check
reference_check_NINO3_NINO12_r300_s08_n410_bd249db5,multiscale_equal,6,0.3333333333333333,,8,NINO12,NINO3,0.3,reference_check
reference_check_NINO3_NINO12_r300_s08_n410_bd249db5,multiscale_weighted,1,0.29906833023209256,0.4223700032019568,8,NINO12,NINO3,0.3,reference_check
reference_check_NINO3_NINO12_r300_s08_n410_bd249db5,multiscale_weighted,3,0.3547833150370363,0.35604123853876,8,NINO12,NINO3,0.3,reference_check
reference_check_NINO3_NINO12_r300_s08_n410_bd249db5,multiscale_weighted,6,0.3461483547308713,0.3649229854211733,8,NINO12,NINO3,0.3,reference_check
reference_check_NINO3_NINO12_r300_s09_n410_2c4f2a22,multiscale_equal,1,0.3333333333333333,,9,NINO12,NINO3,0.3,reference_check
reference_check_NINO3_NINO12_r300_s09_n410_2c4f2a22,multiscale_equal,3,0.3333333333333333,,9,NINO12,NINO3,0.3,reference_check
reference_check_NINO3_NINO12_r300_s09_n410_2c4f2a22,multiscale_equal,6,0.3333333333333333,,9,NINO12,NINO3,0.3,reference_check
reference_check_NINO3_NINO12_r300_s09_n410_2c4f2a22,multiscale_weighted,1,0.3303651682484524,0.4088177041211756,9,NINO12,NINO3,0.3,reference_check
reference_check_NINO3_NINO12_r300_s09_n410_2c4f2a22,multiscale_weighted,3,0.36631563654146193,0.36869605261954985,9,NINO12,NINO3,0.3,reference_check
reference_check_NINO3_NINO12_r300_s09_n410_2c4f2a22,multiscale_weighted,6,0.30331919521008555,0.4452706325156214,9,NINO12,NINO3,0.3,reference_check
reference_check_NINO3_NINO12_r300_s10_n410_3497774f,multiscale_equal,1,0.3333333333333333,,10,NINO12,NINO3,0.3,reference_check
reference_check_NINO3_NINO12_r300_s10_n410_3497774f,multiscale_equal,3,0.3333333333333333,,10,NINO12,NINO3,0.3,reference_check
reference_check_NINO3_NINO12_r300_s10_n410_3497774f,multiscale_equal,6,0.3333333333333333,,10,NINO12,NINO3,0.3,reference_check
reference_check_NINO3_NINO12_r300_s10_n410_3497774f,multiscale_weighted,1,0.3606577088597992,0.44572790900372655,10,NINO12,NINO3,0.3,reference_check
reference_check_NINO3_NINO12_r300_s10_n410_3497774f,multiscale_weighted,3,0.40357431978570174,0.3983286300543903,10,NINO12,NINO3,0.3,reference_check
reference_check_NINO3_NINO12_r300_s10_n410_3497774f,multiscale_weighted,6,0.23576797135449915,0.6818364979730308,10,NINO12,NINO3,0.3,reference_check
reference_check_NINO3_NINO12_r300_s11_n410_711cc252,multiscale_equal,1,0.3333333333333333,,11,NINO12,NINO3,0.3,reference_check
reference_check_NINO3_NINO12_r300_s11_n410_711cc252,multiscale_equal,3,0.3333333333333333,,11,NINO12,NINO3,0.3,reference_check
reference_check_NINO3_NINO12_r300_s11_n410_711cc252,multiscale_equal,6,0.3333333333333333,,11,NINO12,NINO3,0.3,reference_check
reference_check_NINO3_NINO12_r300_s11_n410_711cc252,multiscale_weighted,1,0.3701009402681849,0.42581752269756623,11,NINO12,NINO3,0.3,reference_check
reference_check_NINO3_NINO12_r300_s11_n410_711cc252,multiscale_weighted,3,0.4343856335973503,0.3628008216347216,11,NINO12,NINO3,0.3,reference_check
reference_check_NINO3_NINO12_r300_s11_n410_711cc252,multiscale_weighted,6,0.19551342613446487,0.8060595668871385,11,NINO12,NINO3,0.3,reference_check
reference_check_NINO3_NINO12_r300_s12_n410_6fc9175b,multiscale_equal,1,0.3333333333333333,,12,NINO12,NINO3,0.3,reference_check
reference_check_NINO3_NINO12_r300_s12_n410_6fc9175b,multiscale_equal,3,0.3333333333333333,,12,NINO12,NINO3,0.3,reference_check
reference_check_NINO3_NINO12_r300_s12_n410_6fc9175b,multiscale_equal,6,0.3333333333333333,,12,NINO12,NINO3,0.3,reference_check
reference_check_NINO3_NINO12_r300_s12_n410_6fc9175b,multiscale_weighted,1,0.34227656043117427,0.38682935212886305,12,NINO12,NINO3,0.3,reference_check
reference_check_NINO3_NINO12_r300_s12_n410_6fc9175b,multiscale_weighted,3,0.3687063952977735,0.35910041572784607,12,NINO12,NINO3,0.3,reference_check
reference_check_NINO3_NINO12_r300_s12_n410_6fc9175b,multiscale_weighted,6,0.28901704427105224,0.4581135380228502,12,NINO12,NINO3,0.3,reference_check
reference_check_NINO3_NINO12_r300_s13_n410_2d994415,multiscale_equal,1,0.3333333333333333,,13,NINO12,NINO3,0.3,reference_check
reference_check_NINO3_NINO12_r300_s13_n410_2d994415,multiscale_equal,3,0.3333333333333333,,13,NINO12,NINO3,0.3,reference_check
reference_check_NINO3_NINO12_r300_s13_n410_2d994415,multiscale_equal,6,0.3333333333333333,,13,NINO12,NINO3,0.3,reference_check
reference_check_NINO3_NINO12_r300_s13_n410_2d994415,multiscale_weighted,1,0.37615670418485164,0.4362847741978087,13,NINO12,NINO3,0.3,reference_check
reference_check_NINO3_NINO12_r300_s13_n410_2d994415,multiscale_weighted,3,0.41646851577262906,0.3940548588800788,13,NINO12,NINO3,0.3,reference_check
reference_check_NINO3_NINO12_r300_s13_n410_2d994415,multiscale_weighted,6,0.20737478004251927,0.7913761015929618,13,NINO12,NINO3,0.3,reference_check
reference_check_NINO3_NINO12_r300_s14_n410_90f5bdc6,multiscale_equal,1,0.3333333333333333,,14,NINO12,NINO3,0.3,reference_check
reference_check_NINO3_NINO12_r300_s14_n410_90f5bdc6,multiscale_equal,3,0.3333333333333333,,14,NINO12,NINO3,0.3,reference_check
reference_check_NINO3_NINO12_r300_s14_n410_90f5bdc6,multiscale_equal,6,0.3333333333333333,,14,NINO12,NINO3,0.3,reference_check
reference_check_NINO3_NINO12_r300_s14_n410_90f5bdc6,multiscale_weighted,1,0.3427377665411305,0.47490484218555645,14,NINO12,NINO3,0.3,reference_check
reference_check_NINO3_NINO12_r300_s14_n410_90f5bdc6,multiscale_weighted,3,0.37759047814305524,0.4310697273708632,14,NINO12,NINO3,0.3,reference_check
reference_check_NINO3_NINO12_r300_s14_n410_90f5bdc6,multiscale_weighted,6,0.2796717553158143,0.5819959386943436,14,NINO12,NINO3,0.3,reference_check
reference_check_NINO3_NINO12_r300_s15_n410_8e6efa1b,multiscale_equal,1,0.3333333333333333,,15,NINO12,NINO3,0.3,reference_check
reference_check_NINO3_NINO12_r300_s15_n410_8e6efa1b,multiscale_equal,3,0.3333333333333333,,15,NINO12,NINO3,0.3,reference_check
reference_check_NINO3_NINO12_r300_s15_n410_8e6efa1b,multiscale_equal,6,0.3333333333333333,,15,NINO12,NINO3,0.3,reference_check
reference_check_NINO3_NINO12_r300_s15_n410_8e6efa1b,multiscale_weighted,1,0.36703002985571614,0.4109966337138136,15,NINO12,NINO3,0.3,reference_check
reference_check_NINO3_NINO12_r300_s15_n410_8e6efa1b,multiscale_weighted,3,0.4245099781704667,0.35534643175550085,15,NINO12,NINO3,0.3,reference_check
reference_check_NINO3_NINO12_r300_s15_n410_8e6efa1b,multiscale_weighted,6,0.20845999197381707,0.7236309826041796,15,NINO12,NINO3,0.3,reference_check
reference_check_NINO3_NINO12_r300_s16_n410_8bfb30fc,multiscale_equal,1,0.3333333333333333,,16,NINO12,NINO3,0.3,reference_check
reference_check_NINO3_NINO12_r300_s16_n410_8bfb30fc,multiscale_equal,3,0.3333333333333333,,16,NINO12,NINO3,0.3,reference_check
reference_check_NINO3_NINO12_r300_s16_n410_8bfb30fc,multiscale_equal,6,0.3333333333333333,,16,NINO12,NINO3,0.3,reference_check
reference_check_NINO3_NINO12_r300_s16_n410_8bfb30fc,multiscale_weighted,1,0.33672965287575785,0.4382100313346775,16,NINO12,NINO3,0.3,reference_check
reference_check_NINO3_NINO12_r300_s16_n410_8bfb30fc,multiscale_weighted,3,0.3796355015162968,0.38868417351538903,16,NINO12,NINO3,0.3,reference_check
reference_check_NINO3_NINO12_r300_s16_n410_8bfb30fc,multiscale_weighted,6,0.28363484560794533,0.5202404244684039,16,NINO12,NINO3,0.3,reference_check
reference_check_NINO3_NINO12_r300_s17_n410_5483a9c6,multiscale_equal,1,0.3333333333333333,,17,NINO12,NINO3,0.3,reference_check
reference_check_NINO3_NINO12_r300_s17_n410_5483a9c6,multiscale_equal,3,0.3333333333333333,,17,NINO12,NINO3,0.3,reference_check
reference_check_NINO3_NINO12_r300_s17_n410_5483a9c6,multiscale_equal,6,0.3333333333333333,,17,NINO12,NINO3,0.3,reference_check
reference_check_NINO3_NINO12_r300_s17_n410_5483a9c6,multiscale_weighted,1,0.30869048189615617,0.42477439332640643,17,NINO12,NINO3,0.3,reference_check
reference_check_NINO3_NINO12_r300_s17_n410_5483a9c6,multiscale_weighted,3,0.34020675698884084,0.3854238903815184,17,NINO12,NINO3,0.3,reference_check
reference_check_NINO3_NINO12_r300_s17_n410_5483a9c6,multiscale_weighted,6,0.35110276111500305,0.3734627756037061,17,NINO12,NINO3,0.3,reference_check
reference_check_NINO3_NINO12_r300_s18_n410_c11449db,multiscale_equal,1,0.3333333333333333,,18,NINO12,NINO3,0.3,reference_check
reference_check_NINO3_NINO12_r300_s18_n410_c11449db,multiscale_equal,3,0.3333333333333333,,18,NINO12,NINO3,0.3,reference_check
reference_check_NINO3_NINO12_r300_s18_n410_c11449db,multiscale_equal,6,0.3333333333333333,,18,NINO12,NINO3,0.3,reference_check
reference_check_NINO3_NINO12_r300_s18_n410_c11449db,multiscale_weighted,1,0.19437553207782982,0.7172958758797586,18,NINO12,NINO3,0.3,reference_check
reference_check_NINO3_NINO12_r300_s18_n410_c11449db,multiscale_weighted,3,0.40111518893061704,0.3475928338040879,18,NINO12,NINO3,0.3,reference_check
reference_check_NINO3_NINO12_r300_s18_n410_c11449db,multiscale_weighted,6,0.40450927899155315,0.3446763088144865,18,NINO12,NINO3,0.3,reference_check
reference_check_NINO3_NINO12_r300_s19_n410_38a862b4,multiscale_equal,1,0.3333333333333333,,19,NINO12,NINO3,0.3,reference_check
reference_check_NINO3_NINO12_r300_s19_n410_38a862b4,multiscale_equal,3,0.3333333333333333,,19,NINO12,NINO3,0.3,reference_check
reference_check_NINO3_NINO12_r300_s19_n410_38a862b4,multiscale_equal,6,0.3333333333333333,,19,NINO12,NINO3,0.3,reference_check
reference_check_NINO3_NINO12_r300_s19_n410_38a862b4,multiscale_weighted,1,0.3681732638571721,0.39332732588803665,19,NINO12,NINO3,0.3,reference_check
reference_check_NINO3_NINO12_r300_s19_n410_38a862b4,multiscale_weighted,3,0.4330882470086967,0.3343720490134226,19,NINO12,NINO3,0.3,reference_check
reference_check_NINO3_NINO12_r300_s19_n410_38a862b4,multiscale_weighted,6,0.1987384891341313,0.7286590936887739,19,NINO12,NINO3,0.3,reference_check
reference_check_NINO3_NINO12_r500_s00_n410_484229ea,multiscale_equal,1,0.3333333333333333,,0,NINO12,NINO3,0.5,reference_check
reference_check_NINO3_NINO12_r500_s00_n410_484229ea,multiscale_equal,3,0.3333333333333333,,0,NINO12,NINO3,0.5,reference_check
reference_check_NINO3_NINO12_r500_s00_n410_484229ea,multiscale_equal,6,0.3333333333333333,,0,NINO12,NINO3,0.5,reference_check
reference_check_NINO3_NINO12_r500_s00_n410_484229ea,multiscale_weighted,1,0.19352982234341548,1.0225332983730562,0,NINO12,NINO3,0.5,reference_check
reference_check_NINO3_NINO12_r500_s00_n410_484229ea,multiscale_weighted,3,0.47860252670784187,0.41347605195865406,0,NINO12,NINO3,0.5,reference_check
reference_check_NINO3_NINO12_r500_s00_n410_484229ea,multiscale_weighted,6,0.32786765094874276,0.6035688026575204,0,NINO12,NINO3,0.5,reference_check
reference_check_NINO3_NINO12_r500_s01_n410_41667d25,multiscale_equal,1,0.3333333333333333,,1,NINO12,NINO3,0.5,reference_check
reference_check_NINO3_NINO12_r500_s01_n410_41667d25,multiscale_equal,3,0.3333333333333333,,1,NINO12,NINO3,0.5,reference_check
reference_check_NINO3_NINO12_r500_s01_n410_41667d25,multiscale_equal,6,0.3333333333333333,,1,NINO12,NINO3,0.5,reference_check
reference_check_NINO3_NINO12_r500_s01_n410_41667d25,multiscale_weighted,1,0.32864599635867925,0.4599862987139144,1,NINO12,NINO3,0.5,reference_check
reference_check_NINO3_NINO12_r500_s01_n410_41667d25,multiscale_weighted,3,0.34591632273159584,0.4370208784224515,1,NINO12,NINO3,0.5,reference_check
reference_check_NINO3_NINO12_r500_s01_n410_41667d25,multiscale_weighted,6,0.325437680909725,0.4645210569119312,1,NINO12,NINO3,0.5,reference_check
reference_check_NINO3_NINO12_r500_s02_n410_6d8ec85b,multiscale_equal,1,0.3333333333333333,,2,NINO12,NINO3,0.5,reference_check
reference_check_NINO3_NINO12_r500_s02_n410_6d8ec85b,multiscale_equal,3,0.3333333333333333,,2,NINO12,NINO3,0.5,reference_check
reference_check_NINO3_NINO12_r500_s02_n410_6d8ec85b,multiscale_equal,6,0.3333333333333333,,2,NINO12,NINO3,0.5,reference_check
reference_check_NINO3_NINO12_r500_s02_n410_6d8ec85b,multiscale_weighted,1,0.3131531969852902,0.43315537228297524,2,NINO12,NINO3,0.5,reference_check
reference_check_NINO3_NINO12_r500_s02_n410_6d8ec85b,multiscale_weighted,3,0.3414517229525683,0.3972567135445757,2,NINO12,NINO3,0.5,reference_check
reference_check_NINO3_NINO12_r500_s02_n410_6d8ec85b,multiscale_weighted,6,0.3453950800621414,0.3927212548141386,2,NINO12,NINO3,0.5,reference_check
reference_check_NINO3_NINO12_r500_s03_n410_d2d62a70,multiscale_equal,1,0.3333333333333333,,3,NINO12,NINO3,0.5,reference_check
reference_check_NINO3_NINO12_r500_s03_n410_d2d62a70,multiscale_equal,3,0.3333333333333333,,3,NINO12,NINO3,0.5,reference_check
reference_check_NINO3_NINO12_r500_s03_n410_d2d62a70,multiscale_equal,6,0.3333333333333333,,3,NINO12,NINO3,0.5,reference_check
reference_check_NINO3_NINO12_r500_s03_n410_d2d62a70,multiscale_weighted,1,0.3701408075262973,0.4307879305793757,3,NINO12,NINO3,0.5,reference_check
reference_check_NINO3_NINO12_r500_s03_n410_d2d62a70,multiscale_weighted,3,0.1898811641045656,0.8397472973927615,3,NINO12,NINO3,0.5,reference_check
reference_check_NINO3_NINO12_r500_s03_n410_d2d62a70,multiscale_weighted,6,0.43997802836913713,0.36240944203016856,3,NINO12,NINO3,0.5,reference_check
reference_check_NINO3_NINO12_r500_s04_n410_402ea6be,multiscale_equal,1,0.3333333333333333,,4,NINO12,NINO3,0.5,reference_check
reference_check_NINO3_NINO12_r500_s04_n410_402ea6be,multiscale_equal,3,0.3333333333333333,,4,NINO12,NINO3,0.5,reference_check
reference_check_NINO3_NINO12_r500_s04_n410_402ea6be,multiscale_equal,6,0.3333333333333333,,4,NINO12,NINO3,0.5,reference_check
reference_check_NINO3_NINO12_r500_s04_n410_402ea6be,multiscale_weighted,1,0.46785408431622505,0.44081673871983973,4,NINO12,NINO3,0.5,reference_check
reference_check_NINO3_NINO12_r500_s04_n410_402ea6be,multiscale_weighted,3,0.28516072076532106,0.7232339476593443,4,NINO12,NINO3,0.5,reference_check
reference_check_NINO3_NINO12_r500_s04_n410_402ea6be,multiscale_weighted,6,0.24698519491845378,0.8350213635847542,4,NINO12,NINO3,0.5,reference_check
reference_check_NINO3_NINO12_r500_s05_n410_8760dd86,multiscale_equal,1,0.3333333333333333,,5,NINO12,NINO3,0.5,reference_check
reference_check_NINO3_NINO12_r500_s05_n410_8760dd86,multiscale_equal,3,0.3333333333333333,,5,NINO12,NINO3,0.5,reference_check
reference_check_NINO3_NINO12_r500_s05_n410_8760dd86,multiscale_equal,6,0.3333333333333333,,5,NINO12,NINO3,0.5,reference_check
reference_check_NINO3_NINO12_r500_s05_n410_8760dd86,multiscale_weighted,1,0.3504779436518875,0.4289218031771148,5,NINO12,NINO3,0.5,reference_check
reference_check_NINO3_NINO12_r500_s05_n410_8760dd86,multiscale_weighted,3,0.3721693880809861,0.40392261181142913,5,NINO12,NINO3,0.5,reference_check
reference_check_NINO3_NINO12_r500_s05_n410_8760dd86,multiscale_weighted,6,0.27735266826712646,0.542008964611155,5,NINO12,NINO3,0.5,reference_check
reference_check_NINO3_NINO12_r500_s06_n410_39c190b2,multiscale_equal,1,0.3333333333333333,,6,NINO12,NINO3,0.5,reference_check
reference_check_NINO3_NINO12_r500_s06_n410_39c190b2,multiscale_equal,3,0.3333333333333333,,6,NINO12,NINO3,0.5,reference_check
reference_check_NINO3_NINO12_r500_s06_n410_39c190b2,multiscale_equal,6,0.3333333333333333,,6,NINO12,NINO3,0.5,reference_check
reference_check_NINO3_NINO12_r500_s06_n410_39c190b2,multiscale_weighted,1,0.39499079882167254,0.40473944941338663,6,NINO12,NINO3,0.5,reference_check
reference_check_NINO3_NINO12_r500_s06_n410_39c190b2,multiscale_weighted,3,0.33311666685124475,0.4799170234310721,6,NINO12,NINO3,0.5,reference_check
reference_check_NINO3_NINO12_r500_s06_n410_39c190b2,multiscale_weighted,6,0.2718925343270826,0.5879836324677868,6,NINO12,NINO3,0.5,reference_check
reference_check_NINO3_NINO12_r500_s07_n410_28c17c03,multiscale_equal,1,0.3333333333333333,,7,NINO12,NINO3,0.5,reference_check
reference_check_NINO3_NINO12_r500_s07_n410_28c17c03,multiscale_equal,3,0.3333333333333333,,7,NINO12,NINO3,0.5,reference_check
reference_check_NINO3_NINO12_r500_s07_n410_28c17c03,multiscale_equal,6,0.3333333333333333,,7,NINO12,NINO3,0.5,reference_check
reference_check_NINO3_NINO12_r500_s07_n410_28c17c03,multiscale_weighted,1,0.373046864739788,0.43702248778085795,7,NINO12,NINO3,0.5,reference_check
reference_check_NINO3_NINO12_r500_s07_n410_28c17c03,multiscale_weighted,3,0.38979927072204945,0.4182405687367171,7,NINO12,NINO3,0.5,reference_check
reference_check_NINO3_NINO12_r500_s07_n410_28c17c03,multiscale_weighted,6,0.2371538645381625,0.6874434489524184,7,NINO12,NINO3,0.5,reference_check
reference_check_NINO3_NINO12_r500_s08_n410_a6dfd4c3,multiscale_equal,1,0.3333333333333333,,8,NINO12,NINO3,0.5,reference_check
reference_check_NINO3_NINO12_r500_s08_n410_a6dfd4c3,multiscale_equal,3,0.3333333333333333,,8,NINO12,NINO3,0.5,reference_check
reference_check_NINO3_NINO12_r500_s08_n410_a6dfd4c3,multiscale_equal,6,0.3333333333333333,,8,NINO12,NINO3,0.5,reference_check
reference_check_NINO3_NINO12_r500_s08_n410_a6dfd4c3,multiscale_weighted,1,0.36136679052059206,0.35929205421541155,8,NINO12,NINO3,0.5,reference_check
reference_check_NINO3_NINO12_r500_s08_n410_a6dfd4c3,multiscale_weighted,3,0.4123320861267811,0.3148826403526591,8,NINO12,NINO3,0.5,reference_check
reference_check_NINO3_NINO12_r500_s08_n410_a6dfd4c3,multiscale_weighted,6,0.2263011233526268,0.5737320960608631,8,NINO12,NINO3,0.5,reference_check
reference_check_NINO3_NINO12_r500_s09_n410_31c843f1,multiscale_equal,1,0.3333333333333333,,9,NINO12,NINO3,0.5,reference_check
reference_check_NINO3_NINO12_r500_s09_n410_31c843f1,multiscale_equal,3,0.3333333333333333,,9,NINO12,NINO3,0.5,reference_check
reference_check_NINO3_NINO12_r500_s09_n410_31c843f1,multiscale_equal,6,0.3333333333333333,,9,NINO12,NINO3,0.5,reference_check
reference_check_NINO3_NINO12_r500_s09_n410_31c843f1,multiscale_weighted,1,0.3079522184465749,0.4279016892691509,9,NINO12,NINO3,0.5,reference_check
reference_check_NINO3_NINO12_r500_s09_n410_31c843f1,multiscale_weighted,3,0.3506943328050821,0.3757496535043958,9,NINO12,NINO3,0.5,reference_check
reference_check_NINO3_NINO12_r500_s09_n410_31c843f1,multiscale_weighted,6,0.341353448748343,0.386031764492168,9,NINO12,NINO3,0.5,reference_check
reference_check_NINO3_NINO12_r500_s10_n410_bd1b0189,multiscale_equal,1,0.3333333333333333,,10,NINO12,NINO3,0.5,reference_check
reference_check_NINO3_NINO12_r500_s10_n410_bd1b0189,multiscale_equal,3,0.3333333333333333,,10,NINO12,NINO3,0.5,reference_check
reference_check_NINO3_NINO12_r500_s10_n410_bd1b0189,multiscale_equal,6,0.3333333333333333,,10,NINO12,NINO3,0.5,reference_check
reference_check_NINO3_NINO12_r500_s10_n410_bd1b0189,multiscale_weighted,1,0.17557276967507243,1.093252429362353,10,NINO12,NINO3,0.5,reference_check
reference_check_NINO3_NINO12_r500_s10_n410_bd1b0189,multiscale_weighted,3,0.41146261209317253,0.4664952494664443,10,NINO12,NINO3,0.5,reference_check
reference_check_NINO3_NINO12_r500_s10_n410_bd1b0189,multiscale_weighted,6,0.412964618231755,0.46479854539752413,10,NINO12,NINO3,0.5,reference_check
reference_check_NINO3_NINO12_r500_s11_n410_6f2c1baa,multiscale_equal,1,0.3333333333333333,,11,NINO12,NINO3,0.5,reference_check
reference_check_NINO3_NINO12_r500_s11_n410_6f2c1baa,multiscale_equal,3,0.3333333333333333,,11,NINO12,NINO3,0.5,reference_check
reference_check_NINO3_NINO12_r500_s11_n410_6f2c1baa,multiscale_equal,6,0.3333333333333333,,11,NINO12,NINO3,0.5,reference_check
reference_check_NINO3_NINO12_r500_s11_n410_6f2c1baa,multiscale_weighted,1,0.3161377770939692,0.413158250596462,11,NINO12,NINO3,0.5,reference_check
reference_check_NINO3_NINO12_r500_s11_n410_6f2c1baa,multiscale_weighted,3,0.3517731627710873,0.3713044208338087,11,NINO12,NINO3,0.5,reference_check
reference_check_NINO3_NINO12_r500_s11_n410_6f2c1baa,multiscale_weighted,6,0.3320890601349435,0.3933129584901843,11,NINO12,NINO3,0.5,reference_check
reference_check_NINO3_NINO12_r500_s12_n410_0463a9c8,multiscale_equal,1,0.3333333333333333,,12,NINO12,NINO3,0.5,reference_check
reference_check_NINO3_NINO12_r500_s12_n410_0463a9c8,multiscale_equal,3,0.3333333333333333,,12,NINO12,NINO3,0.5,reference_check
reference_check_NINO3_NINO12_r500_s12_n410_0463a9c8,multiscale_equal,6,0.3333333333333333,,12,NINO12,NINO3,0.5,reference_check
reference_check_NINO3_NINO12_r500_s12_n410_0463a9c8,multiscale_weighted,1,0.3218117595517063,0.39840584876602,12,NINO12,NINO3,0.5,reference_check
reference_check_NINO3_NINO12_r500_s12_n410_0463a9c8,multiscale_weighted,3,0.34660741535800355,0.36990462764417215,12,NINO12,NINO3,0.5,reference_check
reference_check_NINO3_NINO12_r500_s12_n410_0463a9c8,multiscale_weighted,6,0.3315808250902902,0.3866679777329394,12,NINO12,NINO3,0.5,reference_check
reference_check_NINO3_NINO12_r500_s13_n410_e82d5f24,multiscale_equal,1,0.3333333333333333,,13,NINO12,NINO3,0.5,reference_check
reference_check_NINO3_NINO12_r500_s13_n410_e82d5f24,multiscale_equal,3,0.3333333333333333,,13,NINO12,NINO3,0.5,reference_check
reference_check_NINO3_NINO12_r500_s13_n410_e82d5f24,multiscale_equal,6,0.3333333333333333,,13,NINO12,NINO3,0.5,reference_check
reference_check_NINO3_NINO12_r500_s13_n410_e82d5f24,multiscale_weighted,1,0.3174853533769067,0.39170429040928467,13,NINO12,NINO3,0.5,reference_check
reference_check_NINO3_NINO12_r500_s13_n410_e82d5f24,multiscale_weighted,3,0.34745184871292034,0.35792117699993303,13,NINO12,NINO3,0.5,reference_check
reference_check_NINO3_NINO12_r500_s13_n410_e82d5f24,multiscale_weighted,6,0.335062797910173,0.37115542396970386,13,NINO12,NINO3,0.5,reference_check
reference_check_NINO3_NINO12_r500_s14_n410_66c252c8,multiscale_equal,1,0.3333333333333333,,14,NINO12,NINO3,0.5,reference_check
reference_check_NINO3_NINO12_r500_s14_n410_66c252c8,multiscale_equal,3,0.3333333333333333,,14,NINO12,NINO3,0.5,reference_check
reference_check_NINO3_NINO12_r500_s14_n410_66c252c8,multiscale_equal,6,0.3333333333333333,,14,NINO12,NINO3,0.5,reference_check
reference_check_NINO3_NINO12_r500_s14_n410_66c252c8,multiscale_weighted,1,0.31152064123627277,0.46518144252845534,14,NINO12,NINO3,0.5,reference_check
reference_check_NINO3_NINO12_r500_s14_n410_66c252c8,multiscale_weighted,3,0.35316706701485756,0.4103259738543271,14,NINO12,NINO3,0.5,reference_check
reference_check_NINO3_NINO12_r500_s14_n410_66c252c8,multiscale_weighted,6,0.33531229174886973,0.43217509322748365,14,NINO12,NINO3,0.5,reference_check
reference_check_NINO3_NINO12_r500_s15_n410_748d8285,multiscale_equal,1,0.3333333333333333,,15,NINO12,NINO3,0.5,reference_check
reference_check_NINO3_NINO12_r500_s15_n410_748d8285,multiscale_equal,3,0.3333333333333333,,15,NINO12,NINO3,0.5,reference_check
reference_check_NINO3_NINO12_r500_s15_n410_748d8285,multiscale_equal,6,0.3333333333333333,,15,NINO12,NINO3,0.5,reference_check
reference_check_NINO3_NINO12_r500_s15_n410_748d8285,multiscale_weighted,1,0.32329170678154884,0.38693687543627364,15,NINO12,NINO3,0.5,reference_check
reference_check_NINO3_NINO12_r500_s15_n410_748d8285,multiscale_weighted,3,0.3021587867571861,0.4139991575876556,15,NINO12,NINO3,0.5,reference_check
reference_check_NINO3_NINO12_r500_s15_n410_748d8285,multiscale_weighted,6,0.37454950646126506,0.3339838392365499,15,NINO12,NINO3,0.5,reference_check
reference_check_NINO3_NINO12_r500_s16_n410_fbf3edf7,multiscale_equal,1,0.3333333333333333,,16,NINO12,NINO3,0.5,reference_check
reference_check_NINO3_NINO12_r500_s16_n410_fbf3edf7,multiscale_equal,3,0.3333333333333333,,16,NINO12,NINO3,0.5,reference_check
reference_check_NINO3_NINO12_r500_s16_n410_fbf3edf7,multiscale_equal,6,0.3333333333333333,,16,NINO12,NINO3,0.5,reference_check
reference_check_NINO3_NINO12_r500_s16_n410_fbf3edf7,multiscale_weighted,1,0.29367277488179866,0.4458942958298874,16,NINO12,NINO3,0.5,reference_check
reference_check_NINO3_NINO12_r500_s16_n410_fbf3edf7,multiscale_weighted,3,0.340912727475098,0.38410714512847055,16,NINO12,NINO3,0.5,reference_check
reference_check_NINO3_NINO12_r500_s16_n410_fbf3edf7,multiscale_weighted,6,0.36541449764310335,0.3583519947471229,16,NINO12,NINO3,0.5,reference_check
reference_check_NINO3_NINO12_r500_s17_n410_7bd58e29,multiscale_equal,1,0.3333333333333333,,17,NINO12,NINO3,0.5,reference_check
reference_check_NINO3_NINO12_r500_s17_n410_7bd58e29,multiscale_equal,3,0.3333333333333333,,17,NINO12,NINO3,0.5,reference_check
reference_check_NINO3_NINO12_r500_s17_n410_7bd58e29,multiscale_equal,6,0.3333333333333333,,17,NINO12,NINO3,0.5,reference_check
reference_check_NINO3_NINO12_r500_s17_n410_7bd58e29,multiscale_weighted,1,0.31105400620757484,0.3927065518701948,17,NINO12,NINO3,0.5,reference_check
reference_check_NINO3_NINO12_r500_s17_n410_7bd58e29,multiscale_weighted,3,0.34371502598596193,0.35539018254351934,17,NINO12,NINO3,0.5,reference_check
reference_check_NINO3_NINO12_r500_s17_n410_7bd58e29,multiscale_weighted,6,0.3452309678064633,0.3538296305974581,17,NINO12,NINO3,0.5,reference_check
reference_check_NINO3_NINO12_r500_s18_n410_1d0b2737,multiscale_equal,1,0.3333333333333333,,18,NINO12,NINO3,0.5,reference_check
reference_check_NINO3_NINO12_r500_s18_n410_1d0b2737,multiscale_equal,3,0.3333333333333333,,18,NINO12,NINO3,0.5,reference_check
reference_check_NINO3_NINO12_r500_s18_n410_1d0b2737,multiscale_equal,6,0.3333333333333333,,18,NINO12,NINO3,0.5,reference_check
reference_check_NINO3_NINO12_r500_s18_n410_1d0b2737,multiscale_weighted,1,0.5143971953831458,0.40289585187260146,18,NINO12,NINO3,0.5,reference_check
reference_check_NINO3_NINO12_r500_s18_n410_1d0b2737,multiscale_weighted,3,0.30802751532383166,0.6728246294256248,18,NINO12,NINO3,0.5,reference_check
reference_check_NINO3_NINO12_r500_s18_n410_1d0b2737,multiscale_weighted,6,0.17757528929302252,1.1671021420229317,18,NINO12,NINO3,0.5,reference_check
reference_check_NINO3_NINO12_r500_s19_n410_9548956d,multiscale_equal,1,0.3333333333333333,,19,NINO12,NINO3,0.5,reference_check
reference_check_NINO3_NINO12_r500_s19_n410_9548956d,multiscale_equal,3,0.3333333333333333,,19,NINO12,NINO3,0.5,reference_check
reference_check_NINO3_NINO12_r500_s19_n410_9548956d,multiscale_equal,6,0.3333333333333333,,19,NINO12,NINO3,0.5,reference_check
reference_check_NINO3_NINO12_r500_s19_n410_9548956d,multiscale_weighted,1,0.4041180031281199,0.3770110669970146,19,NINO12,NINO3,0.5,reference_check
reference_check_NINO3_NINO12_r500_s19_n410_9548956d,multiscale_weighted,3,0.42514520345360285,0.3583645259419897,19,NINO12,NINO3,0.5,reference_check
reference_check_NINO3_NINO12_r500_s19_n410_9548956d,multiscale_weighted,6,0.17073679341827727,0.89234991114735,19,NINO12,NINO3,0.5,reference_check
reference_check_NINO3_NINO12_r700_s00_n410_5aafd464,multiscale_equal,1,0.3333333333333333,,0,NINO12,NINO3,0.7,reference_check
reference_check_NINO3_NINO12_r700_s00_n410_5aafd464,multiscale_equal,3,0.3333333333333333,,0,NINO12,NINO3,0.7,reference_check
reference_check_NINO3_NINO12_r700_s00_n410_5aafd464,multiscale_equal,6,0.3333333333333333,,0,NINO12,NINO3,0.7,reference_check
reference_check_NINO3_NINO12_r700_s00_n410_5aafd464,multiscale_weighted,1,0.31693752906384787,0.623150474274386,0,NINO12,NINO3,0.7,reference_check
reference_check_NINO3_NINO12_r700_s00_n410_5aafd464,multiscale_weighted,3,0.378437184763658,0.5218825699061629,0,NINO12,NINO3,0.7,reference_check
reference_check_NINO3_NINO12_r700_s00_n410_5aafd464,multiscale_weighted,6,0.3046252861724942,0.6483367623121541,0,NINO12,NINO3,0.7,reference_check
reference_check_NINO3_NINO12_r700_s01_n410_66e3897a,multiscale_equal,1,0.3333333333333333,,1,NINO12,NINO3,0.7,reference_check
reference_check_NINO3_NINO12_r700_s01_n410_66e3897a,multiscale_equal,3,0.3333333333333333,,1,NINO12,NINO3,0.7,reference_check
reference_check_NINO3_NINO12_r700_s01_n410_66e3897a,multiscale_equal,6,0.3333333333333333,,1,NINO12,NINO3,0.7,reference_check
reference_check_NINO3_NINO12_r700_s01_n410_66e3897a,multiscale_weighted,1,0.323738315901142,0.5255552976807527,1,NINO12,NINO3,0.7,reference_check
reference_check_NINO3_NINO12_r700_s01_n410_66e3897a,multiscale_weighted,3,0.3438381421084388,0.49483278855596685,1,NINO12,NINO3,0.7,reference_check
reference_check_NINO3_NINO12_r700_s01_n410_66e3897a,multiscale_weighted,6,0.3324235419904193,0.5118241200073861,1,NINO12,NINO3,0.7,reference_check
reference_check_NINO3_NINO12_r700_s02_n410_3d985402,multiscale_equal,1,0.3333333333333333,,2,NINO12,NINO3,0.7,reference_check
reference_check_NINO3_NINO12_r700_s02_n410_3d985402,multiscale_equal,3,0.3333333333333333,,2,NINO12,NINO3,0.7,reference_check
reference_check_NINO3_NINO12_r700_s02_n410_3d985402,multiscale_equal,6,0.3333333333333333,,2,NINO12,NINO3,0.7,reference_check
reference_check_NINO3_NINO12_r700_s02_n410_3d985402,multiscale_weighted,1,0.39138669612039595,0.40280514269902934,2,NINO12,NINO3,0.7,reference_check
reference_check_NINO3_NINO12_r700_s02_n410_3d985402,multiscale_weighted,3,0.19814050547688541,0.7956605130941488,2,NINO12,NINO3,0.7,reference_check
reference_check_NINO3_NINO12_r700_s02_n410_3d985402,multiscale_weighted,6,0.41047279840271866,0.3840755693688795,2,NINO12,NINO3,0.7,reference_check
reference_check_NINO3_NINO12_r700_s03_n410_e4c4f220,multiscale_equal,1,0.3333333333333333,,3,NINO12,NINO3,0.7,reference_check
reference_check_NINO3_NINO12_r700_s03_n410_e4c4f220,multiscale_equal,3,0.3333333333333333,,3,NINO12,NINO3,0.7,reference_check
reference_check_NINO3_NINO12_r700_s03_n410_e4c4f220,multiscale_equal,6,0.3333333333333333,,3,NINO12,NINO3,0.7,reference_check
reference_check_NINO3_NINO12_r700_s03_n410_e4c4f220,multiscale_weighted,1,0.35899468585196265,0.4393755921966449,3,NINO12,NINO3,0.7,reference_check
reference_check_NINO3_NINO12_r700_s03_n410_e4c4f220,multiscale_weighted,3,0.2665341582807685,0.5917947051653414,3,NINO12,NINO3,0.7,reference_check
reference_check_NINO3_NINO12_r700_s03_n410_e4c4f220,multiscale_weighted,6,0.37447115586726887,0.4212166947053152,3,NINO12,NINO3,0.7,reference_check
reference_check_NINO3_NINO12_r700_s04_n410_f86aa5fd,multiscale_equal,1,0.3333333333333333,,4,NINO12,NINO3,0.7,reference_check
reference_check_NINO3_NINO12_r700_s04_n410_f86aa5fd,multiscale_equal,3,0.3333333333333333,,4,NINO12,NINO3,0.7,reference_check
reference_check_NINO3_NINO12_r700_s04_n410_f86aa5fd,multiscale_equal,6,0.3333333333333333,,4,NINO12,NINO3,0.7,reference_check
reference_check_NINO3_NINO12_r700_s04_n410_f86aa5fd,multiscale_weighted,1,0.36285745661703533,0.4219454141726607,4,NINO12,NINO3,0.7,reference_check
reference_check_NINO3_NINO12_r700_s04_n410_f86aa5fd,multiscale_weighted,3,0.24692004746627097,0.6200632254715229,4,NINO12,NINO3,0.7,reference_check
reference_check_NINO3_NINO12_r700_s04_n410_f86aa5fd,multiscale_weighted,6,0.39022249591669367,0.39235574864480216,4,NINO12,NINO3,0.7,reference_check
reference_check_NINO3_NINO12_r700_s05_n410_2904c358,multiscale_equal,1,0.3333333333333333,,5,NINO12,NINO3,0.7,reference_check
reference_check_NINO3_NINO12_r700_s05_n410_2904c358,multiscale_equal,3,0.3333333333333333,,5,NINO12,NINO3,0.7,reference_check
reference_check_NINO3_NINO12_r700_s05_n410_2904c358,multiscale_equal,6,0.3333333333333333,,5,NINO12,NINO3,0.7,reference_check
reference_check_NINO3_NINO12_r700_s05_n410_2904c358,multiscale_weighted,1,0.3064433280337522,0.33701426098601617,5,NINO12,NINO3,0.7,reference_check
reference_check_NINO3_NINO12_r700_s05_n410_2904c358,multiscale_weighted,3,0.33501584556151154,0.3082713036106445,5,NINO12,NINO3,0.7,reference_check
reference_check_NINO3_NINO12_r700_s05_n410_2904c358,multiscale_weighted,6,0.3585408264047363,0.28804466213335245,5,NINO12,NINO3,0.7,reference_check
reference_check_NINO3_NINO12_r700_s06_n410_56807528,multiscale_equal,1,0.3333333333333333,,6,NINO12,NINO3,0.7,reference_check
reference_check_NINO3_NINO12_r700_s06_n410_56807528,multiscale_equal,3,0.3333333333333333,,6,NINO12,NINO3,0.7,reference_check
reference_check_NINO3_NINO12_r700_s06_n410_56807528,multiscale_equal,6,0.3333333333333333,,6,NINO12,NINO3,0.7,reference_check
reference_check_NINO3_NINO12_r700_s06_n410_56807528,multiscale_weighted,1,0.19265834456518058,0.9853032284829473,6,NINO12,NINO3,0.7,reference_check
reference_check_NINO3_NINO12_r700_s06_n410_56807528,multiscale_weighted,3,0.48551106656167264,0.3909836416415,6,NINO12,NINO3,0.7,reference_check
reference_check_NINO3_NINO12_r700_s06_n410_56807528,multiscale_weighted,6,0.32183058887314686,0.5898348189342305,6,NINO12,NINO3,0.7,reference_check
reference_check_NINO3_NINO12_r700_s07_n410_0a6411c2,multiscale_equal,1,0.3333333333333333,,7,NINO12,NINO3,0.7,reference_check
reference_check_NINO3_NINO12_r700_s07_n410_0a6411c2,multiscale_equal,3,0.3333333333333333,,7,NINO12,NINO3,0.7,reference_check
reference_check_NINO3_NINO12_r700_s07_n410_0a6411c2,multiscale_equal,6,0.3333333333333333,,7,NINO12,NINO3,0.7,reference_check
reference_check_NINO3_NINO12_r700_s07_n410_0a6411c2,multiscale_weighted,1,0.3274356572856034,0.44851836189971567,7,NINO12,NINO3,0.7,reference_check
reference_check_NINO3_NINO12_r700_s07_n410_0a6411c2,multiscale_weighted,3,0.31443016561219334,0.4670700233902254,7,NINO12,NINO3,0.7,reference_check
reference_check_NINO3_NINO12_r700_s07_n410_0a6411c2,multiscale_weighted,6,0.3581341771022032,0.41007229584005933,7,NINO12,NINO3,0.7,reference_check
reference_check_NINO3_NINO12_r700_s08_n410_8a0b8183,multiscale_equal,1,0.3333333333333333,,8,NINO12,NINO3,0.7,reference_check
reference_check_NINO3_NINO12_r700_s08_n410_8a0b8183,multiscale_equal,3,0.3333333333333333,,8,NINO12,NINO3,0.7,reference_check
reference_check_NINO3_NINO12_r700_s08_n410_8a0b8183,multiscale_equal,6,0.3333333333333333,,8,NINO12,NINO3,0.7,reference_check
reference_check_NINO3_NINO12_r700_s08_n410_8a0b8183,multiscale_weighted,1,0.32140077588038823,0.39333914700949596,8,NINO12,NINO3,0.7,reference_check
reference_check_NINO3_NINO12_r700_s08_n410_8a0b8183,multiscale_weighted,3,0.33913852453340343,0.37276657679706604,8,NINO12,NINO3,0.7,reference_check
reference_check_NINO3_NINO12_r700_s08_n410_8a0b8183,multiscale_weighted,6,0.3394606995862084,0.3724127918227595,8,NINO12,NINO3,0.7,reference_check
reference_check_NINO3_NINO12_r700_s09_n410_f7c82dbc,multiscale_equal,1,0.3333333333333333,,9,NINO12,NINO3,0.7,reference_check
reference_check_NINO3_NINO12_r700_s09_n410_f7c82dbc,multiscale_equal,3,0.3333333333333333,,9,NINO12,NINO3,0.7,reference_check
reference_check_NINO3_NINO12_r700_s09_n410_f7c82dbc,multiscale_equal,6,0.3333333333333333,,9,NINO12,NINO3,0.7,reference_check
reference_check_NINO3_NINO12_r700_s09_n410_f7c82dbc,multiscale_weighted,1,0.2799923286031704,0.6289595693098606,9,NINO12,NINO3,0.7,reference_check
reference_check_NINO3_NINO12_r700_s09_n410_f7c82dbc,multiscale_weighted,3,0.2797320894528184,0.6295447002715802,9,NINO12,NINO3,0.7,reference_check
reference_check_NINO3_NINO12_r700_s09_n410_f7c82dbc,multiscale_weighted,6,0.44027558194401123,0.39998550913931263,9,NINO12,NINO3,0.7,reference_check
reference_check_NINO3_NINO12_r700_s10_n410_50d6e778,multiscale_equal,1,0.3333333333333333,,10,NINO12,NINO3,0.7,reference_check
reference_check_NINO3_NINO12_r700_s10_n410_50d6e778,multiscale_equal,3,0.3333333333333333,,10,NINO12,NINO3,0.7,reference_check
reference_check_NINO3_NINO12_r700_s10_n410_50d6e778,multiscale_equal,6,0.3333333333333333,,10,NINO12,NINO3,0.7,reference_check
reference_check_NINO3_NINO12_r700_s10_n410_50d6e778,multiscale_weighted,1,0.34553582067861743,0.548937091694783,10,NINO12,NINO3,0.7,reference_check
reference_check_NINO3_NINO12_r700_s10_n410_50d6e778,multiscale_weighted,3,0.2575722940369703,0.7364046292864536,10,NINO12,NINO3,0.7,reference_check
reference_check_NINO3_NINO12_r700_s10_n410_50d6e778,multiscale_weighted,6,0.39689188528441227,0.47790704420306507,10,NINO12,NINO3,0.7,reference_check
reference_check_NINO3_NINO12_r700_s11_n410_98ee8ab7,multiscale_equal,1,0.3333333333333333,,11,NINO12,NINO3,0.7,reference_check
reference_check_NINO3_NINO12_r700_s11_n410_98ee8ab7,multiscale_equal,3,0.3333333333333333,,11,NINO12,NINO3,0.7,reference_check
reference_check_NINO3_NINO12_r700_s11_n410_98ee8ab7,multiscale_equal,6,0.3333333333333333,,11,NINO12,NINO3,0.7,reference_check
reference_check_NINO3_NINO12_r700_s11_n410_98ee8ab7,multiscale_weighted,1,0.30523469688704435,0.7351149623915354,11,NINO12,NINO3,0.7,reference_check
reference_check_NINO3_NINO12_r700_s11_n410_98ee8ab7,multiscale_weighted,3,0.19991848446225238,1.1223704230596996,11,NINO12,NINO3,0.7,reference_check
reference_check_NINO3_NINO12_r700_s11_n410_98ee8ab7,multiscale_weighted,6,0.4948468186507033,0.4534384823668603,11,NINO12,NINO3,0.7,reference_check
reference_check_NINO3_NINO12_r700_s12_n410_cd3ded5c,multiscale_equal,1,0.3333333333333333,,12,NINO12,NINO3,0.7,reference_check
reference_check_NINO3_NINO12_r700_s12_n410_cd3ded5c,multiscale_equal,3,0.3333333333333333,,12,NINO12,NINO3,0.7,reference_check
reference_check_NINO3_NINO12_r700_s12_n410_cd3ded5c,multiscale_equal,6,0.3333333333333333,,12,NINO12,NINO3,0.7,reference_check
reference_check_NINO3_NINO12_r700_s12_n410_cd3ded5c,multiscale_weighted,1,0.4743093496512265,0.4740453991931174,12,NINO12,NINO3,0.7,reference_check
reference_check_NINO3_NINO12_r700_s12_n410_cd3ded5c,multiscale_weighted,3,0.2318125470630975,0.9699395931038527,12,NINO12,NINO3,0.7,reference_check
reference_check_NINO3_NINO12_r700_s12_n410_cd3ded5c,multiscale_weighted,6,0.29387810328567593,0.7650932968499479,12,NINO12,NINO3,0.7,reference_check
reference_check_NINO3_NINO12_r700_s13_n410_7b56d896,multiscale_equal,1,0.3333333333333333,,13,NINO12,NINO3,0.7,reference_check
reference_check_NINO3_NINO12_r700_s13_n410_7b56d896,multiscale_equal,3,0.3333333333333333,,13,NINO12,NINO3,0.7,reference_check
reference_check_NINO3_NINO12_r700_s13_n410_7b56d896,multiscale_equal,6,0.3333333333333333,,13,NINO12,NINO3,0.7,reference_check
reference_check_NINO3_NINO12_r700_s13_n410_7b56d896,multiscale_weighted,1,0.32298454320047715,0.4394043961041367,13,NINO12,NINO3,0.7,reference_check
reference_check_NINO3_NINO12_r700_s13_n410_7b56d896,multiscale_weighted,3,0.3440551937275821,0.4124943627022315,13,NINO12,NINO3,0.7,reference_check
reference_check_NINO3_NINO12_r700_s13_n410_7b56d896,multiscale_weighted,6,0.33296026307194077,0.42623953594851977,13,NINO12,NINO3,0.7,reference_check
reference_check_NINO3_NINO12_r700_s14_n410_edd7cf60,multiscale_equal,1,0.3333333333333333,,14,NINO12,NINO3,0.7,reference_check
reference_check_NINO3_NINO12_r700_s14_n410_edd7cf60,multiscale_equal,3,0.3333333333333333,,14,NINO12,NINO3,0.7,reference_check
reference_check_NINO3_NINO12_r700_s14_n410_edd7cf60,multiscale_equal,6,0.3333333333333333,,14,NINO12,NINO3,0.7,reference_check
reference_check_NINO3_NINO12_r700_s14_n410_edd7cf60,multiscale_weighted,1,0.3859495451146903,0.464684280575254,14,NINO12,NINO3,0.7,reference_check
reference_check_NINO3_NINO12_r700_s14_n410_edd7cf60,multiscale_weighted,3,0.4142328134881041,0.43295625183871733,14,NINO12,NINO3,0.7,reference_check
reference_check_NINO3_NINO12_r700_s14_n410_edd7cf60,multiscale_weighted,6,0.1998176413972057,0.8975418188597711,14,NINO12,NINO3,0.7,reference_check
reference_check_NINO3_NINO12_r700_s15_n410_06b86741,multiscale_equal,1,0.3333333333333333,,15,NINO12,NINO3,0.7,reference_check
reference_check_NINO3_NINO12_r700_s15_n410_06b86741,multiscale_equal,3,0.3333333333333333,,15,NINO12,NINO3,0.7,reference_check
reference_check_NINO3_NINO12_r700_s15_n410_06b86741,multiscale_equal,6,0.3333333333333333,,15,NINO12,NINO3,0.7,reference_check
reference_check_NINO3_NINO12_r700_s15_n410_06b86741,multiscale_weighted,1,0.33160843404923723,0.36063708772667274,15,NINO12,NINO3,0.7,reference_check
reference_check_NINO3_NINO12_r700_s15_n410_06b86741,multiscale_weighted,3,0.32972951862231714,0.36269212550354174,15,NINO12,NINO3,0.7,reference_check
reference_check_NINO3_NINO12_r700_s15_n410_06b86741,multiscale_weighted,6,0.3386620473284456,0.35312578056690297,15,NINO12,NINO3,0.7,reference_check
reference_check_NINO3_NINO12_r700_s16_n410_0815713e,multiscale_equal,1,0.3333333333333333,,16,NINO12,NINO3,0.7,reference_check
reference_check_NINO3_NINO12_r700_s16_n410_0815713e,multiscale_equal,3,0.3333333333333333,,16,NINO12,NINO3,0.7,reference_check
reference_check_NINO3_NINO12_r700_s16_n410_0815713e,multiscale_equal,6,0.3333333333333333,,16,NINO12,NINO3,0.7,reference_check
reference_check_NINO3_NINO12_r700_s16_n410_0815713e,multiscale_weighted,1,0.29036396412245136,0.5071298216161271,16,NINO12,NINO3,0.7,reference_check
reference_check_NINO3_NINO12_r700_s16_n410_0815713e,multiscale_weighted,3,0.33182496702364334,0.443764753548848,16,NINO12,NINO3,0.7,reference_check
reference_check_NINO3_NINO12_r700_s16_n410_0815713e,multiscale_weighted,6,0.3778110688539053,0.38975095270615456,16,NINO12,NINO3,0.7,reference_check
reference_check_NINO3_NINO12_r700_s17_n410_0ae14652,multiscale_equal,1,0.3333333333333333,,17,NINO12,NINO3,0.7,reference_check
reference_check_NINO3_NINO12_r700_s17_n410_0ae14652,multiscale_equal,3,0.3333333333333333,,17,NINO12,NINO3,0.7,reference_check
reference_check_NINO3_NINO12_r700_s17_n410_0ae14652,multiscale_equal,6,0.3333333333333333,,17,NINO12,NINO3,0.7,reference_check
reference_check_NINO3_NINO12_r700_s17_n410_0ae14652,multiscale_weighted,1,0.2586409630238833,0.9281207779283351,17,NINO12,NINO3,0.7,reference_check
reference_check_NINO3_NINO12_r700_s17_n410_0ae14652,multiscale_weighted,3,0.47907546640955195,0.5010693849812805,17,NINO12,NINO3,0.7,reference_check
reference_check_NINO3_NINO12_r700_s17_n410_0ae14652,multiscale_weighted,6,0.26228357056656487,0.9152309892919956,17,NINO12,NINO3,0.7,reference_check
reference_check_NINO3_NINO12_r700_s18_n410_0053730e,multiscale_equal,1,0.3333333333333333,,18,NINO12,NINO3,0.7,reference_check
reference_check_NINO3_NINO12_r700_s18_n410_0053730e,multiscale_equal,3,0.3333333333333333,,18,NINO12,NINO3,0.7,reference_check
reference_check_NINO3_NINO12_r700_s18_n410_0053730e,multiscale_equal,6,0.3333333333333333,,18,NINO12,NINO3,0.7,reference_check
reference_check_NINO3_NINO12_r700_s18_n410_0053730e,multiscale_weighted,1,0.5178193998929663,0.4737206210979844,18,NINO12,NINO3,0.7,reference_check
reference_check_NINO3_NINO12_r700_s18_n410_0053730e,multiscale_weighted,3,0.23929783673257368,1.0250896338963027,18,NINO12,NINO3,0.7,reference_check
reference_check_NINO3_NINO12_r700_s18_n410_0053730e,multiscale_weighted,6,0.24288276337445996,1.0099594075237983,18,NINO12,NINO3,0.7,reference_check
reference_check_NINO3_NINO12_r700_s19_n410_9182cf8e,multiscale_equal,1,0.3333333333333333,,19,NINO12,NINO3,0.7,reference_check
reference_check_NINO3_NINO12_r700_s19_n410_9182cf8e,multiscale_equal,3,0.3333333333333333,,19,NINO12,NINO3,0.7,reference_check
reference_check_NINO3_NINO12_r700_s19_n410_9182cf8e,multiscale_equal,6,0.3333333333333333,,19,NINO12,NINO3,0.7,reference_check
reference_check_NINO3_NINO12_r700_s19_n410_9182cf8e,multiscale_weighted,1,0.31836437066990286,0.4509491717621352,19,NINO12,NINO3,0.7,reference_check
reference_check_NINO3_NINO12_r700_s19_n410_9182cf8e,multiscale_weighted,3,0.3408528574584491,0.4211968472925847,19,NINO12,NINO3,0.7,reference_check
reference_check_NINO3_NINO12_r700_s19_n410_9182cf8e,multiscale_weighted,6,0.3407827718716479,0.42128347088871454,19,NINO12,NINO3,0.7,reference_check
reference_check_NINO3_NINO12_r900_s00_n410_2151c156,multiscale_equal,1,0.3333333333333333,,0,NINO12,NINO3,0.9,reference_check
reference_check_NINO3_NINO12_r900_s00_n410_2151c156,multiscale_equal,3,0.3333333333333333,,0,NINO12,NINO3,0.9,reference_check
reference_check_NINO3_NINO12_r900_s00_n410_2151c156,multiscale_equal,6,0.3333333333333333,,0,NINO12,NINO3,0.9,reference_check
reference_check_NINO3_NINO12_r900_s00_n410_2151c156,multiscale_weighted,1,0.3673782729242381,1.3490825139942053,0,NINO12,NINO3,0.9,reference_check
reference_check_NINO3_NINO12_r900_s00_n410_2151c156,multiscale_weighted,3,0.2996901704335697,1.6537866581848288,0,NINO12,NINO3,0.9,reference_check
reference_check_NINO3_NINO12_r900_s00_n410_2151c156,multiscale_weighted,6,0.3329315566421921,1.4886651471227295,0,NINO12,NINO3,0.9,reference_check
reference_check_NINO3_NINO12_r900_s01_n410_93223334,multiscale_equal,1,0.3333333333333333,,1,NINO12,NINO3,0.9,reference_check
reference_check_NINO3_NINO12_r900_s01_n410_93223334,multiscale_equal,3,0.3333333333333333,,1,NINO12,NINO3,0.9,reference_check
reference_check_NINO3_NINO12_r900_s01_n410_93223334,multiscale_equal,6,0.3333333333333333,,1,NINO12,NINO3,0.9,reference_check
reference_check_NINO3_NINO12_r900_s01_n410_93223334,multiscale_weighted,1,0.32632656228049883,0.756097816159302,1,NINO12,NINO3,0.9,reference_check
reference_check_NINO3_NINO12_r900_s01_n410_93223334,multiscale_weighted,3,0.37101649119940594,0.6650238099084593,1,NINO12,NINO3,0.9,reference_check
reference_check_NINO3_NINO12_r900_s01_n410_93223334,multiscale_weighted,6,0.3026569465200952,0.8152292694369417,1,NINO12,NINO3,0.9,reference_check
reference_check_NINO3_NINO12_r900_s02_n410_9ffa34b5,multiscale_equal,1,0.3333333333333333,,2,NINO12,NINO3,0.9,reference_check
reference_check_NINO3_NINO12_r900_s02_n410_9ffa34b5,multiscale_equal,3,0.3333333333333333,,2,NINO12,NINO3,0.9,reference_check
reference_check_NINO3_NINO12_r900_s02_n410_9ffa34b5,multiscale_equal,6,0.3333333333333333,,2,NINO12,NINO3,0.9,reference_check
reference_check_NINO3_NINO12_r900_s02_n410_9ffa34b5,multiscale_weighted,1,0.2801971069045556,0.681279031305626,2,NINO12,NINO3,0.9,reference_check
reference_check_NINO3_NINO12_r900_s02_n410_9ffa34b5,multiscale_weighted,3,0.17982174509635787,1.0615646882742564,2,NINO12,NINO3,0.9,reference_check
reference_check_NINO3_NINO12_r900_s02_n410_9ffa34b5,multiscale_weighted,6,0.5399811479990865,0.35351680542594355,2,NINO12,NINO3,0.9,reference_check
reference_check_NINO3_NINO12_r900_s03_n410_39a77b3c,multiscale_equal,1,0.3333333333333333,,3,NINO12,NINO3,0.9,reference_check
reference_check_NINO3_NINO12_r900_s03_n410_39a77b3c,multiscale_equal,3,0.3333333333333333,,3,NINO12,NINO3,0.9,reference_check
reference_check_NINO3_NINO12_r900_s03_n410_39a77b3c,multiscale_equal,6,0.3333333333333333,,3,NINO12,NINO3,0.9,reference_check
reference_check_NINO3_NINO12_r900_s03_n410_39a77b3c,multiscale_weighted,1,0.37461524591278694,0.2666158978842945,3,NINO12,NINO3,0.9,reference_check
reference_check_NINO3_NINO12_r900_s03_n410_39a77b3c,multiscale_weighted,3,0.30433889733705993,0.3281814507671366,3,NINO12,NINO3,0.9,reference_check
reference_check_NINO3_NINO12_r900_s03_n410_39a77b3c,multiscale_weighted,6,0.32104585675015307,0.3111031604547557,3,NINO12,NINO3,0.9,reference_check
reference_check_NINO3_NINO12_r900_s04_n410_f5b6a744,multiscale_equal,1,0.3333333333333333,,4,NINO12,NINO3,0.9,reference_check
reference_check_NINO3_NINO12_r900_s04_n410_f5b6a744,multiscale_equal,3,0.3333333333333333,,4,NINO12,NINO3,0.9,reference_check
reference_check_NINO3_NINO12_r900_s04_n410_f5b6a744,multiscale_equal,6,0.3333333333333333,,4,NINO12,NINO3,0.9,reference_check
reference_check_NINO3_NINO12_r900_s04_n410_f5b6a744,multiscale_weighted,1,0.32574414348790115,0.4310009236554073,4,NINO12,NINO3,0.9,reference_check
reference_check_NINO3_NINO12_r900_s04_n410_f5b6a744,multiscale_weighted,3,0.3462926011526693,0.4054260066518467,4,NINO12,NINO3,0.9,reference_check
reference_check_NINO3_NINO12_r900_s04_n410_f5b6a744,multiscale_weighted,6,0.3279632553594297,0.4280846234811789,4,NINO12,NINO3,0.9,reference_check
reference_check_NINO3_NINO12_r900_s05_n410_c859d8ec,multiscale_equal,1,0.3333333333333333,,5,NINO12,NINO3,0.9,reference_check
reference_check_NINO3_NINO12_r900_s05_n410_c859d8ec,multiscale_equal,3,0.3333333333333333,,5,NINO12,NINO3,0.9,reference_check
reference_check_NINO3_NINO12_r900_s05_n410_c859d8ec,multiscale_equal,6,0.3333333333333333,,5,NINO12,NINO3,0.9,reference_check
reference_check_NINO3_NINO12_r900_s05_n410_c859d8ec,multiscale_weighted,1,0.4083754980792741,0.5121863828328566,5,NINO12,NINO3,0.9,reference_check
reference_check_NINO3_NINO12_r900_s05_n410_c859d8ec,multiscale_weighted,3,0.3132478509213615,0.6677280292102472,5,NINO12,NINO3,0.9,reference_check
reference_check_NINO3_NINO12_r900_s05_n410_c859d8ec,multiscale_weighted,6,0.2783766509993644,0.7513718185339315,5,NINO12,NINO3,0.9,reference_check
reference_check_NINO3_NINO12_r900_s06_n410_34c746db,multiscale_equal,1,0.3333333333333333,,6,NINO12,NINO3,0.9,reference_check
reference_check_NINO3_NINO12_r900_s06_n410_34c746db,multiscale_equal,3,0.3333333333333333,,6,NINO12,NINO3,0.9,reference_check
reference_check_NINO3_NINO12_r900_s06_n410_34c746db,multiscale_equal,6,0.3333333333333333,,6,NINO12,NINO3,0.9,reference_check
reference_check_NINO3_NINO12_r900_s06_n410_34c746db,multiscale_weighted,1,0.2557074413423661,0.7587438890198531,6,NINO12,NINO3,0.9,reference_check
reference_check_NINO3_NINO12_r900_s06_n410_34c746db,multiscale_weighted,3,0.2655803179823485,0.7305377893179438,6,NINO12,NINO3,0.9,reference_check
reference_check_NINO3_NINO12_r900_s06_n410_34c746db,multiscale_weighted,6,0.47871224067528534,0.4052882703221594,6,NINO12,NINO3,0.9,reference_check
reference_check_NINO3_NINO12_r900_s07_n410_3b22cbf2,multiscale_equal,1,0.3333333333333333,,7,NINO12,NINO3,0.9,reference_check
reference_check_NINO3_NINO12_r900_s07_n410_3b22cbf2,multiscale_equal,3,0.3333333333333333,,7,NINO12,NINO3,0.9,reference_check
reference_check_NINO3_NINO12_r900_s07_n410_3b22cbf2,multiscale_equal,6,0.3333333333333333,,7,NINO12,NINO3,0.9,reference_check
reference_check_NINO3_NINO12_r900_s07_n410_3b22cbf2,multiscale_weighted,1,0.38049007471329926,1.089244702523477,7,NINO12,NINO3,0.9,reference_check
reference_check_NINO3_NINO12_r900_s07_n410_3b22cbf2,multiscale_weighted,3,0.3278725892630134,1.264048330202808,7,NINO12,NINO3,0.9,reference_check
reference_check_NINO3_NINO12_r900_s07_n410_3b22cbf2,multiscale_weighted,6,0.2916373360236873,1.4211033646538214,7,NINO12,NINO3,0.9,reference_check
reference_check_NINO3_NINO12_r900_s08_n410_681c8aa1,multiscale_equal,1,0.3333333333333333,,8,NINO12,NINO3,0.9,reference_check
reference_check_NINO3_NINO12_r900_s08_n410_681c8aa1,multiscale_equal,3,0.3333333333333333,,8,NINO12,NINO3,0.9,reference_check
reference_check_NINO3_NINO12_r900_s08_n410_681c8aa1,multiscale_equal,6,0.3333333333333333,,8,NINO12,NINO3,0.9,reference_check
reference_check_NINO3_NINO12_r900_s08_n410_681c8aa1,multiscale_weighted,1,0.3913755118175567,0.553235247354854,8,NINO12,NINO3,0.9,reference_check
reference_check_NINO3_NINO12_r900_s08_n410_681c8aa1,multiscale_weighted,3,0.303561905944171,0.7132737180608237,8,NINO12,NINO3,0.9,reference_check
reference_check_NINO3_NINO12_r900_s08_n410_681c8aa1,multiscale_weighted,6,0.3050625822382724,0.7097649528330882,8,NINO12,NINO3,0.9,reference_check
reference_check_NINO3_NINO12_r900_s09_n410_d5d3d0ac,multiscale_equal,1,0.3333333333333333,,9,NINO12,NINO3,0.9,reference_check
reference_check_NINO3_NINO12_r900_s09_n410_d5d3d0ac,multiscale_equal,3,0.3333333333333333,,9,NINO12,NINO3,0.9,reference_check
reference_check_NINO3_NINO12_r900_s09_n410_d5d3d0ac,multiscale_equal,6,0.3333333333333333,,9,NINO12,NINO3,0.9,reference_check
reference_check_NINO3_NINO12_r900_s09_n410_d5d3d0ac,multiscale_weighted,1,0.3210187231923315,0.32065867330601794,9,NINO12,NINO3,0.9,reference_check
reference_check_NINO3_NINO12_r900_s09_n410_d5d3d0ac,multiscale_weighted,3,0.33158212356093103,0.31044326710693054,9,NINO12,NINO3,0.9,reference_check
reference_check_NINO3_NINO12_r900_s09_n410_d5d3d0ac,multiscale_weighted,6,0.34739915324673737,0.296308832625877,9,NINO12,NINO3,0.9,reference_check
reference_check_NINO3_NINO12_r900_s10_n410_95b373f8,multiscale_equal,1,0.3333333333333333,,10,NINO12,NINO3,0.9,reference_check
reference_check_NINO3_NINO12_r900_s10_n410_95b373f8,multiscale_equal,3,0.3333333333333333,,10,NINO12,NINO3,0.9,reference_check
reference_check_NINO3_NINO12_r900_s10_n410_95b373f8,multiscale_equal,6,0.3333333333333333,,10,NINO12,NINO3,0.9,reference_check
reference_check_NINO3_NINO12_r900_s10_n410_95b373f8,multiscale_weighted,1,0.3595146711492887,0.7199508399263326,10,NINO12,NINO3,0.9,reference_check
reference_check_NINO3_NINO12_r900_s10_n410_95b373f8,multiscale_weighted,3,0.27409203422154504,0.9443283961490153,10,NINO12,NINO3,0.9,reference_check
reference_check_NINO3_NINO12_r900_s10_n410_95b373f8,multiscale_weighted,6,0.36639329462916626,0.7064345694202241,10,NINO12,NINO3,0.9,reference_check
reference_check_NINO3_NINO12_r900_s11_n410_1ff16088,multiscale_equal,1,0.3333333333333333,,11,NINO12,NINO3,0.9,reference_check
reference_check_NINO3_NINO12_r900_s11_n410_1ff16088,multiscale_equal,3,0.3333333333333333,,11,NINO12,NINO3,0.9,reference_check
reference_check_NINO3_NINO12_r900_s11_n410_1ff16088,multiscale_equal,6,0.3333333333333333,,11,NINO12,NINO3,0.9,reference_check
reference_check_NINO3_NINO12_r900_s11_n410_1ff16088,multiscale_weighted,1,0.20962822657344024,0.6153190802273903,11,NINO12,NINO3,0.9,reference_check
reference_check_NINO3_NINO12_r900_s11_n410_1ff16088,multiscale_weighted,3,0.42536507621406444,0.3032412687838683,11,NINO12,NINO3,0.9,reference_check
reference_check_NINO3_NINO12_r900_s11_n410_1ff16088,multiscale_weighted,6,0.3650066972124954,0.35338597071272543,11,NINO12,NINO3,0.9,reference_check
reference_check_NINO3_NINO12_r900_s12_n410_4951969f,multiscale_equal,1,0.3333333333333333,,12,NINO12,NINO3,0.9,reference_check
reference_check_NINO3_NINO12_r900_s12_n410_4951969f,multiscale_equal,3,0.3333333333333333,,12,NINO12,NINO3,0.9,reference_check
reference_check_NINO3_NINO12_r900_s12_n410_4951969f,multiscale_equal,6,0.3333333333333333,,12,NINO12,NINO3,0.9,reference_check
reference_check_NINO3_NINO12_r900_s12_n410_4951969f,multiscale_weighted,1,0.3516649868367938,0.5639222264185744,12,NINO12,NINO3,0.9,reference_check
reference_check_NINO3_NINO12_r900_s12_n410_4951969f,multiscale_weighted,3,0.3166985855043088,0.6261843650622473,12,NINO12,NINO3,0.9,reference_check
reference_check_NINO3_NINO12_r900_s12_n410_4951969f,multiscale_weighted,6,0.3316364276588974,0.5979792507435923,12,NINO12,NINO3,0.9,reference_check
reference_check_NINO3_NINO12_r900_s13_n410_765a4efa,multiscale_equal,1,0.3333333333333333,,13,NINO12,NINO3,0.9,reference_check
reference_check_NINO3_NINO12_r900_s13_n410_765a4efa,multiscale_equal,3,0.3333333333333333,,13,NINO12,NINO3,0.9,reference_check
reference_check_NINO3_NINO12_r900_s13_n410_765a4efa,multiscale_equal,6,0.3333333333333333,,13,NINO12,NINO3,0.9,reference_check
reference_check_NINO3_NINO12_r900_s13_n410_765a4efa,multiscale_weighted,1,0.24084196071430686,0.6337458212159222,13,NINO12,NINO3,0.9,reference_check
reference_check_NINO3_NINO12_r900_s13_n410_765a4efa,multiscale_weighted,3,0.25508858865779954,0.5983512897883138,13,NINO12,NINO3,0.9,reference_check
reference_check_NINO3_NINO12_r900_s13_n410_765a4efa,multiscale_weighted,6,0.5040694506278935,0.3028007020733745,13,NINO12,NINO3,0.9,reference_check
reference_check_NINO3_NINO12_r900_s14_n410_90355ec0,multiscale_equal,1,0.3333333333333333,,14,NINO12,NINO3,0.9,reference_check
reference_check_NINO3_NINO12_r900_s14_n410_90355ec0,multiscale_equal,3,0.3333333333333333,,14,NINO12,NINO3,0.9,reference_check
reference_check_NINO3_NINO12_r900_s14_n410_90355ec0,multiscale_equal,6,0.3333333333333333,,14,NINO12,NINO3,0.9,reference_check
reference_check_NINO3_NINO12_r900_s14_n410_90355ec0,multiscale_weighted,1,0.2930406098959333,0.9235619573051673,14,NINO12,NINO3,0.9,reference_check
reference_check_NINO3_NINO12_r900_s14_n410_90355ec0,multiscale_weighted,3,0.3341630889597422,0.8099074008343524,14,NINO12,NINO3,0.9,reference_check
reference_check_NINO3_NINO12_r900_s14_n410_90355ec0,multiscale_weighted,6,0.37279630114432455,0.725975975665743,14,NINO12,NINO3,0.9,reference_check
reference_check_NINO3_NINO12_r900_s15_n410_44b89eb0,multiscale_equal,1,0.3333333333333333,,15,NINO12,NINO3,0.9,reference_check
reference_check_NINO3_NINO12_r900_s15_n410_44b89eb0,multiscale_equal,3,0.3333333333333333,,15,NINO12,NINO3,0.9,reference_check
reference_check_NINO3_NINO12_r900_s15_n410_44b89eb0,multiscale_equal,6,0.3333333333333333,,15,NINO12,NINO3,0.9,reference_check
reference_check_NINO3_NINO12_r900_s15_n410_44b89eb0,multiscale_weighted,1,0.3643403393091218,0.5951051582283897,15,NINO12,NINO3,0.9,reference_check
reference_check_NINO3_NINO12_r900_s15_n410_44b89eb0,multiscale_weighted,3,0.16040844000726476,1.3516796216285378,15,NINO12,NINO3,0.9,reference_check
reference_check_NINO3_NINO12_r900_s15_n410_44b89eb0,multiscale_weighted,6,0.4752512206836136,0.45622357932241125,15,NINO12,NINO3,0.9,reference_check
reference_check_NINO3_NINO12_r900_s16_n410_fe50487e,multiscale_equal,1,0.3333333333333333,,16,NINO12,NINO3,0.9,reference_check
reference_check_NINO3_NINO12_r900_s16_n410_fe50487e,multiscale_equal,3,0.3333333333333333,,16,NINO12,NINO3,0.9,reference_check
reference_check_NINO3_NINO12_r900_s16_n410_fe50487e,multiscale_equal,6,0.3333333333333333,,16,NINO12,NINO3,0.9,reference_check
reference_check_NINO3_NINO12_r900_s16_n410_fe50487e,multiscale_weighted,1,0.19508054530312283,1.2097685917787562,16,NINO12,NINO3,0.9,reference_check
reference_check_NINO3_NINO12_r900_s16_n410_fe50487e,multiscale_weighted,3,0.34761439490987245,0.6789198551395998,16,NINO12,NINO3,0.9,reference_check
reference_check_NINO3_NINO12_r900_s16_n410_fe50487e,multiscale_weighted,6,0.45730505978700464,0.5160719484556086,16,NINO12,NINO3,0.9,reference_check
reference_check_NINO3_NINO12_r900_s17_n410_6a490346,multiscale_equal,1,0.3333333333333333,,17,NINO12,NINO3,0.9,reference_check
reference_check_NINO3_NINO12_r900_s17_n410_6a490346,multiscale_equal,3,0.3333333333333333,,17,NINO12,NINO3,0.9,reference_check
reference_check_NINO3_NINO12_r900_s17_n410_6a490346,multiscale_equal,6,0.3333333333333333,,17,NINO12,NINO3,0.9,reference_check
reference_check_NINO3_NINO12_r900_s17_n410_6a490346,multiscale_weighted,1,0.3221762398526913,0.7057445817036619,17,NINO12,NINO3,0.9,reference_check
reference_check_NINO3_NINO12_r900_s17_n410_6a490346,multiscale_weighted,3,0.3291687514138676,0.6907524926871266,17,NINO12,NINO3,0.9,reference_check
reference_check_NINO3_NINO12_r900_s17_n410_6a490346,multiscale_weighted,6,0.34865500873344113,0.652146476163999,17,NINO12,NINO3,0.9,reference_check
reference_check_NINO3_NINO12_r900_s18_n410_eba83f84,multiscale_equal,1,0.3333333333333333,,18,NINO12,NINO3,0.9,reference_check
reference_check_NINO3_NINO12_r900_s18_n410_eba83f84,multiscale_equal,3,0.3333333333333333,,18,NINO12,NINO3,0.9,reference_check
reference_check_NINO3_NINO12_r900_s18_n410_eba83f84,multiscale_equal,6,0.3333333333333333,,18,NINO12,NINO3,0.9,reference_check
reference_check_NINO3_NINO12_r900_s18_n410_eba83f84,multiscale_weighted,1,0.3724044159120607,0.3985577280051864,18,NINO12,NINO3,0.9,reference_check
reference_check_NINO3_NINO12_r900_s18_n410_eba83f84,multiscale_weighted,3,0.3328024666461526,0.4459842506916517,18,NINO12,NINO3,0.9,reference_check
reference_check_NINO3_NINO12_r900_s18_n410_eba83f84,multiscale_weighted,6,0.2947931174417867,0.5034875331604071,18,NINO12,NINO3,0.9,reference_check
reference_check_NINO3_NINO12_r900_s19_n410_7925e8f9,multiscale_equal,1,0.3333333333333333,,19,NINO12,NINO3,0.9,reference_check
reference_check_NINO3_NINO12_r900_s19_n410_7925e8f9,multiscale_equal,3,0.3333333333333333,,19,NINO12,NINO3,0.9,reference_check
reference_check_NINO3_NINO12_r900_s19_n410_7925e8f9,multiscale_equal,6,0.3333333333333333,,19,NINO12,NINO3,0.9,reference_check
reference_check_NINO3_NINO12_r900_s19_n410_7925e8f9,multiscale_weighted,1,0.3088261478401779,0.5007403278478131,19,NINO12,NINO3,0.9,reference_check
reference_check_NINO3_NINO12_r900_s19_n410_7925e8f9,multiscale_weighted,3,0.45695227347365625,0.3384198175787779,19,NINO12,NINO3,0.9,reference_check
reference_check_NINO3_NINO12_r900_s19_n410_7925e8f9,multiscale_weighted,6,0.2342215786861658,0.660236807101616,19,NINO12,NINO3,0.9,reference_check
